yaw,r,theta,Fn_BEM,Ft_BEM,Fn_SVEN,Ft_SVEN,Fn_Castor,Ft_Castor
5.0,0.211940703974,0.0,3.9914588932018567,2.4430449859422643,8.582593111611006,5.092240132094975,9.49566682,5.23088261
5.0,0.211940703974,10.0,4.013357349923161,2.453881113246568,8.610920195586605,5.140917181119992,9.52506896,5.27593214
5.0,0.211940703974,20.0,4.038517173741785,2.4769250549630453,8.647181174014294,5.212666005374158,9.56364356,5.34554873
5.0,0.211940703974,30.0,4.0662319015394,2.511613922155385,8.690382255789261,5.3057053756211845,9.61042117,5.43804446
5.0,0.211940703974,40.0,4.095724712483958,2.557071313032815,8.739380131093752,5.417630124818939,9.66407018,5.55110272
5.0,0.211940703974,50.0,4.126163070053938,2.6121129840084976,8.792834309730786,5.545513885978828,9.72321208,5.68181137
5.0,0.211940703974,60.0,4.156674949757685,2.6752597757588545,8.849177404614679,5.685873764714412,9.78620263,5.82667714
5.0,0.211940703974,70.0,4.186367642244986,2.7447599613891787,8.906488499007274,5.834672188280616,9.8513513,5.98167374
5.0,0.211940703974,80.0,4.21434984616191,2.818622871362057,8.963109599223069,5.98757144168179,9.91658703,6.1423267
5.0,0.211940703974,90.0,4.239757214913419,2.894665025188024,9.040400113198572,6.146322758040731,9.97958311,6.30372221
5.0,0.211940703974,100.0,4.261780807659406,2.9705690798167366,9.090228318106226,6.29352395016137,10.0382158,6.46081358
5.0,0.211940703974,110.0,4.279697167174142,3.0439547515113645,9.133918701669687,6.430345245975187,10.0905787,6.60851482
5.0,0.211940703974,120.0,4.292898156992015,3.112459593669884,9.16985846391836,6.552146563133902,10.1349841,6.74188564
5.0,0.211940703974,130.0,4.3009183553689,3.173826267049547,9.196712201922956,6.654732948839457,10.1700542,6.85640712
5.0,0.211940703974,140.0,4.303457784716903,3.2259918835757824,9.21364926792959,6.734532344391138,10.1943774,6.94798872
5.0,0.211940703974,150.0,4.300398048541047,3.2671742870171223,9.220006634277096,6.788661001311198,10.2066876,7.01321992
5.0,0.211940703974,160.0,4.291810493188074,3.2959498598897565,9.21575768205507,6.815300049157936,10.2065705,7.04974568
5.0,0.211940703974,170.0,4.2779557105662,3.31131766829382,9.201051459736751,6.81356530226211,10.1943975,7.05636839
5.0,0.211940703974,180.0,4.2592744368833895,3.3127454695123295,9.176401438298385,6.783512356210725,10.1707356,7.03291094
5.0,0.211940703974,190.0,4.236370574553557,3.300194253104442,9.142718926039114,6.726325971932702,10.1364335,6.98026059
5.0,0.211940703974,200.0,4.209987586958483,3.274119464255552,9.101240115318705,6.644123125108966,10.0928021,6.90039617
5.0,0.211940703974,210.0,4.180979841103392,3.2354487363829154,9.053301973882578,6.539812971620489,10.0413909,6.79623018
5.0,0.211940703974,220.0,4.150280593148679,3.185537686152395,9.000549145885236,6.417120667265306,9.98360943,6.67137527
5.0,0.211940703974,230.0,4.118868254927256,3.126106935927228,8.944711202648937,6.280268761624782,9.92119134,6.53010165
5.0,0.211940703974,240.0,4.087732402195693,3.0591648653389187,8.887401340393895,6.133813912872175,9.85642061,6.37725215
5.0,0.211940703974,250.0,4.057840757053213,2.9869215093413395,8.830312497130876,5.982454531972128,9.79155058,6.2178947
5.0,0.211940703974,260.0,4.030108162560917,2.9116994015825677,8.775096817313157,5.83078378741532,9.72846035,6.05701505
5.0,0.211940703974,270.0,4.005368409665475,2.835846949063832,8.723380448109808,5.68330025121715,9.66885811,5.89943235
5.0,0.211940703974,280.0,3.9843496828306173,2.7616591296012065,8.676579964138083,5.544204121738901,9.61415657,5.74969982
5.0,0.211940703974,290.0,3.9676543319094004,2.691309025945791,8.635840959533029,5.417345227494292,9.56579589,5.61197563
5.0,0.211940703974,300.0,3.9557435979155775,2.6267921312603484,8.602132593402535,5.306157325955955,9.52529088,5.49006071
5.0,0.211940703974,310.0,3.9489277597475554,2.5698837218315536,8.576434353261494,5.213588949381773,9.49379777,5.38716805
5.0,0.211940703974,320.0,3.947361891440068,2.5221081524074744,8.559336909201756,5.141958999178809,9.47194485,5.30590589
5.0,0.211940703974,330.0,3.9510470345609576,2.4847179060430764,8.55122849145293,5.093027156714155,9.46024471,5.24827684
5.0,0.211940703974,340.0,3.9598361590678595,2.458679752877462,8.55242676794834,5.068077916797287,9.45896433,5.21571058
5.0,0.211940703974,350.0,3.973443907058956,2.4446654534998182,8.562947229726063,5.067782100813993,9.46816909,5.20901726
5.0,0.219688749936,0.0,5.731463897500379,3.659306918983945,8.77909265479101,5.402030915514996,9.67777047,5.53888011
5.0,0.219688749936,10.0,5.746262624337673,3.6713790229122583,8.808299790140351,5.452068005831381,9.70824642,5.58511838
5.0,0.219688749936,20.0,5.767267922593601,3.7018495807920786,8.845721470107135,5.525835541188056,9.74809973,5.65652881
5.0,0.219688749936,30.0,5.793925557769341,3.749986837769626,8.890265509256352,5.621483699965036,9.79633059,5.75137635
5.0,0.219688749936,40.0,5.825535501466797,3.814607391150898,8.940754822370813,5.736531368225701,9.85157906,5.86729021
5.0,0.219688749936,50.0,5.861258346170682,3.894079849850601,8.99579058637512,5.867975189273523,9.91235536,6.0012744
5.0,0.219688749936,60.0,5.900124416815936,3.986335762577435,9.053736861853665,6.012214778543925,9.97697849,6.14973703
5.0,0.219688749936,70.0,5.941047777370085,4.088891721472934,9.112599755144451,6.165097793478111,10.0436928,6.30856626
5.0,0.219688749936,80.0,5.982846975443759,4.198886614822877,9.170691452605112,6.322176642486816,10.1104389,6.47318211
5.0,0.219688749936,90.0,6.024273572557228,4.313137456513084,9.249688946280608,6.4852729134033495,10.1747308,6.63851759
5.0,0.219688749936,100.0,6.064048429609175,4.428216007810355,9.300672460229984,6.636434411568343,10.2343942,6.79939449
5.0,0.219688749936,110.0,6.1009045636926205,4.540546580210041,9.34529036515805,6.776905280482822,10.2875509,6.95063297
5.0,0.219688749936,120.0,6.133634371011018,4.646523138937879,9.3819155610972,6.901932375221329,10.3324768,7.0871646
5.0,0.219688749936,130.0,6.161138284320367,4.742641391197726,9.409170683919582,7.007199167190134,10.3678087,7.20437025
5.0,0.219688749936,140.0,6.182471593465379,4.825639274733862,9.426251955897657,7.089062202983811,10.3920654,7.29804942
5.0,0.219688749936,150.0,6.196886217560334,4.892637491225687,9.432496424448772,7.144561703598306,10.4040659,7.36475361
5.0,0.219688749936,160.0,6.203864624251659,4.941270725899185,9.427895773176015,7.171835746377641,10.4033411,7.40203787
5.0,0.219688749936,170.0,6.203143748744639,4.969800128270093,9.412629734934043,7.169998135200025,10.3903494,7.40869184
5.0,0.219688749936,180.0,6.19472755854751,4.977198545637769,9.387237679423018,7.13909496358179,10.3656945,7.38456226
5.0,0.219688749936,190.0,6.178887729975537,4.96320182475008,9.35266043692759,7.080363762035401,10.330313,7.33056476
5.0,0.219688749936,200.0,6.156152661947984,4.928322044473335,9.310150772981885,6.995959413535918,10.2854639,7.24870042
5.0,0.219688749936,210.0,6.127285695150874,4.87382154760333,9.26108671516329,6.888872590709962,10.2327974,7.14198041
5.0,0.219688749936,220.0,6.093253906975507,4.801649785827783,9.207122184801806,6.762912685217401,10.1737101,7.0140785
5.0,0.219688749936,230.0,6.055189220129491,4.714347942709701,9.150018844739597,6.6224105165016525,10.1099178,6.86936052
5.0,0.219688749936,240.0,6.014343819482914,4.61492873612126,9.091401079445816,6.472039394617441,10.0437913,6.71278562
5.0,0.219688749936,250.0,5.972042046621537,4.506740455731216,9.032984673521588,6.316615346930484,9.97763368,6.5495561
5.0,0.219688749936,260.0,5.929631054202503,4.3933249796791785,8.976456995083106,6.160851187464874,9.91331204,6.38476344
5.0,0.219688749936,270.0,5.888432550658619,4.278279168129638,8.923479910214027,6.009368548216656,9.85257484,6.22335592
5.0,0.219688749936,280.0,5.849697922342123,4.165127713706347,8.875530054009277,5.866492065512212,9.7968326,6.06998226
5.0,0.219688749936,290.0,5.814568837624093,4.05721343874327,8.833739763467714,5.736155152151654,9.74758185,5.92891404
5.0,0.219688749936,300.0,5.784045067021652,3.9576084795892057,8.799121716190767,5.621907597001741,9.7063794,5.80403981
5.0,0.219688749936,310.0,5.758960670509711,3.8690471684563144,8.772704751492265,5.526775558447748,9.67437166,5.69865552
5.0,0.219688749936,320.0,5.739968932199769,3.7938790927061476,8.755110845537487,5.453156903472801,9.65230801,5.61545296
5.0,0.219688749936,330.0,5.7275355501191845,3.7340390859800388,8.746748838619311,5.402850862224251,9.64060809,5.55646747
5.0,0.219688749936,340.0,5.7219387564148105,3.691029960153791,8.74797119407774,5.377196931055665,9.63960126,5.52316155
5.0,0.219688749936,350.0,5.723274417980463,3.665913642077702,8.758826477499133,5.376891972162556,9.64936138,5.51637499
5.0,0.235125874557,0.0,5.357920955617913,3.7003329795457174,7.105205452455508,4.6632706357510045,7.71382826,4.74740822
5.0,0.235125874557,10.0,5.365924010168906,3.710567377767442,7.129157499547579,4.703951954369363,7.73882366,4.78482396
5.0,0.235125874557,20.0,5.3805440760372365,3.738734640969068,7.159826139786172,4.76393798270471,7.77133562,4.84252651
5.0,0.235125874557,30.0,5.40140826370333,3.7841648875176603,7.19629664432892,4.841709537508542,7.81048792,4.91910647
5.0,0.235125874557,40.0,5.427982368433012,3.845756398836008,7.237565450616555,4.935239864625544,7.85518954,5.01266124
5.0,0.235125874557,50.0,5.459573673323345,3.921976900740015,7.282464277435275,5.042058513638488,7.90418215,5.12074523
5.0,0.235125874557,60.0,5.495336692054909,4.010870579197084,7.329637796998828,5.159241459257049,7.95612177,5.24046967
5.0,0.235125874557,70.0,5.5342839308117995,4.1100749856151015,7.377420968496689,5.283392408923512,8.00955749,5.36851761
5.0,0.235125874557,80.0,5.575303447147418,4.216852206794533,7.4244488259665316,5.410896567641724,8.06282253,5.50117409
5.0,0.235125874557,90.0,5.617184291377255,4.32813823259008,7.488037420479465,5.543300829076905,8.11394735,5.63436225
5.0,0.235125874557,100.0,5.658649969585697,4.440613287816949,7.529086853080765,5.6658912836693816,8.16114309,5.76390192
5.0,0.235125874557,110.0,5.698399041762913,4.550794052408586,7.564876932582504,5.7797652362269885,8.20293047,5.88560842
5.0,0.235125874557,120.0,5.735151036474395,4.655146349808842,7.594084878773162,5.881056469848121,8.23802984,5.99543695
5.0,0.235125874557,130.0,5.767695159757817,4.7502143215737656,7.615637776969748,5.966286641022463,8.26535334,6.08967156
5.0,0.235125874557,140.0,5.794938878038901,4.832759673454689,7.628925608318826,6.0325119186599645,8.283786,6.16493028
5.0,0.235125874557,150.0,5.815953379657151,4.8999026258191885,7.633464775537966,6.0773573997547246,8.29236376,6.21843926
5.0,0.235125874557,160.0,5.830013134121458,4.949255024568149,7.629287784608434,6.099335491384564,8.290813,6.24824694
5.0,0.235125874557,170.0,5.836627207621177,4.979035861755038,7.616574369371718,6.0977374834038685,8.27954214,6.25340592
5.0,0.235125874557,180.0,5.835560579805366,4.988160284548105,7.595784635396392,6.072615492761757,8.25907717,6.23379337
5.0,0.235125874557,190.0,5.826844365655511,4.976294971315,7.567697997488383,6.024976165510362,8.23021754,6.19016609
5.0,0.235125874557,200.0,5.810774515838193,4.943875338833613,7.533322047961472,5.956554646320729,8.19402278,6.1241506
5.0,0.235125874557,210.0,5.787899206032647,4.8920831354981,7.493747560640091,5.869773423464715,8.15172741,6.03813406
5.0,0.235125874557,220.0,5.758995705432174,4.82278623298681,7.450277109261961,5.767693841324454,8.10447215,5.93508779
5.0,0.235125874557,230.0,5.725038026024828,4.738445493841224,7.404331701751111,5.653821531781612,8.05358078,5.81850532
5.0,0.235125874557,240.0,5.687157094170888,4.641996126205381,7.357149842415566,5.531923277051032,8.0009166,5.69237078
5.0,0.235125874557,250.0,5.646595550188473,4.536712661022024,7.310090967146759,5.405893913155649,7.94834444,5.56089313
5.0,0.235125874557,260.0,5.604659557425433,4.426067418167845,7.264516735636252,5.279551097736249,7.89731223,5.42816574
5.0,0.235125874557,270.0,5.562670163676943,4.313592005500329,7.22178198985025,5.156639436111391,7.84917351,5.29815645
5.0,0.235125874557,280.0,5.5219167664506195,4.202750093545804,7.1830659633044895,5.040671166020215,7.80503801,5.17462611
5.0,0.235125874557,290.0,5.483615047317353,4.096827634794752,7.1492813294322985,4.9348464426564655,7.76610096,5.06100615
5.0,0.235125874557,300.0,5.448871328997004,3.998844161262446,7.121231055901323,4.842049826316676,7.73356235,4.96041988
5.0,0.235125874557,310.0,5.418654672550812,3.9114861651066546,7.0997817153423695,4.764750563089957,7.70844972,4.87557385
5.0,0.235125874557,320.0,5.3937772190864495,3.8370612071153114,7.085474619528951,4.704901128054015,7.69128933,4.80859722
5.0,0.235125874557,330.0,5.374882391553309,3.7774695995119596,7.078670588908225,4.663987202088532,7.6824528,4.76116373
5.0,0.235125874557,340.0,5.3624397499634835,3.734189446850029,7.079692033833044,4.643110773997599,7.68222244,4.73444081
5.0,0.235125874557,350.0,5.356744693496966,3.708270538129452,7.0885830922104525,4.64283733466565,7.69058731,4.72909298
5.0,0.258134591992,0.0,3.670344128511677,2.8185130509187193,4.714744577524608,3.3235976074872013,4.83845221,3.30428122
5.0,0.258134591992,10.0,3.6740518114620584,2.8253313510794946,4.730881912641428,3.350255377826592,4.85469387,3.32841489
5.0,0.258134591992,20.0,3.68265650027181,2.8449813054890587,4.751522010692461,3.389556113153995,4.87561129,3.36554882
5.0,0.258134591992,30.0,3.6959389406183596,2.8769962966291946,4.776014555995944,3.4404889772518543,4.90065185,3.41477949
5.0,0.258134591992,40.0,3.713556894988937,2.920602292425606,4.803639475540061,3.50170265827075,4.92910332,3.47486611
5.0,0.258134591992,50.0,3.7350473069124845,2.974718269783583,4.833589743845335,3.571562714791524,4.96012211,3.54423588
5.0,0.258134591992,60.0,3.759830814041281,3.0379604688235786,4.864932867946703,3.6481348149137207,4.99281667,3.62102709
5.0,0.258134591992,70.0,3.7872198602023213,3.108653556114438,4.896512570988343,3.729183616753793,5.02632755,3.7031143
5.0,0.258134591992,80.0,3.8164314691643435,3.1848519404070887,4.9274693775925495,3.812351957528272,5.05957708,3.78811103
5.0,0.258134591992,90.0,3.846605321084223,3.264374154646045,4.96907166575025,3.8987461455164816,5.09131321,3.87339752
5.0,0.258134591992,100.0,3.876827197936044,3.34485236031551,4.995853059724996,3.978568871476612,5.12039287,3.95627959
5.0,0.258134591992,110.0,3.9061572395755877,3.423797689546035,5.019022547170418,4.052630250205419,5.14594291,4.03409916
5.0,0.258134591992,120.0,3.9336618774009575,3.4986804471259676,5.03772683587297,4.118425310811695,5.16717411,4.1042747
5.0,0.258134591992,130.0,3.958447865721545,3.567022351163445,5.051306741334671,4.17370954152067,5.18339175,4.16440781
5.0,0.258134591992,140.0,3.979696557488351,3.626496242084551,5.059427835021139,4.216593618116345,5.19400161,4.21238859
5.0,0.258134591992,150.0,3.9966964834075744,3.675027281529877,5.061790354648699,4.245551580768943,5.19844075,4.24642324
5.0,0.258134591992,160.0,4.008872377424212,3.7108888046182824,5.058480436794743,4.259643772537006,5.19660153,4.26529287
5.0,0.258134591992,170.0,4.015809015918835,3.7327858206867375,5.0496743222433125,4.258437388385354,5.18871062,4.26838104
5.0,0.258134591992,180.0,4.0172685643946915,3.739919730052561,5.0356926010455005,4.241976941706702,5.17522694,4.25565798
5.0,0.258134591992,190.0,4.013200516231669,3.732029094574815,5.017056664827306,4.210919130218705,5.15659179,4.22758033
5.0,0.258134591992,200.0,4.003743730797802,3.709403137955955,4.9944352460025145,4.16639020468955,5.13352733,4.18521957
5.0,0.258134591992,210.0,3.9892205076710674,3.672866858795629,4.968519648554067,4.109948854444907,5.10680808,4.13008428
5.0,0.258134591992,220.0,3.9701230514932897,3.6237389719348374,4.940126314449046,4.043563955248736,5.07716644,4.06407829
5.0,0.258134591992,230.0,3.947093074391372,3.5637660930523065,4.910167852116039,3.9695050594442223,5.04539981,3.98941237
5.0,0.258134591992,240.0,3.920895637905918,3.495038404680623,4.879385743048829,3.890194354190926,5.01260958,3.90864306
5.0,0.258134591992,250.0,3.8923886402979493,3.4198932904919146,4.848641918932343,3.808151487754484,4.97994667,3.82445116
5.0,0.258134591992,260.0,3.8624895898172134,3.3408139701864283,4.81884471611702,3.725861065141361,4.94833129,3.73946966
5.0,0.258134591992,270.0,3.8321414466292274,3.2603299683894638,4.790883392387026,3.645755823034361,4.91860063,3.65623777
5.0,0.258134591992,280.0,3.8022793388275886,3.1809253611106656,4.765534472315868,3.570131744096245,4.89142386,3.57715109
5.0,0.258134591992,290.0,3.773799836874577,3.1049593054191935,4.743374308202076,3.5010821019080383,4.86748718,3.50441458
5.0,0.258134591992,300.0,3.7475341926240904,3.0346015847554986,4.724911385387331,3.440486384657097,4.84759163,3.44002885
5.0,0.258134591992,310.0,3.7242265218272217,2.9717840440939582,4.710760213623183,3.3899745448831826,4.83234961,3.38574057
5.0,0.258134591992,320.0,3.7045173700175114,2.9181670936004176,4.701296001816083,3.3508303170098395,4.82213775,3.34292477
5.0,0.258134591992,330.0,3.6889325190970244,2.875119130777922,4.696798761670119,3.3240547135014737,4.8171563,3.31264595
5.0,0.258134591992,340.0,3.6778763569734783,2.8437058992022637,4.697523707482604,3.31038525856894,4.8175441,3.29564471
5.0,0.258134591992,350.0,3.6716287421564298,2.8246865089138766,4.70353866795272,3.310210313147182,4.82337177,3.29236296
5.0,0.28853979201,0.0,5.917419336280577,3.6316714453588537,7.995870186183825,4.32726338453963,7.6381495,4.19912239
5.0,0.28853979201,10.0,5.9239463297949175,3.6397729210999303,8.023822004131029,4.358485462231921,7.6658214,4.22722397
5.0,0.28853979201,20.0,5.9391595028113775,3.663013479071573,8.059407908090542,4.404394300806374,7.70162998,4.27030068
5.0,0.28853979201,30.0,5.962690486525557,3.7008175988493535,8.101490488641835,4.463766562528497,7.74467266,4.32732104
5.0,0.28853979201,40.0,5.993877404037591,3.752274603840556,8.148559067978555,4.534967107760821,7.7936254,4.39681723
5.0,0.28853979201,50.0,6.031913696506986,3.816072044324349,8.199318730067853,4.616076381944267,7.84706202,4.47695573
5.0,0.28853979201,60.0,6.0756937612748185,3.8906050933852723,8.252053804458717,4.70483277768706,7.90348516,4.5655563
5.0,0.28853979201,70.0,6.123986875645287,3.9738589796990267,8.304754082534298,4.798543789677356,7.96130355,4.66016691
5.0,0.28853979201,80.0,6.17533836536424,4.063544772785415,8.356195046089766,4.8945375696689455,8.01871829,4.75807576
5.0,0.28853979201,90.0,6.228212790247998,4.157082360220919,8.425089897548816,4.994456500302352,8.07363986,4.85631003
5.0,0.28853979201,100.0,6.281109525327141,4.251626871573246,8.469098308612663,5.086385037881356,8.12400293,4.95171368
5.0,0.28853979201,110.0,6.332115054925213,4.344412276801455,8.50667678621061,5.171503745928317,8.16835187,5.04117856
5.0,0.28853979201,120.0,6.379814613860105,4.432334808147627,8.536488540886715,5.246901754380169,8.20523755,5.12173511
5.0,0.28853979201,130.0,6.422774973265792,4.512445824531566,8.557411706464386,5.310015835545473,8.23326856,5.1906394
5.0,0.28853979201,140.0,6.45961157227855,4.582027581263784,8.56918104904818,5.358751531353697,8.25167206,5.24550238
5.0,0.28853979201,150.0,6.488969385013725,4.638803602661647,8.57134176011102,5.391409561635509,8.25989505,5.28434817
5.0,0.28853979201,160.0,6.50991788927454,4.680743198412691,8.56425256120138,5.406953258924066,8.25749977,5.30574056
5.0,0.28853979201,170.0,6.521829541007992,4.706305251627587,8.548307099530092,5.404956717390835,8.24466557,5.30898473
5.0,0.28853979201,180.0,6.5242788104661855,4.714585354393256,8.52408575874933,5.385520409274119,8.2220169,5.29403339
5.0,0.28853979201,190.0,6.5171751465928836,4.70529063735684,8.492500027620373,5.349404160480909,8.19045812,5.26146815
5.0,0.28853979201,200.0,6.500767356615889,4.678753813637016,8.454696748282151,5.2978930562363855,8.15109416,5.21248537
5.0,0.28853979201,210.0,6.475632159252872,4.635916843074732,8.411777266667782,5.232749899473508,8.10527663,5.14885361
5.0,0.28853979201,220.0,6.442599422425733,4.578315635514707,8.364875766016938,5.156242911281132,8.0545539,5.07276035
5.0,0.28853979201,230.0,6.402601347288994,4.508077047572434,8.31561250484956,5.070906584703734,8.0004452,4.98676674
5.0,0.28853979201,240.0,6.357160077028444,4.427470593649821,8.26486229793469,4.979462045627674,7.94438157,4.89373218
5.0,0.28853979201,250.0,6.3077588957390365,4.339193045685822,8.214062341039503,4.884907053669761,7.8881277,4.79670842
5.0,0.28853979201,260.0,6.255762378964565,4.2462486502878845,8.164821940667915,4.7900900231784815,7.83346165,4.69876766
5.0,0.28853979201,270.0,6.2027418925046565,4.151673613887792,8.118752687388877,4.697812863185973,7.78189509,4.60290997
5.0,0.28853979201,280.0,6.15047303430681,4.058295106774766,8.077125585798209,4.610680580842114,7.73458955,4.51189278
5.0,0.28853979201,290.0,6.100491941921417,3.9689059529525506,8.040773699854531,4.531075864514055,7.69282464,4.42821588
5.0,0.28853979201,300.0,6.0542345243180735,3.8860906428096227,8.010367486689253,4.461203525174011,7.65802441,4.354165
5.0,0.28853979201,310.0,6.013059234210207,3.8121278645276715,7.987059677261951,4.402943452926885,7.63117455,4.29174345
5.0,0.28853979201,320.0,5.978142527376562,3.749003550300153,7.9714737110082625,4.35782065421506,7.61295461,4.24258125
5.0,0.28853979201,330.0,5.950522505818852,3.698290174621775,7.964186414087131,4.3269890247842095,7.60374867,4.20790391
5.0,0.28853979201,340.0,5.930859233556271,3.6612989407633045,7.965758570091748,4.311391638929089,7.60384597,4.18856358
5.0,0.28853979201,350.0,5.9197393101955855,3.6389068839940752,7.9763668765791556,4.311451038054304,7.61338604,4.18505892
5.0,0.326110072682,0.0,13.63330675600842,4.887080692021442,17.996639817824718,5.685229649297198,17.1717276,5.58219812
5.0,0.326110072682,10.0,13.651478819542566,4.8974265567736,18.05717026796609,5.722492501727999,17.2354224,5.61692612
5.0,0.326110072682,20.0,13.688347035823066,4.926379839542245,18.1319767561593,5.776935425719341,17.3166091,5.67021235
5.0,0.326110072682,30.0,13.742519213458015,4.973410764949157,18.21812977253759,5.846977222117405,17.4128331,5.74072385
5.0,0.326110072682,40.0,13.812205660371106,5.037414150544198,18.3116356374786,5.93248836260818,17.5217292,5.82638406
5.0,0.326110072682,50.0,13.895997476353605,5.116291946594141,18.40978276765892,6.029824805673333,17.6403224,5.92430297
5.0,0.326110072682,60.0,13.99124171942877,5.2077990937427305,18.509129755775124,6.136797334358529,17.7650138,6.0316765
5.0,0.326110072682,70.0,14.094740597139054,5.309684878165947,18.60439782804012,6.248271508046259,17.8924454,6.14527902
5.0,0.326110072682,80.0,14.203114222676426,5.419252555256754,18.69518654840025,6.361016711392714,18.0195811,6.2615475
5.0,0.326110072682,90.0,14.31224564427062,5.533791100879797,18.82597860262665,6.477320829078028,18.1405953,6.37816616
5.0,0.326110072682,100.0,14.41849921846345,5.649786539205678,18.899305656684945,6.582323662778793,18.2493457,6.49259269
5.0,0.326110072682,110.0,14.519897212837389,5.762874386084188,18.95832494111285,6.680212806041865,18.3420153,6.60120414
5.0,0.326110072682,120.0,14.613295662583944,5.869505945980139,19.000548458174432,6.767425604013229,18.4164243,6.69939519
5.0,0.326110072682,130.0,14.694850737108183,5.966725005906653,19.0244491772754,6.841425936848212,18.4695068,6.78300351
5.0,0.326110072682,140.0,14.76267910316264,6.051155772964222,19.030850369456573,6.898584832493491,18.5020092,6.84902737
5.0,0.326110072682,150.0,14.814458391844983,6.120067786792652,19.01933330506777,6.936745797220279,18.5147973,6.89552321
5.0,0.326110072682,160.0,14.84977738764651,6.170566593851737,18.991963394863543,6.954450916737397,18.5063015,6.92099688
5.0,0.326110072682,170.0,14.86662632876992,6.201410806090079,18.95031056985011,6.951395412981559,18.4750017,6.9245945
5.0,0.326110072682,180.0,14.865467120660472,6.211118860005221,18.895883255887668,6.92779533898198,18.4223189,6.90629015
5.0,0.326110072682,190.0,14.846439031656484,6.199352637021754,18.830727146967927,6.88457576667398,18.3506674,6.86682095
5.0,0.326110072682,200.0,14.810195776645676,6.166511192703589,18.75718358161912,6.823135763716891,18.2621217,6.80757952
5.0,0.326110072682,210.0,14.757273140126054,6.114022192041494,18.67681347473857,6.74538554983716,18.1599506,6.73061755
5.0,0.326110072682,220.0,14.689421576668934,6.043589385387374,18.590883145956084,6.654810651626018,18.0496045,6.63848717
5.0,0.326110072682,230.0,14.609155757687185,5.957402015089427,18.502839732212,6.553938847983596,17.9351072,6.53394685
5.0,0.326110072682,240.0,14.516902644992433,5.859352029997655,18.41240827542069,6.448114794891828,17.8169419,6.42045972
5.0,0.326110072682,250.0,14.416981142549528,5.751839119644935,18.322749094066225,6.339447089806292,17.6964401,6.30238037
5.0,0.326110072682,260.0,14.31201785647642,5.638472174089267,18.2369671936376,6.230024355204324,17.5774516,6.18456917
5.0,0.326110072682,270.0,14.204938515387047,5.522755724463424,18.15857020355149,6.122302943919588,17.4635487,6.0706281
5.0,0.326110072682,280.0,14.099117068851994,5.408401732725119,18.089423086361084,6.01935622757739,17.3593184,5.96264645
5.0,0.326110072682,290.0,13.997436395479616,5.2990615911413945,18.030088351166253,5.924140301809042,17.2692387,5.8623359
5.0,0.326110072682,300.0,13.902622274843868,5.198176982546045,17.980846236912093,5.840528459145051,17.1954856,5.7727741
5.0,0.326110072682,310.0,13.818117203281291,5.108039129176418,17.94440458552214,5.771123488481126,17.1395407,5.69662021
5.0,0.326110072682,320.0,13.747416029926073,5.03068041364393,17.921997649926833,5.7186606168663845,17.1029621,5.63601092
5.0,0.326110072682,330.0,13.692294613245867,4.968310074248545,17.914819387594637,5.68313306956538,17.086264,5.59307789
5.0,0.326110072682,340.0,13.654433684678196,4.922775899237878,17.92477572671479,5.665383483905779,17.0899368,5.56919709
5.0,0.326110072682,350.0,13.634287277376778,4.895617844722386,17.952135441648633,5.66609556012558,17.1141036,5.56491634
5.0,0.370559501483,0.0,24.75425092243528,5.988806827978635,32.6837128254674,6.797912650934678,28.3737817,6.6572655
5.0,0.370559501483,10.0,24.79054415845183,6.000586814183455,32.79421626804512,6.840028776405397,28.4580767,6.69477277
5.0,0.370559501483,20.0,24.842664237959287,6.032479536720208,32.928477271506466,6.902033960814741,28.5449127,6.75175325
5.0,0.370559501483,30.0,24.905887423832556,6.084806872560968,33.07764249871951,6.98130336094794,28.6313542,6.82661363
5.0,0.370559501483,40.0,24.980175829773714,6.154927945992994,33.23399338394352,7.075423312426801,28.7140955,6.91726431
5.0,0.370559501483,50.0,25.063130154105725,6.240687679656289,33.39091037686335,7.183227810581708,28.7885342,7.02118556
5.0,0.370559501483,60.0,25.14541788170839,6.342012711221626,33.54302777023224,7.299390958039491,28.8484896,7.1356639
5.0,0.370559501483,70.0,25.229245897711532,6.453496836128974,33.67353235959079,7.421583424543155,28.8883786,7.25784895
5.0,0.370559501483,80.0,25.306197480029795,6.573660064727308,33.791962977859725,7.545931952446959,28.9050754,7.38380978
5.0,0.370559501483,90.0,25.37619863529902,6.697829977010821,33.984873893419554,7.674267690478036,28.9030145,7.50935106
5.0,0.370559501483,100.0,25.440824347118838,6.82194130717699,34.069264660670704,7.793319614770534,28.89286,7.63204778
5.0,0.370559501483,110.0,25.44003867581675,6.928964833925688,34.12805202609052,7.902288239850577,28.8467911,7.74350287
5.0,0.370559501483,120.0,25.42548865296991,7.025409887261442,34.15678490744497,7.999643948887894,28.7338394,7.83220729
5.0,0.370559501483,130.0,25.370605102171815,7.105398282951595,34.154992172571056,8.079468063479034,28.5688219,7.89045302
5.0,0.370559501483,140.0,25.311033769788224,7.17141158583514,34.12767735709691,8.141070593588704,28.3878279,7.92488307
5.0,0.370559501483,150.0,25.288003998798924,7.23915521957317,34.073731674667684,8.18161726881423,28.2245581,7.95335971
5.0,0.370559501483,160.0,25.26195825719043,7.2884929550185005,33.99971809391292,8.199692422324459,28.0861413,7.97542155
5.0,0.370559501483,170.0,25.231669832809658,7.3174840055716786,33.912020525647385,8.19540022401461,27.9680851,7.98044024
5.0,0.370559501483,180.0,25.19819853823164,7.325599982648807,33.813735025182275,8.169188088776808,27.8718829,7.96134308
5.0,0.370559501483,190.0,25.1626322362641,7.312794233658547,33.7084649620062,8.122035513710921,27.801085,7.9179149
5.0,0.370559501483,200.0,25.126044984400128,7.279479535220193,33.59969306843919,8.05527612056933,27.7592398,7.85505669
5.0,0.370559501483,210.0,25.08946559874597,7.226512744548377,33.48595308884512,7.970524685091873,27.7508077,7.78480986
5.0,0.370559501483,220.0,25.053857340234927,7.155187190985147,33.368285067087896,7.871596044353527,27.7825118,7.71567934
5.0,0.370559501483,230.0,25.026353245331,7.072131984576084,33.25187190754202,7.760977428368457,27.8423624,7.6396746
5.0,0.370559501483,240.0,25.036085700597784,6.98992415201347,33.13358869096593,7.642264221312715,27.894662,7.54092863
5.0,0.370559501483,250.0,25.054669328727275,6.897602661388936,33.01696936372745,7.519465809540958,27.909732,7.42299083
5.0,0.370559501483,260.0,25.041910183839075,6.7924734955868615,32.90688630044873,7.397001255408767,27.9012607,7.29683167
5.0,0.370559501483,270.0,25.020169659389023,6.678730099426941,32.810166708867435,7.27718051012862,27.9085412,7.17368254
5.0,0.370559501483,280.0,24.960790126380704,6.5554504042052555,32.72937580037124,7.165284893445121,27.9309485,7.05681267
5.0,0.370559501483,290.0,24.903147052562687,6.437187001789211,32.659777424767334,7.061913842538432,27.9604846,6.94902064
5.0,0.370559501483,300.0,24.851939727709432,6.326213041599528,32.59781361805925,6.970831903811625,27.9939139,6.85401422
5.0,0.370559501483,310.0,24.804297136180605,6.228069407154386,32.55185679239629,6.894495157819104,28.0313952,6.77404883
5.0,0.370559501483,320.0,24.768313586596758,6.143317238493907,32.527039701874685,6.83592488491204,28.0762576,6.71102023
5.0,0.370559501483,330.0,24.741441353613656,6.076379107934325,32.522640539958275,6.79546823628133,28.1307143,6.66659772
5.0,0.370559501483,340.0,24.730353267099883,6.027018390356697,32.54662118043626,6.775291282525285,28.1948268,6.64206278
5.0,0.370559501483,350.0,24.734665392033875,5.997462386508086,32.60048096917955,6.776234647130978,28.2672809,6.63818868
5.0,0.421549791422,0.0,50.95025555886357,-6.252533624708837,51.31319510587032,-5.981759347313715,52.0163982,-6.38606713
5.0,0.421549791422,10.0,51.049553767095794,-6.264801550942771,51.56619582726052,-5.968500891904452,52.2663328,-6.41723125
5.0,0.421549791422,20.0,51.32389523317879,-6.299825399767247,51.91991235313473,-5.931977281190764,52.6312924,-6.46449198
5.0,0.421549791422,30.0,51.762412361214,-6.35571856081107,52.34705826169179,-5.868112298565559,53.1005365,-6.52786238
5.0,0.421549791422,40.0,52.274675834599506,-6.41904532360856,52.82536810851914,-5.776469130086833,53.6680617,-6.60109777
5.0,0.421549791422,50.0,52.9054805126132,-6.496624549675167,53.34309868600433,-5.638257331310215,54.3380541,-6.66730235
5.0,0.421549791422,60.0,53.595314762850776,-6.583367006322029,53.88057717986339,-5.459928330814425,55.1204312,-6.71201667
5.0,0.421549791422,70.0,54.34785754965438,-6.667947140062879,54.37980060448971,-5.245121346126894,56.0220045,-6.743254
5.0,0.421549791422,80.0,55.24422050436222,-6.6962998686421535,54.8788283226614,-5.0184915198664095,56.9943712,-6.76347768
5.0,0.421549791422,90.0,56.253482507149734,-6.689952602460485,55.45590148347869,-4.843684884725861,57.8882431,-6.75129593
5.0,0.421549791422,100.0,57.18598559647627,-6.650994539417958,55.91764018462673,-4.625093734342047,58.6431841,-6.70623683
5.0,0.421549791422,110.0,57.96460334598326,-6.5695007754873975,56.319992751814944,-4.420508906179843,59.30439,-6.64771604
5.0,0.421549791422,120.0,58.622944499212025,-6.459250200428199,56.64689874471208,-4.233719387058556,59.8850484,-6.58214273
5.0,0.421549791422,130.0,59.19069378861239,-6.33835666408245,56.8811016048036,-4.073836409788779,60.3669355,-6.505845
5.0,0.421549791422,140.0,59.64596392232656,-6.191698087931338,57.03481795513768,-3.939313738006858,60.7344897,-6.42371932
5.0,0.421549791422,150.0,59.99043775386533,-6.061525161669042,57.088786656519055,-3.838437925874609,60.9751474,-6.34641605
5.0,0.421549791422,160.0,60.184240598544264,-5.931827544951008,57.05530736735451,-3.7707360477267575,61.0829162,-6.2811184
5.0,0.421549791422,170.0,60.275872731510525,-5.834639536293236,56.95332471575623,-3.731765359937983,61.0573513,-6.23196008
5.0,0.421549791422,180.0,60.26291271516458,-5.773498160520759,56.78665816409809,-3.72252708967734,60.9050165,-6.20323315
5.0,0.421549791422,190.0,60.1463086266465,-5.750654676316456,56.56132770953237,-3.7432651040683727,60.6339873,-6.19727414
5.0,0.421549791422,200.0,59.930267889114205,-5.766952739477169,56.28466888132112,-3.7933474324304566,60.2501893,-6.21232201
5.0,0.421549791422,210.0,59.62204453868309,-5.8217835325654175,55.94349505845519,-3.878898246172279,59.7614943,-6.24497649
5.0,0.421549791422,220.0,59.232753891693676,-5.914950115767707,55.54453962735685,-3.998354287523618,59.1809915,-6.2916695
5.0,0.421549791422,230.0,58.75259134844679,-6.037490291725992,55.10801001499643,-4.146550647384578,58.5262386,-6.34490748
5.0,0.421549791422,240.0,58.16406290468838,-6.162248884551245,54.63215767197615,-4.321084258523241,57.8191502,-6.3953533
5.0,0.421549791422,250.0,57.50500014544719,-6.289256004530365,54.13334394057356,-4.517332958051928,57.0810332,-6.44238396
5.0,0.421549791422,260.0,56.79083515979634,-6.396215964714095,53.63513392035248,-4.729065501912607,56.3280201,-6.48975427
5.0,0.421549791422,270.0,56.001587834431035,-6.48440005557114,53.16332630563248,-4.953071457965167,55.5260708,-6.52300457
5.0,0.421549791422,280.0,55.09438563226873,-6.549679717588322,52.73707871103819,-5.180872384913438,54.647174,-6.52572468
5.0,0.421549791422,290.0,54.12489917821756,-6.558713837805529,52.3380559615602,-5.391252212772296,53.8104495,-6.51246535
5.0,0.421549791422,300.0,53.300683583290095,-6.537676859891883,51.956643270933206,-5.572168918771342,53.1318345,-6.49686141
5.0,0.421549791422,310.0,52.643099628616014,-6.466485143818327,51.6314080965005,-5.70478169980144,52.6136437,-6.46714299
5.0,0.421549791422,320.0,52.0934187682708,-6.396906862265628,51.3834453183039,-5.80846863836062,52.2397595,-6.4248331
5.0,0.421549791422,330.0,51.62193304845499,-6.338881694350608,51.206014873318274,-5.885268856302599,51.9941328,-6.38891641
5.0,0.421549791422,340.0,51.282233631364804,-6.296654691358072,51.13134457632423,-5.939696854065457,51.8706941,-6.36962803
5.0,0.421549791422,350.0,51.02829050862781,-6.263325911005962,51.16713279957909,-5.97202395905282,51.8709008,-6.36844525
5.0,0.478692875603,0.0,80.34911928111724,-9.255118149912805,74.82808280966516,-7.300583729404327,76.7312701,-8.16535672
5.0,0.478692875603,10.0,80.552176730144,-9.301501444900653,75.08259008273775,-7.296022648483693,76.979661,-8.16762237
5.0,0.478692875603,20.0,80.83680216996227,-9.310440110439218,75.39541742762047,-7.272010559231677,77.2731524,-8.14267044
5.0,0.478692875603,30.0,81.21064773200345,-9.287787953770723,75.74152208762138,-7.225981208666767,77.5978955,-8.08799325
5.0,0.478692875603,40.0,81.57089687304581,-9.244098183677531,76.10805910036105,-7.158925093460958,77.9297947,-7.99981956
5.0,0.478692875603,50.0,81.93407120321933,-9.176671486178657,76.48387167778823,-7.072605958062096,78.2431846,-7.87635803
5.0,0.478692875603,60.0,82.29894301763689,-9.085625889478399,76.85453429304572,-6.9692259023006615,78.5201777,-7.72046931
5.0,0.478692875603,70.0,82.65558617149186,-8.963898694103154,77.19206706362003,-6.847240538821126,78.7527682,-7.54017135
5.0,0.478692875603,80.0,83.00518470754186,-8.808618724447449,77.47365422412922,-6.71533005694576,78.9397856,-7.34634453
5.0,0.478692875603,90.0,83.37547902464057,-8.660163076748624,77.90370741392033,-6.625474455154453,79.0817139,-7.14821855
5.0,0.478692875603,100.0,83.55767726933684,-8.433162875373895,78.09338963775404,-6.487385611472803,79.1682481,-6.95035111
5.0,0.478692875603,110.0,83.69414904150284,-8.202936338774311,78.22574528337566,-6.351646066913954,79.1821723,-6.75442937
5.0,0.478692875603,120.0,83.75199043214288,-7.9724454866797165,78.28614493910926,-6.220938855197164,79.1206472,-6.56545349
5.0,0.478692875603,130.0,83.67104008874294,-7.731979795346762,78.26232287010897,-6.100317953684242,78.993729,-6.39064581
5.0,0.478692875603,140.0,83.55115764074226,-7.514311898366413,78.18699804470991,-5.995239680320402,78.815592,-6.23621987
5.0,0.478692875603,150.0,83.38569635787469,-7.323737831704615,78.0613167780193,-5.90769590839335,78.5983173,-6.106434
5.0,0.478692875603,160.0,83.08777792059772,-7.142773935675434,77.8968980317427,-5.841745165320353,78.358908,-6.00576922
5.0,0.478692875603,170.0,82.76333789923963,-6.995179602241485,77.70577980616726,-5.800525517118099,78.1142736,-5.93838001
5.0,0.478692875603,180.0,82.42387836366882,-6.884610203163394,77.49446674709012,-5.785054078415563,77.8789703,-5.90705668
5.0,0.478692875603,190.0,82.0812479252927,-6.813788666568987,77.26981445272666,-5.795700819563751,77.6596139,-5.91219312
5.0,0.478692875603,200.0,81.74710185045231,-6.784499964565587,77.03854690624328,-5.832150510658955,77.4616253,-5.9534476
5.0,0.478692875603,210.0,81.43240017853643,-6.7975851055014616,76.79906751232446,-5.891342790580772,77.2892382,-6.02991966
5.0,0.478692875603,220.0,81.14697609670202,-6.852928062375896,76.55701085074276,-5.971428101363777,77.1375391,-6.13809447
5.0,0.478692875603,230.0,80.93994122694846,-6.961486344393632,76.31732076810792,-6.07021905756189,76.9972077,-6.27323546
5.0,0.478692875603,240.0,80.80737954006587,-7.118480291651109,76.05376283492423,-6.182385794959025,76.8610554,-6.43037926
5.0,0.478692875603,250.0,80.61218192061006,-7.290194836809496,75.7876692250134,-6.304027141984108,76.7301332,-6.60565397
5.0,0.478692875603,260.0,80.47715895594422,-7.498865243227952,75.53478695472567,-6.432936336979402,76.599831,-6.79231413
5.0,0.478692875603,270.0,80.41906678036432,-7.744141012259536,75.30451165607116,-6.566152652402587,76.4775066,-6.98620089
5.0,0.478692875603,280.0,80.28821035681379,-7.977788852202852,75.0896943368063,-6.70060217211542,76.3805875,-7.18606702
5.0,0.478692875603,290.0,80.26656663095613,-8.248000901187922,74.88409221265867,-6.827629312826693,76.3134278,-7.38596975
5.0,0.478692875603,300.0,80.15881274567526,-8.458285289869334,74.70967902113186,-6.942819201715153,76.2678748,-7.57480122
5.0,0.478692875603,310.0,80.05634207758722,-8.644840793350763,74.58087264716447,-7.045144228076519,76.2392235,-7.74139801
5.0,0.478692875603,320.0,80.00698030633772,-8.808652472988886,74.50697595193672,-7.132806034025909,76.2324518,-7.87937221
5.0,0.478692875603,330.0,80.01763902971066,-8.944450756187853,74.48333026775514,-7.201655281079204,76.2599336,-7.98721921
5.0,0.478692875603,340.0,80.08677603457464,-9.063731760270949,74.52530102956048,-7.252804573075001,76.3394818,-8.06744936
5.0,0.478692875603,350.0,80.21997276102668,-9.167699253386726,74.64066221988264,-7.286017046366676,76.4764592,-8.12123055
5.0,0.541553860654,0.0,90.08208102098243,-9.10376644798041,90.40828555301036,-8.763069571535402,82.9893433,-6.75386781
5.0,0.541553860654,10.0,90.3305800007153,-9.156264902659203,90.66625847858217,-8.752551599764235,83.2057489,-6.74735513
5.0,0.541553860654,20.0,90.61034170874136,-9.167593567692622,90.9659402954971,-8.715474122742634,83.4467075,-6.71438881
5.0,0.541553860654,30.0,90.91358708484843,-9.137552727398873,91.28683649312867,-8.650437098936171,83.7022227,-6.65597233
5.0,0.541553860654,40.0,91.23130529441467,-9.067426391119787,91.620443447487,-8.55952720139801,83.9627772,-6.57428104
5.0,0.541553860654,50.0,91.57003095309264,-8.965839073115575,91.95518974270205,-8.445676712684643,84.2160605,-6.47164721
5.0,0.541553860654,60.0,91.92735292750545,-8.839411595374314,92.2754564394162,-8.311425873610377,84.4530633,-6.35152109
5.0,0.541553860654,70.0,92.17711329709317,-8.661740135386678,92.55595992710144,-8.157927586685355,84.6687211,-6.21850119
5.0,0.541553860654,80.0,92.39028824794725,-8.459481406198922,92.75847927601582,-7.99103701612453,84.8580836,-6.07707039
5.0,0.541553860654,90.0,92.6274171305696,-8.261304545037557,93.15757461798584,-7.878368957897467,85.0106814,-5.93014595
5.0,0.541553860654,100.0,92.72692397607412,-8.03477998333097,93.25627449943175,-7.702573619462825,85.1215431,-5.78215944
5.0,0.541553860654,110.0,92.70715953551385,-7.792006955912463,93.29722221399372,-7.530870873878108,85.1894908,-5.63865732
5.0,0.541553860654,120.0,92.66409198310647,-7.562688275658459,93.25666452134276,-7.366565157885947,85.211102,-5.50387232
5.0,0.541553860654,130.0,92.57231766233255,-7.347713590420293,93.13928530787484,-7.215385780258704,85.1853121,-5.38159372
5.0,0.541553860654,140.0,92.30053899085496,-7.124625986750811,92.98283772950909,-7.084767157307539,85.112312,-5.2748991
5.0,0.541553860654,150.0,91.98874128454247,-6.924130114541323,92.79233148202952,-6.977885803980041,84.9953031,-5.18647014
5.0,0.541553860654,160.0,91.6476325791076,-6.751496748594953,92.5811139960838,-6.8990751972194815,84.8380825,-5.1183577
5.0,0.541553860654,170.0,91.28901058077349,-6.611133495878719,92.35984615205298,-6.851047968968096,84.651956,-5.07338
5.0,0.541553860654,180.0,90.92523770086929,-6.506546170276124,92.13600376091584,-6.835001430375818,84.4439822,-5.05264398
5.0,0.541553860654,190.0,90.56869706643563,-6.440320062872976,91.91638233534248,-6.851209267266147,84.2214861,-5.05672637
5.0,0.541553860654,200.0,90.23126405803721,-6.414112061692485,91.70657886482788,-6.899029810570663,83.9929083,-5.0859419
5.0,0.541553860654,210.0,89.92382547413254,-6.428645606196146,91.50715080065054,-6.975933078545286,83.7619252,-5.13906167
5.0,0.541553860654,220.0,89.65587374078372,-6.483702634495215,91.3216510292064,-7.079534996894073,83.5326672,-5.21445447
5.0,0.541553860654,230.0,89.43519702597033,-6.5781098422775015,91.15310012349504,-7.206763936028494,83.3090747,-5.30980986
5.0,0.541553860654,240.0,89.26767809937711,-6.709720440410185,90.96777506920972,-7.34985194906369,83.0966103,-5.42263373
5.0,0.541553860654,250.0,89.2023158714034,-6.887356151275554,90.7765366195472,-7.505281477967036,82.9045815,-5.55068459
5.0,0.541553860654,260.0,89.2437614161515,-7.108238022834984,90.60164362955236,-7.6696406546470355,82.7372174,-5.68995621
5.0,0.541553860654,270.0,89.185130915621,-7.324935711304163,90.44746286519889,-7.838112915931465,82.5999431,-5.83633813
5.0,0.541553860654,280.0,89.17183233280872,-7.55811371797505,90.30871060188252,-8.00532342846415,82.4939723,-5.98461663
5.0,0.541553860654,290.0,89.28638607836827,-7.825396103489452,90.16151349169542,-8.163435088321576,82.4187941,-6.12967866
5.0,0.541553860654,300.0,89.31575805995062,-8.069224670354842,90.04719141944913,-8.309177982314983,82.3770586,-6.2677093
5.0,0.541553860654,310.0,89.36037741451837,-8.301417412297344,89.97609987028318,-8.439700468267247,82.3732372,-6.39518105
5.0,0.541553860654,320.0,89.47190625811778,-8.527898140999323,89.95510952067723,-8.551852295842723,82.4062411,-6.50741442
5.0,0.541553860654,330.0,89.58088347143732,-8.723320109896225,89.98309339983261,-8.641230331393297,82.4769085,-6.60048183
5.0,0.541553860654,340.0,89.70299829187121,-8.883500242143425,90.06418187526019,-8.70674377274188,82.5857712,-6.67115994
5.0,0.541553860654,350.0,89.87123805185179,-9.011798064887882,90.20565997363018,-8.747614521144124,82.7331174,-6.7172307
5.0,0.60965433652,0.0,101.19577775988304,-9.455495321703674,104.6067737399502,-9.980846771720628,98.1615476,-8.21096861
5.0,0.60965433652,10.0,101.45182126250083,-9.50709008856968,104.85628945496308,-9.965497983799471,98.4030588,-8.20756451
5.0,0.60965433652,20.0,101.73539266199708,-9.517965926742129,105.14380436724856,-9.92092775498755,98.6946342,-8.18182409
5.0,0.60965433652,30.0,102.03852340166038,-9.487910171011135,105.455801566623,-9.847120574260964,99.0239131,-8.13395872
5.0,0.60965433652,40.0,102.35213612776248,-9.418144813034266,105.7794500666334,-9.745938875222295,99.3760057,-8.06479119
5.0,0.60965433652,50.0,102.6663072618608,-9.311248694808056,106.10379636916711,-9.620836074035273,99.7340241,-7.97563081
5.0,0.60965433652,60.0,103.02014664019087,-9.18692985614885,106.40802816933012,-9.47308311421105,100.079444,-7.86820353
5.0,0.60965433652,70.0,103.31128193976603,-9.026563982993569,106.65759616061514,-9.306895543084822,100.39867,-7.74561159
5.0,0.60965433652,80.0,103.49548429447348,-8.828643142272458,106.8369883148602,-9.125893607630756,100.678613,-7.61111076
5.0,0.60965433652,90.0,103.63197544200914,-8.612982683576439,107.25015025869196,-9.009219384069636,100.905779,-7.46749251
5.0,0.60965433652,100.0,103.77637137440787,-8.404037978374333,107.32467812143555,-8.81886007812156,101.073773,-7.31913388
5.0,0.60965433652,110.0,103.81236230071868,-8.182613369237547,107.34068670381428,-8.633084927368808,101.184301,-7.17203435
5.0,0.60965433652,120.0,103.69081545644431,-7.945450327818882,107.268140816759,-8.455278285720556,101.239156,-7.03162461
5.0,0.60965433652,130.0,103.51299873416247,-7.717829188495835,107.12720730671984,-8.292806809297792,101.240377,-6.90295379
5.0,0.60965433652,140.0,103.28473420678183,-7.50622041224949,106.95255332624988,-8.1532827852548,101.189837,-6.79020353
5.0,0.60965433652,150.0,103.02481860715743,-7.319280023632964,106.75002517600537,-8.040243942965553,101.089405,-6.69638896
5.0,0.60965433652,160.0,102.70892843459396,-7.154666369828538,106.53413022175278,-7.958351646810005,100.942008,-6.62393636
5.0,0.60965433652,170.0,102.36168356637656,-7.019270356191549,106.31341506356182,-7.909879989912071,100.758061,-6.57593148
5.0,0.60965433652,180.0,102.00720150059469,-6.91907615074478,106.0956394279322,-7.8961190914753105,100.544799,-6.55385429
5.0,0.60965433652,190.0,101.65754962223644,-6.856656144566296,105.88754973138504,-7.917321990567657,100.308857,-6.55813752
5.0,0.60965433652,200.0,101.32436154149765,-6.833632978895931,105.69258012147009,-7.972330216642273,100.05837,-6.58889828
5.0,0.60965433652,210.0,101.01836584772825,-6.850665488019218,105.5130234164354,-8.058955614057718,99.7997396,-6.64515124
5.0,0.60965433652,220.0,100.75500311040071,-6.90893384967873,105.35009528928832,-8.17417223696913,99.5375007,-6.72475806
5.0,0.60965433652,230.0,100.55199885009456,-7.009660746741721,105.20706966233956,-8.314812754649388,99.2772908,-6.82508272
5.0,0.60965433652,240.0,100.3876378722419,-7.144401957377511,105.04817533472344,-8.472507936999564,99.0255787,-6.94315991
5.0,0.60965433652,250.0,100.25110903765064,-7.306740076800078,104.8776144006886,-8.642378924922303,98.7892046,-7.0754429
5.0,0.60965433652,260.0,100.16747326116969,-7.497006175656495,104.720875768545,-8.820859585617349,98.5698466,-7.21703658
5.0,0.60965433652,270.0,100.15698786626082,-7.715158678514439,104.58142407479674,-9.002494763117367,98.3685551,-7.36291483
5.0,0.60965433652,280.0,100.27278039078023,-7.969947470322309,104.46244790902688,-9.18185280869146,98.1819348,-7.50679975
5.0,0.60965433652,290.0,100.27844710410506,-8.204789962548574,104.32994238838636,-9.350722846414609,98.0156024,-7.64450535
5.0,0.60965433652,300.0,100.3134251214453,-8.438134941973038,104.22177776619408,-9.506097254552024,97.8783171,-7.77287396
5.0,0.60965433652,310.0,100.39878142498172,-8.667279509149186,104.15518492405184,-9.64462445320745,97.7786281,-7.88874335
5.0,0.60965433652,320.0,100.56050377222155,-8.895129231145223,104.1384945297711,-9.76326824887449,97.7237135,-7.98876272
5.0,0.60965433652,330.0,100.65297011488188,-9.079808277021204,104.1718226136475,-9.857637016306551,97.7228919,-8.07086644
5.0,0.60965433652,340.0,100.79168824338096,-9.2381747619796,104.26099970569,-9.926305506355304,97.7818966,-8.133122
5.0,0.60965433652,350.0,100.97395387465848,-9.364840852419192,104.40659937956951,-9.96766610715205,97.902745,-8.17405041
5.0,0.682476017461,0.0,114.00591479082252,-10.112131753417795,119.33380143156,-11.099973311093486,113.274648,-9.4572533
5.0,0.682476017461,10.0,114.25125560870366,-10.158842272128604,119.56955168175124,-11.078796318875666,113.51299,-9.45085945
5.0,0.682476017461,20.0,114.5473994705659,-10.171481761468,119.84624370813782,-11.028354334488403,113.802775,-9.42106349
5.0,0.682476017461,30.0,114.88280668801309,-10.148737185930264,120.1494312195756,-10.948536781947103,114.133175,-9.36862411
5.0,0.682476017461,40.0,115.19887682795864,-10.081857526047827,120.46677721533912,-10.841415724754844,114.487326,-9.29395782
5.0,0.682476017461,50.0,115.49904675114323,-9.975978558922911,120.78823048552664,-10.710772655592445,114.849788,-9.19892989
5.0,0.682476017461,60.0,115.78397467740854,-9.836918605081108,121.06943351958272,-10.558819226196968,115.203996,-9.08586965
5.0,0.682476017461,70.0,116.04375009233424,-9.669397215265942,121.30341876127386,-10.388535037153993,115.535107,-8.9579039
5.0,0.682476017461,80.0,116.29500957237337,-9.486464224326049,121.49072030776018,-10.204482322969657,115.832956,-8.81918631
5.0,0.682476017461,90.0,116.55278655463555,-9.300619634413021,121.94325557815864,-10.093316088826482,116.084221,-8.67286984
5.0,0.682476017461,100.0,116.60547860382881,-9.075447670936317,122.02502285131236,-9.899547676029847,116.282312,-8.52350072
5.0,0.682476017461,110.0,116.59397305206144,-8.844965773629125,122.04438059846444,-9.711354131600888,116.42348,-8.37596549
5.0,0.682476017461,120.0,116.52383358335115,-8.61720343670898,121.97103711921754,-9.532313374824684,116.507012,-8.23528831
5.0,0.682476017461,130.0,116.39905988714982,-8.399357791507544,121.84700127511051,-9.36986374108349,116.535342,-8.10660566
5.0,0.682476017461,140.0,116.23906692405731,-8.20158534316044,121.69133935074284,-9.23139162590644,116.506925,-7.99347679
5.0,0.682476017461,150.0,115.98793465617351,-8.015728783485763,121.51071653560685,-9.120813395943776,116.425893,-7.89970801
5.0,0.682476017461,160.0,115.70167685744867,-7.856605602082794,121.3173042695816,-9.042380286854872,116.295576,-7.82804062
5.0,0.682476017461,170.0,115.39038911530062,-7.72851639124954,121.11841490502091,-8.998188761302876,116.123813,-7.78123159
5.0,0.682476017461,180.0,115.06495596856325,-7.634885150299029,120.92128360826833,-8.98951932770504,115.918208,-7.76094072
5.0,0.682476017461,190.0,114.7365528931186,-7.5782102246057805,120.73145730023732,-9.016361438337604,115.68626,-7.76787065
5.0,0.682476017461,200.0,114.41615498720516,-7.560030566251037,120.55214649725626,-9.077462386544632,115.434886,-7.8017921
5.0,0.682476017461,210.0,114.11408457809802,-7.580903186720048,120.38430155934454,-9.17029899515988,115.171023,-7.86169325
5.0,0.682476017461,220.0,113.8396254078925,-7.640389047108766,120.2288342933,-9.291618721304408,114.897541,-7.94478963
5.0,0.682476017461,230.0,113.60072412660567,-7.737046620041251,120.08919724180367,-9.438138150404129,114.620716,-8.04831933
5.0,0.682476017461,240.0,113.42651192659318,-7.874122144551815,119.94447823217232,-9.601877861726598,114.347824,-8.16915842
5.0,0.682476017461,250.0,113.29200611694964,-8.041411900151834,119.77251703589376,-9.777661820846552,114.084443,-8.30340508
5.0,0.682476017461,260.0,113.16996976404161,-8.228133736740709,119.60535646540023,-9.959990884592038,113.83498,-8.4467747
5.0,0.682476017461,270.0,113.09624929795658,-8.435927819021614,119.44925708909304,-10.143649608355078,113.601632,-8.59407453
5.0,0.682476017461,280.0,113.07174019931628,-8.658830895474958,119.31224133319114,-10.324023660003787,113.389068,-8.74073238
5.0,0.682476017461,290.0,113.15146845739368,-8.905110279840892,119.18693723757592,-10.49267961364585,113.199079,-8.88129822
5.0,0.682476017461,300.0,113.21520866770224,-9.143458042308772,119.06343394789164,-10.647136420320225,113.042554,-9.01277748
5.0,0.682476017461,310.0,113.24356382536256,-9.36010149494409,118.97540986351424,-10.784038272891124,112.926184,-9.13125605
5.0,0.682476017461,320.0,113.3183957233334,-9.563303922994438,118.9372604428943,-10.900012214818927,112.858807,-9.23359272
5.0,0.682476017461,330.0,113.43835788115884,-9.746399018286757,118.95058474436102,-10.991025795485251,112.847448,-9.31702245
5.0,0.682476017461,340.0,113.60108922407001,-9.903298712341632,119.0206326839198,-11.055507227170772,112.897421,-9.37945222
5.0,0.682476017461,350.0,113.80312751675162,-10.028744436542906,119.14899196080572,-11.092100828468231,113.012775,-9.41989762
5.0,0.759464686512,0.0,128.17320116910872,-10.721658341201747,135.0130849260048,-12.028034352000423,129.079237,-10.4570496
5.0,0.759464686512,10.0,128.41888733552693,-10.765254830236467,135.22749845902757,-11.999436226123182,129.30447,-10.446097
5.0,0.759464686512,20.0,128.69423516526763,-10.770390943193467,135.4819629878639,-11.942488767212769,129.583456,-10.4120685
5.0,0.759464686512,30.0,128.9913379332958,-10.737006536911577,135.75494229507174,-11.85780246690056,129.903646,-10.3553098
5.0,0.759464686512,40.0,129.30113259649912,-10.666331817965734,136.03876968023678,-11.747413105395394,130.253303,-10.2776383
5.0,0.759464686512,50.0,129.61492327206278,-10.561180548659577,136.32713682169958,-11.614864782694676,130.615159,-10.180292
5.0,0.759464686512,60.0,129.97985691115457,-10.441583954374032,136.5991544496301,-11.461436097270308,130.976277,-10.066244
5.0,0.759464686512,70.0,130.26188439034988,-10.283617397939157,136.84266622580424,-11.29140178352727,131.321732,-9.93839807
5.0,0.759464686512,80.0,130.44625351599564,-10.091794317064162,137.048211371908,-11.109923933412082,131.640491,-9.80069322
5.0,0.759464686512,90.0,130.58490284679888,-9.883283946305903,137.546956273323,-11.008254033291834,131.920549,-9.65679628
5.0,0.759464686512,100.0,130.67240204032305,-9.664634520183078,137.6206719068802,-10.818792682316404,132.152849,-9.51076448
5.0,0.759464686512,110.0,130.70748953327137,-9.443162133081522,137.63356470033645,-10.635617583431245,132.330932,-9.36705694
5.0,0.759464686512,120.0,130.70919821357595,-9.230765259365315,137.58978982301247,-10.462436139488704,132.45251,-9.2306077
5.0,0.759464686512,130.0,130.60215845845187,-9.017028435054533,137.5037808764839,-10.3073541536806,132.516007,-9.10599888
5.0,0.759464686512,140.0,130.44293390148258,-8.819016443146902,137.38721436894164,-10.176662558280384,132.521834,-8.99739592
5.0,0.759464686512,150.0,130.2382755820806,-8.64256120695461,137.24608032584635,-10.074235423485051,132.470076,-8.90783178
5.0,0.759464686512,160.0,129.99560553023846,-8.49259574500843,137.09081914539146,-10.004046556827154,132.366281,-8.84060579
5.0,0.759464686512,170.0,129.72367103501296,-8.3732621981282,136.92696739485984,-9.967847892824288,132.216642,-8.79816459
5.0,0.759464686512,180.0,129.43211671130732,-8.287834189960558,136.76048708012146,-9.966741718265055,132.028067,-8.78210511
5.0,0.759464686512,190.0,129.1310276424219,-8.238659223414068,136.5958671271776,-10.00050067392563,131.807688,-8.79311651
5.0,0.759464686512,200.0,128.83047644338214,-8.227117984324838,136.43465591705038,-10.067464715529328,131.561194,-8.83058497
5.0,0.759464686512,210.0,128.54010524908665,-8.253597928025368,136.27835082071078,-10.165178357109816,131.293917,-8.89310795
5.0,0.759464686512,220.0,128.26876890693845,-8.317479609336285,136.1269988855676,-10.290102590045691,131.011917,-8.97852837
5.0,0.759464686512,230.0,128.02425849948688,-8.417135742759829,135.9836565332092,-10.438717103639602,130.719486,-9.08351637
5.0,0.759464686512,240.0,127.813115449231,-8.549944723389622,135.84130832738992,-10.604131600371137,130.424837,-9.20492412
5.0,0.759464686512,250.0,127.64053679079036,-8.712322003794041,135.69576772420666,-10.779984437506124,130.134261,-9.33871633
5.0,0.759464686512,260.0,127.53653197077732,-8.906346527472687,135.51861719515452,-10.960933287460756,129.853206,-9.48036126
5.0,0.759464686512,270.0,127.4497630629294,-9.114752429450586,135.33387475275882,-11.14072981760277,129.588423,-9.62558121
5.0,0.759464686512,280.0,127.38268913299271,-9.331446331411085,135.16351264114954,-11.315587751457391,129.344274,-9.76935675
5.0,0.759464686512,290.0,127.36080386276674,-9.554908843054646,135.00863377298296,-11.478849380185997,129.127546,-9.90729599
5.0,0.759464686512,300.0,127.38426694210457,-9.778289709659102,134.87717176333263,-11.626055246291282,128.946189,-10.0355665
5.0,0.759464686512,310.0,127.45236073542112,-9.99458839712135,134.78171681081298,-11.754665267222682,128.808438,-10.1506173
5.0,0.759464686512,320.0,127.59676040472587,-10.208156520346312,134.72852485311398,-11.86185353583486,128.720831,-10.2489956
5.0,0.759464686512,330.0,127.67253561228777,-10.379925998192704,134.7146827767332,-11.944073142662557,128.690548,-10.328188
5.0,0.759464686512,340.0,127.79562490462924,-10.525792786887067,134.7536700893172,-12.000065303947238,128.723449,-10.3863378
5.0,0.759464686512,350.0,127.96373902513187,-10.640963965456162,134.85351815705542,-12.028220022886424,128.821509,-10.4219104
5.0,0.840034413416,0.0,144.17301676905686,-11.658351174209479,152.2194347795963,-13.197138225265295,146.640259,-11.752948
5.0,0.840034413416,10.0,144.39322149192662,-11.693779040039317,152.3947631851537,-13.15979928036922,146.851371,-11.7370226
5.0,0.840034413416,20.0,144.65093705977924,-11.691919605524099,152.61382542531626,-13.09498997294292,147.124996,-11.6994325
5.0,0.840034413416,30.0,144.96355629779237,-11.66005064305997,152.8669249814892,-13.003998015075233,147.447816,-11.6403983
5.0,0.840034413416,40.0,145.31425548902567,-11.597175484443083,153.1403827800917,-12.8884353653511,147.806992,-11.5613692
5.0,0.840034413416,50.0,145.60101011367036,-11.487951997045911,153.42795390954964,-12.752832236103156,148.188614,-11.4644568
5.0,0.840034413416,60.0,145.8663125327353,-11.345794794719446,153.70970667415713,-12.598812738001676,148.576539,-11.3518244
5.0,0.840034413416,70.0,146.10914474763013,-11.176894703363335,153.97011388685073,-12.429737178763732,148.956429,-11.2266019
5.0,0.840034413416,80.0,146.32075151583933,-10.986677673728094,154.18990472281635,-12.251217255179304,149.31556,-11.0925019
5.0,0.840034413416,90.0,146.4933733861069,-10.781153603906366,154.72041718683312,-12.161072297146882,149.640426,-10.9529517
5.0,0.840034413416,100.0,146.62106572462292,-10.56681752090774,154.81934327039608,-11.976742710345226,149.920327,-10.8118637
5.0,0.840034413416,110.0,146.72487868381558,-10.356784238300987,154.87313081154073,-11.79978412219603,150.147768,-10.673707
5.0,0.840034413416,120.0,146.7199311524889,-10.139315850301466,154.8821117027568,-11.635792284711092,150.317879,-10.5429952
5.0,0.840034413416,130.0,146.66248795211956,-9.932364980253423,154.8507562093436,-11.490499834462916,150.429585,-10.4245068
5.0,0.840034413416,140.0,146.55486099305745,-9.741959592002175,154.7909293933923,-11.370380942904362,150.479834,-10.3218507
5.0,0.840034413416,150.0,146.4012768203158,-9.573570598712768,154.7046034884025,-11.278549225370304,150.470041,-10.2385267
5.0,0.840034413416,160.0,146.20763543104405,-9.431981821587254,154.6008751208392,-11.21881403626403,150.403257,-10.1774723
5.0,0.840034413416,170.0,145.9811850386934,-9.321183258264133,154.48302861938868,-11.192564039299794,150.284728,-10.141074
5.0,0.840034413416,180.0,145.73013953946497,-9.244286634055292,154.35555145786296,-11.200645912277864,150.118577,-10.1303324
5.0,0.840034413416,190.0,145.46326927639197,-9.203461593511085,154.22201026732716,-11.242663880521045,149.912026,-10.1459957
5.0,0.840034413416,200.0,145.1894964552641,-9.199890767258085,154.0820224444522,-11.316507575862296,149.670287,-10.1873707
5.0,0.840034413416,210.0,144.91752420905365,-9.233742326704295,153.93777688757328,-11.419805484595402,149.399504,-10.253103
5.0,0.840034413416,220.0,144.65552304931546,-9.304159442821735,153.78640639704471,-11.54819293595,149.104707,-10.340571
5.0,0.840034413416,230.0,144.41089087096964,-9.40926715911722,153.63401042448967,-11.698672598705114,148.791479,-10.446543
5.0,0.840034413416,240.0,144.19009361042598,-9.546198362254795,153.47552013931352,-11.864713308292304,148.467847,-10.5675962
5.0,0.840034413416,250.0,143.9985842016933,-9.711141545509388,153.31288808067563,-12.040965592160688,148.140397,-10.699614
5.0,0.840034413416,260.0,143.84078873680212,-9.899413638484102,153.13506909301108,-12.219716418640914,147.816707,-10.8383357
5.0,0.840034413416,270.0,143.74899202269958,-10.112834489779207,152.91751085235472,-12.395227360888567,147.503796,-10.9791646
5.0,0.840034413416,280.0,143.6480954310363,-10.328186060511225,152.70178787045302,-12.563095907845396,147.209126,-11.1175992
5.0,0.840034413416,290.0,143.57874476778284,-10.546684793663298,152.49839784018386,-12.718033338736056,146.940557,-11.2492071
5.0,0.840034413416,300.0,143.5513832684164,-10.763387993951364,152.3206185244336,-12.856917997831436,146.708987,-11.370591
5.0,0.840034413416,310.0,143.56697797660286,-10.97152227604808,152.17658911840064,-12.975907863045927,146.523182,-11.4782137
5.0,0.840034413416,320.0,143.62566681040755,-11.16448697467674,152.0786315963235,-13.072978237969096,146.391262,-11.5689522
5.0,0.840034413416,330.0,143.72667807308076,-11.336089696358833,152.02848545835172,-13.144393584425783,146.322227,-11.6407518
5.0,0.840034413416,340.0,143.8671687615845,-11.48115351974424,152.0344915222599,-13.189515826958996,146.322161,-11.691939
5.0,0.840034413416,350.0,143.9962520555524,-11.586717120360579,152.09824755767127,-13.207179915869522,146.393545,-11.7211226
5.0,0.923572013902,0.0,160.7616800277273,-12.498601442804365,170.17586932294907,-14.320826048649067,164.897257,-12.9635513
5.0,0.923572013902,10.0,160.9609190559715,-12.526594597792993,170.31129050277414,-14.272020157540767,165.086708,-12.9413244
5.0,0.923572013902,20.0,161.18827042834903,-12.516655220373721,170.49525183880215,-14.196712863204366,165.343604,-12.898203
5.0,0.923572013902,30.0,161.43696056589334,-12.469169716138273,170.72100723541925,-14.097058359170507,165.657287,-12.8350528
5.0,0.923572013902,40.0,161.69910404971583,-12.385738203018814,170.978630323148,-13.975679774298088,166.016438,-12.7536624
5.0,0.923572013902,50.0,161.96598401949154,-12.269106384220176,171.25525875378025,-13.835354694981072,166.404681,-12.6554509
5.0,0.923572013902,60.0,162.22840761151102,-12.123056723575104,171.53150752552645,-13.679169210580577,166.807449,-12.5430188
5.0,0.923572013902,70.0,162.47711475344735,-11.95226528764584,171.76176489982868,-13.509848912827708,167.210633,-12.4195173
5.0,0.923572013902,80.0,162.70321262807633,-11.762131858895522,171.96562804895794,-13.333442376037686,167.598528,-12.2879953
5.0,0.923572013902,90.0,162.91597833710583,-11.563037231747588,172.54970909843112,-13.254326847550365,167.958537,-12.1521887
5.0,0.923572013902,100.0,163.06116209856384,-11.351138827066135,172.68469584288292,-13.076613103391212,168.279322,-12.0161286
5.0,0.923572013902,110.0,163.1465192748222,-11.135061848816633,172.7827589473129,-12.908234555732616,168.550784,-11.8837616
5.0,0.923572013902,120.0,163.18558857775994,-10.924631483451556,172.84453224417123,-12.754880286821082,168.769242,-11.7600671
5.0,0.923572013902,130.0,163.17747399347712,-10.726089491880092,172.87301959527096,-12.621942413174482,168.927436,-11.6486611
5.0,0.923572013902,140.0,163.1231355872338,-10.545256942781492,172.87121351195518,-12.513869554784742,169.025369,-11.5538998
5.0,0.923572013902,150.0,163.02527628635397,-10.387381779465871,172.84353795702282,-12.434519538109871,169.060539,-11.4785797
5.0,0.923572013902,160.0,162.88813505433404,-10.257008082412348,172.79661310886794,-12.38721135435675,169.034474,-11.425324
5.0,0.923572013902,170.0,162.71720721762213,-10.157867805314496,172.73207437184087,-12.37309167027914,168.95204,-11.3965027
5.0,0.923572013902,180.0,162.5189181705975,-10.09279486302563,172.65273703790265,-12.39268080197185,168.815479,-11.3928273
5.0,0.923572013902,190.0,162.30027934595952,-10.063660919261258,172.55991586917528,-12.445124616748627,168.631464,-11.4149098
5.0,0.923572013902,200.0,162.0685548779554,-10.071332085182654,172.45186693883417,-12.527976730792794,168.404447,-11.4618858
5.0,0.923572013902,210.0,161.83096393977218,-10.115645991218306,172.32960723696388,-12.63852402308582,168.137756,-11.5316235
5.0,0.923572013902,220.0,161.59443760197,-10.195409229962047,172.19248782904356,-12.772827596080887,167.840224,-11.622336
5.0,0.923572013902,230.0,161.36544109257565,-10.308415875470226,172.03978783782546,-12.926135197278526,167.514772,-11.7300127
5.0,0.923572013902,240.0,161.14986341054222,-10.45148845965454,171.87159554289858,-13.093043289190865,167.171046,-11.8514784
5.0,0.923572013902,250.0,160.95296755162758,-10.620543244628218,171.69142615269823,-13.268399919257282,166.814966,-11.9821245
5.0,0.923572013902,260.0,160.77938723832466,-10.810681675969636,171.49774746648328,-13.445364321168766,166.456896,-12.1181529
5.0,0.923572013902,270.0,160.63315099545957,-11.016309400848245,171.28849556156388,-13.616986516227309,166.103995,-12.2547523
5.0,0.923572013902,280.0,160.52826487106938,-11.233936118359862,171.04488934375408,-13.778191579710724,165.76632,-12.3877811
5.0,0.923572013902,290.0,160.44149355663865,-11.452099258499999,170.7980931214428,-13.924968920627023,165.452159,-12.5126828
5.0,0.923572013902,300.0,160.36625392215686,-11.661283526851422,170.5726559728014,-14.054062250113944,165.175685,-12.6267591
5.0,0.923572013902,310.0,160.32987934861202,-11.860005697046942,170.3807384922039,-14.162606321525535,164.944984,-12.7262225
5.0,0.923572013902,320.0,160.33424351332891,-12.042009507072605,170.22919241323186,-14.247091649063837,164.771966,-12.8088963
5.0,0.923572013902,330.0,160.38032010971,-12.201516004355792,170.1266664012819,-14.305692356165872,164.663405,-12.8722296
5.0,0.923572013902,340.0,160.46801769612756,-12.333430104356836,170.0823914706276,-14.337980939466965,164.627826,-12.9152319
5.0,0.923572013902,350.0,160.59602344252917,-12.433525925507311,170.0984378795827,-14.34296503969098,164.668485,-12.9368449
5.0,1.009441716388,0.0,177.2214373600379,-12.936247860987333,188.98687674889243,-15.208001141645264,182.842196,-13.6987898
5.0,1.009441716388,10.0,177.36744055410702,-12.949624645446635,189.0609469131105,-15.14488335887276,182.998617,-13.6688175
5.0,1.009441716388,20.0,177.5457215787431,-12.926364710622538,189.1777540892014,-15.056700886917072,183.226006,-13.6190302
5.0,1.009441716388,30.0,177.75074618959715,-12.867249473386716,189.3279224296689,-14.94511715578455,183.515129,-13.550517
5.0,1.009441716388,40.0,177.9780315694707,-12.774790886008535,189.5113459120132,-14.81364548254401,183.853866,-13.4646728
5.0,1.009441716388,50.0,178.23367575723208,-12.655501153232592,189.71608916953787,-14.66504730885949,184.230445,-13.3639042
5.0,1.009441716388,60.0,178.45712950848466,-12.501933818598657,189.93354500730365,-14.503611371224371,184.62931,-13.2503654
5.0,1.009441716388,70.0,178.66998405555273,-12.32506552506064,190.14445975686235,-14.331371117316218,185.036987,-13.1272801
5.0,1.009441716388,80.0,178.8671066284876,-12.130961027084279,190.3474047282413,-14.15517536408238,185.440083,-12.9982361
5.0,1.009441716388,90.0,179.04145863777308,-11.92563691135632,190.9798401308561,-14.08633291480095,185.821667,-12.8661134
5.0,1.009441716388,100.0,179.18699878311713,-11.715391812176604,191.14094190392905,-13.915149394334575,186.170664,-12.7352378
5.0,1.009441716388,110.0,179.29895586279443,-11.506607920364532,191.27688517124872,-13.755882104431224,186.4765,-12.609685
5.0,1.009441716388,120.0,179.37401617095088,-11.305557572134683,191.3832309276292,-13.613140283313944,186.731941,-12.493752
5.0,1.009441716388,130.0,179.41041459270812,-11.118220793308115,191.4583506732852,-13.4916964825958,186.930663,-12.3911725
5.0,1.009441716388,140.0,179.39916733452034,-10.951534131919248,191.50670884745,-13.395927675108156,187.071063,-12.3058473
5.0,1.009441716388,150.0,179.33733199332073,-10.8092300930159,191.5376527961713,-13.330404397649398,187.149462,-12.2402445
5.0,1.009441716388,160.0,179.2440517274823,-10.6947389910786,191.5518701658807,-13.297117980622454,187.166429,-12.1967547
5.0,1.009441716388,170.0,179.12337680825306,-10.611345917614628,191.55151049449583,-13.297434884571487,187.124307,-12.1771298
5.0,1.009441716388,180.0,178.98002098991515,-10.561440595543713,191.536202227146,-13.331208749198394,187.025422,-12.1821171
5.0,1.009441716388,190.0,178.8190917338913,-10.546462525103847,191.5063001625533,-13.39746108767296,186.874355,-12.2119371
5.0,1.009441716388,200.0,178.6458433784312,-10.566867097122563,191.45871956406532,-13.493481756569038,186.673264,-12.2652144
5.0,1.009441716388,210.0,178.46547205603335,-10.622112361132514,191.38563317500527,-13.614991043631695,186.428049,-12.3404871
5.0,1.009441716388,220.0,178.28296445476852,-10.710666606792527,191.28300986307667,-13.757759848610885,186.142184,-12.4348078
5.0,1.009441716388,230.0,178.11335323358588,-10.832296499196644,191.1524411816291,-13.916921764550596,185.822185,-12.545028
5.0,1.009441716388,240.0,177.95239537263603,-10.983964386356492,190.99739756787304,-14.087742427720928,185.473945,-12.6671279
5.0,1.009441716388,250.0,177.7670189716608,-11.157109530960565,190.81759699264543,-14.264082180224747,185.106616,-12.7972053
5.0,1.009441716388,260.0,177.59332798396167,-11.348515898172758,190.6154120392,-14.43998278233554,184.728512,-12.9306421
5.0,1.009441716388,270.0,177.43553449392903,-11.55249235613187,190.39398825597115,-14.609298248760396,184.35113,-13.0633643
5.0,1.009441716388,280.0,177.29768236023435,-11.762902825581786,190.1568197596072,-14.765848936942096,183.984055,-13.1907892
5.0,1.009441716388,290.0,177.1836154457608,-11.973345162157901,189.91626020033004,-14.905985089466672,183.638427,-13.3090098
5.0,1.009441716388,300.0,177.0969020888781,-12.177346976386692,189.6818986924412,-15.025646487600838,183.327756,-13.4151482
5.0,1.009441716388,310.0,177.04071322649943,-12.368572229079863,189.4673961378105,-15.122802800503312,183.062024,-13.505988
5.0,1.009441716388,320.0,177.0176597890266,-12.541030989410748,189.2718933533794,-15.193778138166266,182.85165,-13.5791554
5.0,1.009441716388,330.0,177.0106074730965,-12.685999849326242,189.11612378324403,-15.2383618863869,182.707051,-13.6331922
5.0,1.009441716388,340.0,177.0411800203406,-12.802321467745168,189.01196444039843,-15.255420129974391,182.634077,-13.6665927
5.0,1.009441716388,350.0,177.1118193072619,-12.886627487881382,188.9680526794692,-15.245097807780942,182.638689,-13.6791853
5.0,1.096990000589,0.0,197.6741669071096,-13.727450603670206,211.49458914688825,-16.320961025901443,205.32105,-14.8850259
5.0,1.096990000589,10.0,197.7602397101595,-13.725774122530588,211.47705566892125,-16.241631791670823,205.435426,-14.8461921
5.0,1.096990000589,20.0,197.86916205872276,-13.68711608916847,211.51086886911,-16.13946997861085,205.62406,-14.7887193
5.0,1.096990000589,30.0,197.99721937261728,-13.612728747240777,211.5878882225833,-16.016211789051255,205.880901,-14.7144255
5.0,1.096990000589,40.0,198.1397034263775,-13.504998430932332,211.7014559913401,-15.8750979476322,206.19463,-14.6248962
5.0,1.096990000589,50.0,198.29115346055957,-13.367358090909267,211.8412139000799,-15.719025830318731,206.55226,-14.5222657
5.0,1.096990000589,60.0,198.4524197473335,-13.205698980261436,212.00340086123435,-15.553110365849388,206.941843,-14.4095922
5.0,1.096990000589,70.0,198.59946935834978,-13.024664551547016,212.17470534853325,-15.380705375355255,207.346307,-14.2893316
5.0,1.096990000589,80.0,198.72451102969288,-12.828211657837999,212.3512010331739,-15.207540025288091,207.752154,-14.1650702
5.0,1.096990000589,90.0,198.8346915608265,-12.62327526851078,213.0236726187036,-15.150564879115656,208.145714,-14.0403932
5.0,1.096990000589,100.0,198.92615011364654,-12.41613193209025,213.18565720886969,-14.988202132519737,208.512994,-13.9186792
5.0,1.096990000589,110.0,198.9960392438096,-12.213058825359974,213.3362883580871,-14.840109578445905,208.844672,-13.8040017
5.0,1.096990000589,120.0,199.04262000865663,-12.020144715936928,213.4719448022643,-14.710704461255569,209.131973,-13.699979
5.0,1.096990000589,130.0,199.0652690304822,-11.84311438291712,213.59574471374808,-14.60512542927348,209.368454,-13.6100185
5.0,1.096990000589,140.0,199.06440266107595,-11.68717080092856,213.7050183166465,-14.526356735389593,209.549622,-13.537213
5.0,1.096990000589,150.0,199.0413318007645,-11.556858037588684,213.80485101343547,-14.478299254466036,209.671555,-13.4837383
5.0,1.096990000589,160.0,198.99806758878222,-11.455946561951821,213.8936598711933,-14.46241191724326,209.735313,-13.45201
5.0,1.096990000589,170.0,198.93710238303714,-11.387341641616038,213.9731374548644,-14.479985552490058,209.740848,-13.4432521
5.0,1.096990000589,180.0,198.86119169603123,-11.353014799438274,214.0386834936074,-14.530032521093911,209.689994,-13.4580605
5.0,1.096990000589,190.0,198.77316094326187,-11.353957945841463,214.0881929606656,-14.611137358333105,209.58208,-13.4955929
5.0,1.096990000589,200.0,198.67575623485462,-11.390159779567103,214.11707733495987,-14.720445509339568,209.421631,-13.5551329
5.0,1.096990000589,210.0,198.57155158580198,-11.460604284572272,214.1172350790847,-14.85341002519948,209.210925,-13.6345165
5.0,1.096990000589,220.0,198.46291669282184,-11.563291524867068,214.0873173297132,-15.00613287001844,208.953978,-13.7311578
5.0,1.096990000589,230.0,198.35204085795482,-11.695281306264613,214.0181479009935,-15.172102794359477,208.653564,-13.8413166
5.0,1.096990000589,240.0,198.24100081299508,-11.85276048348718,213.91248404768444,-15.346673244171958,208.317968,-13.9617309
5.0,1.096990000589,250.0,198.1318541151622,-12.031134612388097,213.76717198893297,-15.523249814347883,207.953272,-14.0879939
5.0,1.096990000589,260.0,198.02673623024626,-12.225144192387082,213.58558574015052,-15.69633480788286,207.569834,-14.2162027
5.0,1.096990000589,270.0,197.92793887929267,-12.429004888603695,213.37025747528128,-15.85983806463994,207.175665,-14.3416281
5.0,1.096990000589,280.0,197.8379497623819,-12.63656990242399,213.12754576225984,-16.008544783096404,206.784433,-14.460675
5.0,1.096990000589,290.0,197.75943911164697,-12.841511186185613,212.86543646513144,-16.137893890589538,206.40855,-14.5696695
5.0,1.096990000589,300.0,197.69518594653997,-13.037514621183524,212.59201053509904,-16.243648403630292,206.061341,-14.6655183
5.0,1.096990000589,310.0,197.63416225707456,-13.219059007986544,212.3286143166937,-16.325187621563693,205.754736,-14.7453926
5.0,1.096990000589,320.0,197.5913519509771,-13.380447952445461,212.08049875226675,-16.378947385407685,205.499703,-14.8070218
5.0,1.096990000589,330.0,197.5725216605009,-13.515776123775442,211.8653057732447,-16.405474884468106,205.309291,-14.8495789
5.0,1.096990000589,340.0,197.57957935904906,-13.620762164072321,211.6904919424393,-16.40398858088096,205.190245,-14.8718741
5.0,1.096990000589,350.0,197.6135027818178,-13.692074781770625,211.56563377255029,-16.37550363072474,205.147359,-14.8733642
5.0,1.185550571198,0.0,219.26326912134792,-14.845580920600181,236.15416315958024,-17.96824628692919,228.845938,-16.3396319
5.0,1.185550571198,10.0,219.25654308933633,-14.823682215482208,236.0292989602348,-17.867420501497723,228.904924,-16.2901349
5.0,1.185550571198,20.0,219.2646021473975,-14.764814953567864,235.9609220601108,-17.745738867785814,229.04622,-16.2244107
5.0,1.185550571198,30.0,219.28638627105803,-14.670846890940437,235.9459967986852,-17.605997865854132,229.262039,-16.1438114
5.0,1.185550571198,40.0,219.32001976984668,-14.544753650768861,235.9827558048427,-17.452316822371866,229.543415,-16.0504548
5.0,1.185550571198,50.0,219.36301290673137,-14.390514345734942,236.06024446913727,-17.287416752745603,229.881191,-15.9471776
5.0,1.185550571198,60.0,219.4125129092346,-14.212973378729153,236.1751763617441,-17.116375296214702,230.257007,-15.8355693
5.0,1.185550571198,70.0,219.465576049857,-14.017674565052314,236.31618624995383,-16.942791839665457,230.660688,-15.7194016
5.0,1.185550571198,80.0,219.51943046748494,-13.81067477167333,236.4782667927653,-16.771995752109774,231.075393,-15.6012695
5.0,1.185550571198,90.0,219.57170090176515,-13.598344870117344,237.20287746328685,-16.727858251890705,231.486741,-15.4845103
5.0,1.185550571198,100.0,219.61404661880744,-13.38623920972722,237.38072618931616,-16.575424896814066,231.88373,-15.3728668
5.0,1.185550571198,110.0,219.6471712668726,-13.18148892240669,237.5636159372467,-16.44016681076849,232.252258,-15.2692631
5.0,1.185550571198,120.0,219.6760162098026,-12.990483688758134,237.7476545317452,-16.326096542151305,232.583413,-15.1771835
5.0,1.185550571198,130.0,219.70091142059624,-12.818898487240194,237.93646866665907,-16.23824461384812,232.872117,-15.100262
5.0,1.185550571198,140.0,219.72256058376647,-12.671788145945005,238.12405584469656,-16.178790140667644,233.109533,-15.0406552
5.0,1.185550571198,150.0,219.7418430871203,-12.553453089682732,238.3144652730526,-16.15130191876837,233.293523,-15.0009684
5.0,1.185550571198,160.0,219.75960084783242,-12.467329525096895,238.50342948970803,-16.156673885875556,233.419672,-14.9825586
5.0,1.185550571198,170.0,219.7764392632721,-12.415904782719243,238.6885372694377,-16.19536361548465,233.489424,-14.9868804
5.0,1.185550571198,180.0,219.79256952814956,-12.40065785256043,238.8636038097018,-16.26618513701119,233.500512,-15.0138447
5.0,1.185550571198,190.0,219.80771428292266,-12.42202485593474,239.02177157505184,-16.366877351997996,233.452079,-15.0625892
5.0,1.185550571198,200.0,219.8210902098378,-12.479389147331533,239.15482674020572,-16.493974691721927,233.343773,-15.1313698
5.0,1.185550571198,210.0,219.8314712995877,-12.571095928214655,239.25153926510643,-16.642514542519347,233.179221,-15.218395
5.0,1.185550571198,220.0,219.83732594269355,-12.69449147131769,239.3083190151204,-16.808270677137816,232.95815,-15.3201431
5.0,1.185550571198,230.0,219.83701143228978,-12.84598721933097,239.3080460027496,-16.983952307847215,232.684888,-15.4332306
5.0,1.185550571198,240.0,219.82900172477537,-13.021148933329084,239.25102271539063,-17.165046589530956,232.363084,-15.5534748
5.0,1.185550571198,250.0,219.812119838215,-13.214810725985657,239.1347067640795,-17.344046772339713,231.998689,-15.6764672
5.0,1.185550571198,260.0,219.78574512684665,-13.421213091246633,238.9621741308475,-17.515406388802546,231.603794,-15.7987717
5.0,1.185550571198,270.0,219.7417955591239,-13.633419364038751,238.73590956870555,-17.673079838241737,231.186892,-15.915919
5.0,1.185550571198,280.0,219.6857459131737,-13.845264208673488,238.46346198827985,-17.812174179512635,230.762618,-16.0246102
5.0,1.185550571198,290.0,219.62317093662097,-14.050722235560656,238.1560724263229,-17.928801369479217,230.342558,-16.1211121
5.0,1.185550571198,300.0,219.55680417275096,-14.243466135853463,237.824022073376,-18.01924655537017,229.94462,-16.2034403
5.0,1.185550571198,310.0,219.48988990540167,-14.417514587642708,237.48785626315205,-18.08280207739797,229.581764,-16.269049
5.0,1.185550571198,320.0,219.42593618651736,-14.567429144794175,237.1545930760367,-18.116448925519105,229.265509,-16.3158417
5.0,1.185550571198,330.0,219.368430964695,-14.688497373386403,236.8444530008705,-18.121297108923123,229.009993,-16.3432495
5.0,1.185550571198,340.0,219.32055116128507,-14.776894569865526,236.5669997269252,-18.0971024187394,228.825199,-16.3507807
5.0,1.185550571198,350.0,219.2848954725594,-14.829817031333643,236.33455364705432,-18.04552164208118,228.7196,-16.3388274
5.0,1.274449428801,0.0,241.6928746871081,-16.23742912995416,261.8577932322262,-19.97375256613661,254.566883,-18.3689413
5.0,1.274449428801,10.0,241.56055621592643,-16.189573005309505,261.60727211539967,-19.84778353734004,254.554497,-18.3049056
5.0,1.274449428801,20.0,241.43846541035134,-16.10446319391765,261.4190665877064,-19.702953745767207,254.631954,-18.2263118
5.0,1.274449428801,30.0,241.32939666103442,-15.984841728297784,261.3010256898894,-19.544174778349817,254.796594,-18.1356102
5.0,1.274449428801,40.0,241.2355603601171,-15.83457403664079,261.2458064684105,-19.37388250006946,255.039276,-18.0347653
5.0,1.274449428801,50.0,241.15879394331265,-15.657518819098005,261.2521803136244,-19.197250090288907,255.34932,-17.9262483
5.0,1.274449428801,60.0,241.10044804058774,-15.46003980672105,261.3108644119257,-19.017943800789045,255.71525,-17.8130415
5.0,1.274449428801,70.0,241.06155131463555,-15.248497393528979,261.41946137149444,-18.84138886003277,256.120626,-17.697459
5.0,1.274449428801,80.0,241.04286372685135,-15.029519458821632,261.5691141160228,-18.671740025314207,256.552542,-17.5829782
5.0,1.274449428801,90.0,241.04489874815502,-14.809878633004272,262.35223976668226,-18.64018658956701,256.99486,-17.4724401
5.0,1.274449428801,100.0,241.06791584190816,-14.596272602810748,262.56496170431893,-18.496923916201624,257.432947,-17.3688696
5.0,1.274449428801,110.0,241.11187552271534,-14.395118679635766,262.8002830861583,-18.37407021664781,257.855193,-17.2757053
5.0,1.274449428801,120.0,241.17636236773666,-14.212368835668713,263.05981954605824,-18.27688215879778,258.253128,-17.196544
5.0,1.274449428801,130.0,241.26048738185787,-14.053349296168735,263.3376903915002,-18.208337552615934,258.613145,-17.1333701
5.0,1.274449428801,140.0,241.36278579839092,-13.922626804758517,263.63342613293776,-18.17179125346982,258.929562,-17.0889981
5.0,1.274449428801,150.0,241.481129048903,-13.823902046530252,263.94028584766966,-18.168558718941046,259.195869,-17.0653415
5.0,1.274449428801,160.0,241.6126698147229,-13.759929540838902,264.25753900499257,-18.2003520816708,259.40741,-17.0636961
5.0,1.274449428801,170.0,241.75383664701084,-13.732462643072568,264.5762051225116,-18.26632012757901,259.561375,-17.0848138
5.0,1.274449428801,180.0,241.90038982505945,-13.742222091591934,264.8857950080982,-18.364510528750483,259.65442,-17.1283776
5.0,1.274449428801,190.0,242.0475434546897,-13.78888671397001,265.1753034638138,-18.491882579998908,259.679832,-17.1923156
5.0,1.274449428801,200.0,242.1901510945202,-13.871105338680929,265.42858791791747,-18.643422072004345,259.638885,-17.2752635
5.0,1.274449428801,210.0,242.32294440157528,-13.98652949988286,265.6374377824223,-18.814869046702608,259.529276,-17.3742202
5.0,1.274449428801,220.0,242.44080740502702,-14.131867031427957,265.7856603011445,-18.99936256411939,259.351059,-17.4855668
5.0,1.274449428801,230.0,242.53906394137272,-14.302956997636798,265.8627788813746,-19.19035570579921,259.105798,-17.6053261
5.0,1.274449428801,240.0,242.6137531865703,-14.494866508270661,265.85956191279735,-19.380694916695603,258.796562,-17.7290725
5.0,1.274449428801,250.0,242.66186845756755,-14.702009754340326,265.77535787125856,-19.56444600278333,258.431651,-17.8528438
5.0,1.274449428801,260.0,242.68153752331062,-14.918289056552538,265.60993050622284,-19.735317848838545,258.01846,-17.972142
5.0,1.274449428801,270.0,242.6721282009918,-15.137256849172074,265.36586715502887,-19.88712166112688,257.568132,-18.082926
5.0,1.274449428801,280.0,242.63427034633276,-15.352296368350997,265.0517361515934,-20.014771618872714,257.097181,-18.1823261
5.0,1.274449428801,290.0,242.5697935907258,-15.556817442441243,264.6775548038677,-20.114683518206945,256.61804,-18.2667586
5.0,1.274449428801,300.0,242.48158835056887,-15.744462286849243,264.2634180200902,-20.185457499223915,256.14954,-18.3344229
5.0,1.274449428801,310.0,242.37341132241218,-15.909211533085616,263.82454592558605,-20.2252007192516,255.708586,-18.383677
5.0,1.274449428801,320.0,242.2496741548292,-16.045096600773324,263.3790677479306,-20.233470013862807,255.307472,-18.4126596
5.0,1.274449428801,330.0,242.11500700731918,-16.1486911290791,262.94209740046404,-20.210220894313768,254.965655,-18.4219171
5.0,1.274449428801,340.0,241.9742273452094,-16.216587902559034,262.53479406664866,-20.15789463050048,254.695254,-18.4115773
5.0,1.274449428801,350.0,241.83206391892054,-16.246513981430592,262.1695499202595,-20.078171092918595,254.505598,-18.3821475
5.0,1.363009999412,0.0,261.2786558604005,-16.983927244066535,284.5863098513285,-21.303351319294613,275.946559,-19.4061835
5.0,1.363009999412,10.0,261.0112631430585,-16.90836056892804,284.18733291902805,-21.144558817981167,275.843474,-19.3230134
5.0,1.363009999412,20.0,260.75844750652476,-16.796251462446396,283.8606607144312,-20.968865875178626,275.838399,-19.2268251
5.0,1.363009999412,30.0,260.52652148398965,-16.651136677701366,283.6174079575375,-20.782287827186483,275.931241,-19.1206288
5.0,1.363009999412,40.0,260.3211013495582,-16.47761264091304,283.4577918559972,-20.589254513470102,276.116009,-19.0070934
5.0,1.363009999412,50.0,260.14710697360607,-16.28117255236385,283.376107587988,-20.393547112235733,276.380403,-18.8882974
5.0,1.363009999412,60.0,260.0087702569024,-16.06801160231616,283.3710328723019,-20.200371220469496,276.715266,-18.7677698
5.0,1.363009999412,70.0,259.90963324891396,-15.84480993232018,283.4400621728019,-20.015072312604847,277.107309,-18.6484775
5.0,1.363009999412,80.0,259.8525208655122,-15.618503815569369,283.5759031157706,-19.84204427519811,277.539417,-18.5329975
5.0,1.363009999412,90.0,259.8394791787026,-15.39605547549658,284.4083505643687,-19.8192488062415,278.000672,-18.42522
5.0,1.363009999412,100.0,259.8716778205959,-15.184231081523105,284.6594698729004,-19.68331450316339,278.473119,-18.3275344
5.0,1.363009999412,110.0,259.9492831793616,-14.989394936197591,284.9581822740949,-19.57285542850584,278.945884,-18.2434967
5.0,1.363009999412,120.0,260.0713167049166,-14.817325952182054,285.3033239495564,-19.492534025178355,279.405474,-18.1757227
5.0,1.363009999412,130.0,260.2355187316869,-14.673060488747298,285.69237103887446,-19.446061785465208,279.839872,-18.1265259
5.0,1.363009999412,140.0,260.4388744506564,-14.560244756981765,286.11421177261866,-19.43464559501381,280.242766,-18.0986487
5.0,1.363009999412,150.0,260.67586924917134,-14.482422807766257,286.5640021632208,-19.46006620395171,280.603025,-18.0930946
5.0,1.363009999412,160.0,260.93946249650105,-14.442188285033621,287.0351345740278,-19.52293408233941,280.914782,-18.1110017
5.0,1.363009999412,170.0,261.2218308149835,-14.44062435127257,287.5142497237702,-19.62161446076429,281.16884,-18.1518991
5.0,1.363009999412,180.0,261.5140732675712,-14.477703443091817,287.98509739112365,-19.753068341492305,281.36115,-18.215312
5.0,1.363009999412,190.0,261.80652009146127,-14.552295789112204,288.43108898145687,-19.913199051094523,281.483638,-18.2990628
5.0,1.363009999412,200.0,262.08912237460896,-14.662202836598947,288.8308762035353,-20.095982059449096,281.531605,-18.4005356
5.0,1.363009999412,210.0,262.35251579039914,-14.803709592589673,289.17055594317407,-20.29596984657043,281.500976,-18.5163452
5.0,1.363009999412,220.0,262.5874534727992,-14.972520928402206,289.4327339348032,-20.506031130901537,281.388133,-18.642196
5.0,1.363009999412,230.0,262.7849078836628,-15.164161607915698,289.59755717453135,-20.717547058756665,281.193105,-18.7737341
5.0,1.363009999412,240.0,262.93781749980315,-15.37301548887954,289.6567563792005,-20.92343626384755,280.916189,-18.9058324
5.0,1.363009999412,250.0,263.0408823849239,-15.592921855429964,289.60746933866045,-21.11712372003737,280.562835,-19.0339052
5.0,1.363009999412,260.0,263.09080358335035,-15.81734162036466,289.4474457666822,-21.291711234455985,280.145613,-19.1543485
5.0,1.363009999412,270.0,263.08640213739494,-16.03953972929087,289.18056721693534,-21.441282826431006,279.673044,-19.2625632
5.0,1.363009999412,280.0,263.0286122128559,-16.252779929923737,288.8161092825105,-21.561139499393978,279.16084,-19.3553539
5.0,1.363009999412,290.0,262.92035420132515,-16.450527100142494,288.3661813632765,-21.64718127033592,278.625249,-19.4298668
5.0,1.363009999412,300.0,262.7663040596543,-16.62665139889967,287.8530626891766,-21.69835833007046,278.085795,-19.4843492
5.0,1.363009999412,310.0,262.57258341110787,-16.77562767079483,287.2980856520251,-21.71431401983912,277.561519,-19.5175503
5.0,1.363009999412,320.0,262.346400231419,-16.89272286530893,286.7174906122139,-21.694301077259865,277.070959,-19.528945
5.0,1.363009999412,330.0,262.0956718252113,-16.974163812275695,286.13481236837987,-21.6401160120665,276.632982,-19.5189072
5.0,1.363009999412,340.0,261.82866023482626,-17.017277633024086,285.57419865326773,-21.554939262595155,276.262917,-19.4882293
5.0,1.363009999412,350.0,261.5536455855515,-17.020597476104033,285.0527830329784,-21.4415127896482,275.973147,-19.4380981
5.0,1.450558283611,0.0,282.5377855161533,-18.24876148395882,307.3902280552802,-22.86453981096807,299.552395,-21.1151021
5.0,1.450558283611,10.0,282.1178067316895,-18.141461956604626,306.830277864874,-22.66933562453605,299.348453,-21.0092279
5.0,1.450558283611,20.0,281.7184111740265,-17.998341682392194,306.3543089072526,-22.45989324756837,299.253403,-20.8922237
5.0,1.450558283611,30.0,281.34987348542506,-17.82384542854421,305.976434179662,-22.242881602114107,299.268265,-20.7673997
5.0,1.450558283611,40.0,281.02155395538574,-17.62341112086329,305.69935177205616,-22.023243228490745,299.389515,-20.6379677
5.0,1.450558283611,50.0,280.7418332991529,-17.403287753664223,305.5258820697106,-21.806593804588488,299.611395,-20.5075115
5.0,1.450558283611,60.0,280.51804892501855,-17.170324998148395,305.454678357809,-21.598100472323235,299.919208,-20.378361
5.0,1.450558283611,70.0,280.3564120031881,-16.931743752007765,305.4858292613647,-21.40356263570776,300.303259,-20.2543365
5.0,1.450558283611,80.0,280.2618909983808,-16.694897682467534,305.6096337657355,-21.226813943417586,300.747384,-20.1382209
5.0,1.450558283611,90.0,280.2380561390666,-16.467035807645132,306.49160602707025,-21.21324486974414,301.238931,-20.0335993
5.0,1.450558283611,100.0,280.286889465577,-16.255075377052847,306.792198942627,-21.086576946734883,301.758705,-19.9426901
5.0,1.450558283611,110.0,280.4085753119297,-16.065392907269683,307.167499425326,-20.991065588315127,302.296862,-19.8693011
5.0,1.450558283611,120.0,280.6012949444675,-15.903639441692146,307.615001795639,-20.931130360198,302.836723,-19.8154692
5.0,1.450558283611,130.0,280.8610721877995,-15.774570365921159,308.12691566399025,-20.909416984140755,303.36545,-19.7834064
5.0,1.450558283611,140.0,281.1826240191669,-15.681135971027475,308.6953182843301,-20.92785103730268,303.871931,-19.7749521
5.0,1.450558283611,150.0,281.55605444564486,-15.627094201454142,309.307990651531,-20.98680559553574,304.343961,-19.7909829
5.0,1.450558283611,160.0,281.97061127310127,-15.613962410494338,309.9543209745904,-21.086151755449336,304.7702,-19.8316715
5.0,1.450558283611,170.0,282.4136344164752,-15.642054398645039,310.61032075639264,-21.222143659630945,305.143646,-19.8969171
5.0,1.450558283611,180.0,282.87094687698533,-15.71047989957848,311.2583266502582,-21.391550327977644,305.450661,-19.9845115
5.0,1.450558283611,190.0,283.3273717824513,-15.817174288967568,311.8769837348036,-21.58934616927749,305.678934,-20.091319
5.0,1.450558283611,200.0,283.7675258653331,-15.958813065847536,312.4363772746869,-21.807724532603057,305.825132,-20.2150466
5.0,1.450558283611,210.0,284.1771575441548,-16.130360524300954,312.91655747956264,-22.039934891433152,305.877718,-20.35072
5.0,1.450558283611,220.0,284.5410536307827,-16.32747026730343,313.29374112137634,-22.277357913096186,305.832153,-20.4937522
5.0,1.450558283611,230.0,284.84654248031165,-16.544294563817466,313.5504618835177,-22.51175120807917,305.683733,-20.6386686
5.0,1.450558283611,240.0,285.0831786629878,-16.77438184159773,313.6722398196692,-22.73452483314709,305.436125,-20.7809589
5.0,1.450558283611,250.0,285.2432007673262,-17.01085803572491,313.6557517327646,-22.938785129395185,305.088832,-20.9145219
5.0,1.450558283611,260.0,285.3218349073434,-17.246623208866694,313.49420165570046,-23.11639702839085,304.656378,-21.0360697
5.0,1.450558283611,270.0,285.3174268740926,-17.47455844610234,313.1956936574961,-23.26218114299995,304.148064,-21.1408891
5.0,1.450558283611,280.0,285.23140106715476,-17.687737407790724,312.7726020924702,-23.371918461026723,303.579596,-21.2256909
5.0,1.450558283611,290.0,285.068059178453,-17.879636503253412,312.23703708213134,-23.44139922964804,302.971481,-21.288313
5.0,1.450558283611,300.0,284.83424444281854,-18.044337417715244,311.61311279791795,-23.47001501990253,302.345706,-21.3274485
5.0,1.450558283611,310.0,284.5389067831,-18.176715653273295,310.92345129731115,-23.457570031810647,301.722828,-21.3421086
5.0,1.450558283611,320.0,284.1926094804887,-18.272608801149822,310.1942915082572,-23.40552442113781,301.122538,-21.3318829
5.0,1.450558283611,330.0,283.80701874630535,-18.328958442295455,309.4507569565674,-23.316142567968782,300.570253,-21.2986305
5.0,1.450558283611,340.0,283.39441395781046,-18.343919912518338,308.72203643796456,-23.193687595466443,300.08429,-21.24371
5.0,1.450558283611,350.0,282.9672490327315,-18.316934742158665,308.02697156935074,-23.04126374353969,299.680196,-21.1690904
5.0,1.536427986098,0.0,300.41011395634825,-19.402922194171847,326.44926023962404,-24.23468313893913,318.088984,-22.373395
5.0,1.536427986098,10.0,299.85669924671316,-19.266831247601406,325.7061795885836,-24.0010175891946,317.766037,-22.2430767
5.0,1.536427986098,20.0,299.33043098331507,-19.095820307793428,325.0570026749139,-23.75596311159641,317.56062,-22.1036484
5.0,1.536427986098,30.0,298.845022498701,-18.895136038103658,324.5212720777395,-23.50726052764249,317.476825,-21.958968
5.0,1.536427986098,40.0,298.4130533457502,-18.670952848621372,324.10519411227835,-23.26056831771532,317.5153,-21.8130421
5.0,1.536427986098,50.0,298.04584594154784,-18.430175586730076,323.816761862924,-23.022437637912105,317.669329,-21.6691758
5.0,1.536427986098,60.0,297.7533375643945,-18.180216891603717,323.6558346631288,-22.79811115600273,317.929542,-21.5306874
5.0,1.536427986098,70.0,297.5439259060942,-17.928757964991508,323.6265502711583,-22.59405588307804,318.285416,-21.4012074
5.0,1.536427986098,80.0,297.42427500087825,-17.68350234922248,323.7226079797378,-22.41460486745618,318.725001,-21.284302
5.0,1.536427986098,90.0,297.3990795212185,-17.45193239137744,324.6385600862803,-22.41026232809503,319.23161,-21.1827657
5.0,1.536427986098,100.0,297.47079777007747,-17.241077428391666,324.9763281505409,-22.29393676881587,319.788699,-21.0993711
5.0,1.536427986098,110.0,297.6393755697581,-17.05730148198708,325.4207521300263,-22.214984625117523,320.381981,-21.0370419
5.0,1.536427986098,120.0,297.9019929915321,-16.90611662879184,325.96955410984305,-22.17775747609652,320.994382,-20.9978438
5.0,1.536427986098,130.0,298.2333659805275,-16.790459362802352,326.61067058978114,-22.18398818282253,321.612419,-20.9839092
5.0,1.536427986098,140.0,298.63912063959964,-16.71487581276022,327.3328658399062,-22.234936538124387,322.222665,-20.9967202
5.0,1.536427986098,150.0,299.12214748961054,-16.682687807881337,328.1176566841498,-22.329711171206394,322.808028,-21.0361686
5.0,1.536427986098,160.0,299.66831958923717,-16.694799828519667,328.9509140819857,-22.46758263145644,323.354914,-21.1020098
5.0,1.536427986098,170.0,300.2607484730815,-16.75080212768553,329.80274102631233,-22.64369687590404,323.849044,-21.192792
5.0,1.536427986098,180.0,300.8803312690006,-16.848986623006034,330.6479961481419,-22.853407152282937,324.277149,-21.3061836
5.0,1.536427986098,190.0,301.5064644441708,-16.986397245248057,331.4574436589443,-23.090147559426715,324.623526,-21.4384281
5.0,1.536427986098,200.0,302.1005321035463,-17.157511873082065,332.1956244541935,-23.34505550317563,324.879212,-21.5859142
5.0,1.536427986098,210.0,302.6344398861157,-17.356559567152882,332.8382264988987,-23.610508173669874,325.030121,-21.7430307
5.0,1.536427986098,220.0,303.1065792083247,-17.578915421457307,333.35412751426924,-23.876346303429425,325.067296,-21.9041878
5.0,1.536427986098,230.0,303.50078263338764,-17.817895202791426,333.7231590000597,-24.133706601585768,324.985986,-22.063774
5.0,1.536427986098,240.0,303.8038567591886,-18.066303247495135,333.92491483254656,-24.37265407092859,324.785426,-22.2162419
5.0,1.536427986098,250.0,304.00612940404284,-18.31664543917802,333.9568310270913,-24.586391938403384,324.466914,-22.3558843
5.0,1.536427986098,260.0,304.1017974491241,-18.56135284023609,333.81121325645825,-24.76649894942089,324.040023,-22.4782825
5.0,1.536427986098,270.0,304.08905877603263,-18.793009034472345,333.4966909305629,-24.90782911559989,323.516318,-22.579298
5.0,1.536427986098,280.0,303.970030451857,-19.004574079492517,333.024562106664,-25.00588249602006,322.913735,-22.6561092
5.0,1.536427986098,290.0,303.75047300583066,-19.18959818637917,332.4127439600534,-25.056961627001844,322.24983,-22.7060485
5.0,1.536427986098,300.0,303.4393554022757,-19.342418750893323,331.6864155973644,-25.06120319689132,321.548973,-22.7283748
5.0,1.536427986098,310.0,303.0483056664065,-19.458335027130936,330.8669995717218,-25.01923266346893,320.835798,-22.7231024
5.0,1.536427986098,320.0,302.59099717520047,-19.53375543564557,329.9852378664964,-24.93349155702396,320.132745,-22.6904967
5.0,1.536427986098,330.0,302.0825201598126,-19.566313150505774,329.06799510116633,-24.806712986167742,319.465531,-22.6324561
5.0,1.536427986098,340.0,301.53878240191494,-19.55494620038444,328.1548106156699,-24.64455670328553,318.859258,-22.5519609
5.0,1.536427986098,350.0,300.9759734101522,-19.49993890694249,327.2734199512366,-24.451489762230825,318.33196,-22.4514408
5.0,1.619965586583,0.0,317.6292505963814,-20.707332807079734,344.08235032695046,-25.6112217427558,336.093263,-23.827631
5.0,1.619965586583,10.0,316.95066686573085,-20.542795943089487,343.1509768018252,-25.33779727215725,335.646884,-23.6716164
5.0,1.619965586583,20.0,316.3064008073081,-20.3442874621184,342.326426349598,-25.056553103287943,335.327108,-23.5085698
5.0,1.619965586583,30.0,315.71336730442283,-20.11783470827235,341.6283940340707,-24.775244261701005,335.142336,-23.3431707
5.0,1.619965586583,40.0,315.18710902915245,-19.870327377963314,341.0643445099467,-24.499682698177192,335.091909,-23.1790522
5.0,1.619965586583,50.0,314.74161979716536,-19.60930656586572,340.6567817796892,-24.23938046021828,335.176953,-23.0211289
5.0,1.619965586583,60.0,314.3891588345528,-19.342731198679157,340.4046098301075,-23.999173912052925,335.389093,-22.8728646
5.0,1.619965586583,70.0,314.14003312028024,-19.078730022548847,340.3113247553668,-23.78515473682445,335.717283,-22.7377505
5.0,1.619965586583,80.0,314.0023354993344,-18.825348182543014,340.3774280358176,-23.60289562875812,336.149986,-22.6194262
5.0,1.619965586583,90.0,313.98163959591506,-18.590297660278658,341.3229248769187,-23.607430649397283,336.671684,-22.5209804
5.0,1.619965586583,100.0,314.0806668760914,-18.38072037582321,341.6966729969706,-23.501614430441105,337.267361,-22.4455155
5.0,1.619965586583,110.0,314.2989546172159,-18.202971723172972,342.2137544768539,-23.44036482838118,337.919544,-22.3954152
5.0,1.619965586583,120.0,314.63256414111936,-18.062430903038866,342.86607024881505,-23.42676317304604,338.607185,-22.3719367
5.0,1.619965586583,130.0,315.07387469041475,-17.963342872972888,343.6338668212555,-23.4608717095232,339.316659,-22.3773022
5.0,1.619965586583,140.0,315.57088435427596,-17.906121060658506,344.5142183775071,-23.54571149928417,340.031579,-22.4124524
5.0,1.619965586583,150.0,316.16653277606355,-17.896092150085202,345.4780349435998,-23.678237578333054,340.732931,-22.4768783
5.0,1.619965586583,160.0,316.8477666389115,-17.93383351497667,346.5016017595444,-23.855809739436705,341.402702,-22.5694082
5.0,1.619965586583,170.0,317.5933671529158,-18.01820413630986,347.5531283678049,-24.073344671249814,342.022539,-22.6877392
5.0,1.619965586583,180.0,318.37732387426206,-18.146546290177337,348.5990639680049,-24.32451748247564,342.575881,-22.8287397
5.0,1.619965586583,190.0,319.1125374432164,-18.311094353013523,349.6017408653002,-24.601126920675025,343.044639,-22.9880265
5.0,1.619965586583,200.0,319.8163876281832,-18.509543599000853,350.5251738082714,-24.89425961344748,343.413238,-23.1605337
5.0,1.619965586583,210.0,320.4647729778955,-18.735873796930314,351.332781980667,-25.19374878665002,343.66583,-23.3400937
5.0,1.619965586583,220.0,321.0354747093904,-18.983210092113843,351.9849340292535,-25.4875627034753,343.790626,-23.5204596
5.0,1.619965586583,230.0,321.50913854582205,-19.2440321464506,352.4686745211173,-25.768392549476435,343.781062,-23.6955108
5.0,1.619965586583,240.0,321.8701069542714,-19.510405139390997,352.7550597316942,-26.02438285700811,343.63005,-23.8583591
5.0,1.619965586583,250.0,322.10704670760555,-19.77422481126859,352.8368781174069,-26.24763047316965,343.344889,-24.0045403
5.0,1.619965586583,260.0,322.21333461293545,-20.027467894844325,352.7103337700203,-26.43050940236468,342.925473,-24.1276341
5.0,1.619965586583,270.0,322.1871854005632,-20.26243904386661,352.3844324759464,-26.56789052311913,342.390191,-24.2250553
5.0,1.619965586583,280.0,322.0315277983805,-20.47200577419586,351.8704640388989,-26.653796037203776,341.75057,-24.2926832
5.0,1.619965586583,290.0,321.75365506300636,-20.649813852359276,351.19044418350154,-26.686237809681376,341.029122,-24.3290266
5.0,1.619965586583,300.0,321.36469285675827,-20.790476877639353,350.3630592604347,-26.66575446450165,340.253032,-24.3340482
5.0,1.619965586583,310.0,320.87893843009044,-20.88973521312123,349.4063304968097,-26.592617567685064,339.44319,-24.3070537
5.0,1.619965586583,320.0,320.3131299141983,-20.944580749962856,348.3672055815202,-26.472787757451645,338.633395,-24.2508171
5.0,1.619965586583,330.0,319.68570294905487,-20.953345064790497,347.2740747855042,-26.30818849315409,337.847707,-24.1670307
5.0,1.619965586583,340.0,319.0160845178564,-20.91574930464851,346.1718273994028,-26.104473049578164,337.114191,-24.0591478
5.0,1.619965586583,350.0,318.32406199404767,-20.83291467162459,345.0985457620952,-25.869383877111435,336.458532,-23.9313631
5.0,1.700535313487,0.0,334.1911708628873,-22.16032467657976,361.0189695212184,-27.139696067575624,352.704403,-25.2771673
5.0,1.700535313487,10.0,333.3958890195185,-21.96755976561109,359.89735399573004,-26.825347755111498,352.129105,-25.0946595
5.0,1.700535313487,20.0,332.6427745851788,-21.741883306650717,358.8907670513611,-26.505726696724626,351.691992,-24.907809
5.0,1.700535313487,30.0,331.9517042695584,-21.49008619821989,358.02573576064214,-26.19002652308808,351.398687,-24.7205513
5.0,1.700535313487,40.0,331.3409204772984,-21.21975353728747,357.3206849807654,-25.88630341462916,351.258004,-24.5385318
5.0,1.700535313487,50.0,330.8268059175969,-20.93904138328593,356.79066091138174,-25.60233618169836,351.270053,-24.3663015
5.0,1.700535313487,60.0,330.42364702228036,-20.656433624635575,356.4439996732089,-25.34477217914559,351.428404,-24.2077284
5.0,1.700535313487,70.0,330.14336227581686,-20.380486404884405,356.2901743491387,-25.12078316513669,351.72473,-24.0668208
5.0,1.700535313487,80.0,329.995183608612,-20.1195684616454,356.32912680116755,-24.935612946909888,352.148442,-23.9474764
5.0,1.700535313487,90.0,329.9852944430209,-19.88160616869809,357.3046774477804,-24.94916660876298,352.683807,-23.8527414
5.0,1.700535313487,100.0,330.116443786734,-19.673841780349665,357.72010420803946,-24.85449818733903,353.313644,-23.7853061
5.0,1.700535313487,110.0,330.3875708115857,-19.502612648740843,358.30964893784136,-24.810494167358865,354.017811,-23.7470507
5.0,1.700535313487,120.0,330.79348552458487,-19.37315800268142,359.06669116123777,-24.82047909215947,354.779817,-23.7402171
5.0,1.700535313487,130.0,331.324657397578,-19.289458632221294,359.974412393225,-24.885127148734444,355.579183,-23.7656292
5.0,1.700535313487,140.0,331.967163257605,-19.25411359883436,361.01401162130713,-25.00415327487296,356.398251,-23.8240066
5.0,1.700535313487,150.0,332.7028382353494,-19.26825709769702,362.158439787716,-25.17503288745729,357.21212,-23.913535
5.0,1.700535313487,160.0,333.5096592627276,-19.33151780571322,363.3781241126942,-25.39400935760916,358.004587,-24.0333789
5.0,1.700535313487,170.0,334.3623710406022,-19.442022410281716,364.6346079879106,-25.65472151724612,358.750873,-24.1797451
5.0,1.700535313487,180.0,335.2333416006913,-19.596444346239114,365.8857751635687,-25.94915086645697,359.431531,-24.3488754
5.0,1.700535313487,190.0,336.0936110750809,-19.790097855068282,367.086902465162,-26.26768603062809,360.023991,-24.5352123
5.0,1.700535313487,200.0,336.91407623987936,-20.017076240059335,368.1928284248943,-26.59950768959986,360.510896,-24.7332432
5.0,1.700535313487,210.0,337.6667370970749,-20.27043150382522,369.1638937997922,-26.93377159385108,360.874185,-24.9362516
5.0,1.700535313487,220.0,338.32592269952977,-20.54239058329627,369.96095151486816,-27.25852550853448,361.09512,-25.1364324
5.0,1.700535313487,230.0,338.8694124413124,-20.824601270021656,370.555188115892,-27.56291375684952,361.16351,-25.3269428
5.0,1.700535313487,240.0,339.27937672800084,-21.10839898958845,370.9228053486201,-27.8361313864732,361.074258,-25.5013362
5.0,1.700535313487,250.0,339.54307607510634,-21.385084147911098,371.0564103890017,-28.070113276379697,360.826268,-25.6534155
5.0,1.700535313487,260.0,339.653278779112,-21.646199050760124,370.9563504083808,-28.2559881575696,360.424322,-25.7779783
5.0,1.700535313487,270.0,339.6083817480276,-21.883793574373215,370.6436558354837,-28.385229507994342,359.87781,-25.8705829
5.0,1.700535313487,280.0,339.412243988371,-22.090669777560485,370.1066744895468,-28.455861576645606,359.207756,-25.9293208
5.0,1.700535313487,290.0,339.0737650300712,-22.260597365419773,369.35540469409983,-28.4678519882858,358.432596,-25.9519826
5.0,1.700535313487,300.0,338.6062587141221,-22.388494028464272,368.4173989668637,-28.421416136300703,357.580022,-25.9387483
5.0,1.700535313487,310.0,338.02668461385326,-22.470566863347962,367.3240756134093,-28.31835663433308,356.677414,-25.8903822
5.0,1.700535313487,320.0,337.3548039845167,-22.504413010435556,366.1137036311254,-28.1629574447724,355.75506,-25.8090383
5.0,1.700535313487,330.0,336.6123246645492,-22.489079125954092,364.82379529855376,-27.96037586909445,354.84812,-25.6987885
5.0,1.700535313487,340.0,335.82209024132237,-22.42508018425622,363.5077561283227,-27.71779174072164,353.986662,-25.5634738
5.0,1.700535313487,350.0,335.0073552142628,-22.31437859083282,362.23130683213935,-27.440771033995503,353.195784,-25.4071458
5.0,1.777523982538,0.0,352.4794706914178,-23.58950212942942,379.0587753849838,-28.508926944860303,371.145177,-26.7069259
5.0,1.777523982538,10.0,351.5330351860377,-23.362791211567995,377.7473704903612,-28.15251209667333,370.443156,-26.4972198
5.0,1.777523982538,20.0,350.638886016273,-23.104521271592322,376.56708941214697,-27.794781322409165,369.886078,-26.2845478
5.0,1.777523982538,30.0,349.81773356650814,-22.82219307470923,375.54309482434,-27.44462316538296,369.489593,-26.0750604
5.0,1.777523982538,40.0,349.0914494711742,-22.524244067757135,374.7021793534221,-27.11185974846469,369.262071,-25.8742122
5.0,1.777523982538,50.0,348.4796995982936,-22.21958410902663,374.0591033315703,-26.80408425577465,369.204548,-25.6868294
5.0,1.777523982538,60.0,347.99963513900354,-21.91733931398201,373.63134917067663,-26.52978355333641,369.315247,-25.5177707
5.0,1.777523982538,70.0,347.6655467965026,-21.626586782488648,373.423910781072,-26.29503047930676,369.585843,-25.3710485
5.0,1.777523982538,80.0,347.48847088196516,-21.35608782368432,373.4422787488454,-26.106079505319,370.003524,-25.2501297
5.0,1.777523982538,90.0,347.4757531876083,-21.114027722020786,374.4522659777203,-26.12745011100472,370.555772,-25.1587283
5.0,1.777523982538,100.0,347.63059441400577,-20.907769992527566,374.9153348388345,-26.043214645432727,371.223437,-25.0991722
5.0,1.777523982538,110.0,347.95161733669386,-20.74363253550185,375.5875408642059,-26.016871704594934,371.987248,-25.0734845
5.0,1.777523982538,120.0,348.43250833496927,-20.626692264711114,376.45664198722005,-26.05055010770833,372.826675,-25.0830694
5.0,1.777523982538,130.0,349.0617921380059,-20.560623814418832,377.5068281152693,-26.145201339019028,373.721146,-25.1287527
5.0,1.777523982538,140.0,349.822797584709,-20.547577070188087,378.7104838469396,-26.29875814778697,374.647716,-25.2100712
5.0,1.777523982538,150.0,350.6938628336761,-20.588097509188504,380.0417095429005,-26.50904095118881,375.583451,-25.3256991
5.0,1.777523982538,160.0,351.6488116980314,-20.681092728331418,381.4576228729505,-26.769627523122736,376.505763,-25.4733558
5.0,1.777523982538,170.0,352.65771014388844,-20.823847937943665,382.9164767679589,-27.07356788960379,377.388318,-25.6488839
5.0,1.777523982538,180.0,353.6878855628377,-21.012092324934006,384.36875337127645,-27.411393208135667,378.207357,-25.8476285
5.0,1.777523982538,190.0,354.7051649509179,-21.240116972637935,385.7636984927515,-27.77224326407573,378.93283,-26.0624658
5.0,1.777523982538,200.0,355.67526418658605,-21.500943202602613,387.05097696878096,-28.144220626482703,379.547978,-26.2879477
5.0,1.777523982538,210.0,356.565242613558,-21.78653786322371,388.1812693214617,-28.514321993564533,380.023645,-26.5150671
5.0,1.777523982538,220.0,357.34492739957034,-22.088069392552494,389.1136408085715,-28.87011790059641,380.340995,-26.7359986
5.0,1.777523982538,230.0,357.98821185164087,-22.39619571334216,389.8124547381584,-29.199113948914995,380.49028,-26.9439474
5.0,1.777523982538,240.0,358.4741411269879,-22.70137256907066,390.2588249900296,-29.491382366990035,380.458215,-27.1307268
5.0,1.777523982538,250.0,358.78771689299555,-22.99416925622638,390.4424665063689,-29.736879774800304,380.241745,-27.2897764
5.0,1.777523982538,260.0,358.92037668564836,-23.26557802540814,390.37890648218735,-29.922350912296707,379.846694,-27.4160579
5.0,1.777523982538,270.0,358.87013177689823,-23.507303984806647,390.05586424361377,-30.045993307194063,379.283678,-27.5053646
5.0,1.777523982538,280.0,358.64137570645283,-23.712024008417703,389.4645613294001,-30.105568735813826,378.568531,-27.5547292
5.0,1.777523982538,290.0,358.2444011086098,-23.873605665357175,388.6266164927824,-30.099495806062688,377.724731,-27.5629561
5.0,1.777523982538,300.0,357.72498997792195,-23.989495272900058,387.5676888085704,-30.027600284356463,376.784556,-27.5312448
5.0,1.777523982538,310.0,357.10244645755694,-24.056402997837143,386.32770430860336,-29.893564657265543,375.776141,-27.4604468
5.0,1.777523982538,320.0,356.34461476673823,-24.068550790307317,384.9454612984211,-29.70184226188135,374.732719,-27.3533749
5.0,1.777523982538,330.0,355.4761117235172,-24.025723140103597,383.46941640461023,-29.46003334965141,373.696085,-27.215477
5.0,1.777523982538,340.0,354.5236681118251,-23.92934836918449,381.94803239943377,-29.17499300071196,372.696308,-27.0506718
5.0,1.777523982538,350.0,353.5152795022984,-23.782440885876554,380.4670966224484,-28.85381841527436,371.768514,-26.8650875
5.0,1.850345663479,0.0,370.1054006588084,-25.100281735687613,395.99994074307455,-29.89819520058177,388.010148,-28.0473217
5.0,1.850345663479,10.0,368.90632320302075,-24.83089991600675,394.4998144723658,-29.498835554704936,387.172899,-27.8084448
5.0,1.850345663479,20.0,367.7864191251544,-24.532825915406356,393.13983901246655,-29.10059498642043,386.491263,-27.5689717
5.0,1.850345663479,30.0,366.83320254803033,-24.21904460420756,391.955692125641,-28.714693216441777,385.985185,-27.3359436
5.0,1.850345663479,40.0,365.9902682210582,-23.89285968080422,390.9862547843063,-28.353465704912782,385.667544,-27.1158432
5.0,1.850345663479,50.0,365.2806218576505,-23.563948878676097,390.22992948193945,-28.0209030745927,385.536151,-26.9127603
5.0,1.850345663479,60.0,364.7242922868114,-23.242082709536394,389.7187718799158,-27.72854182781599,385.595603,-26.7329085
5.0,1.850345663479,70.0,364.3379104737797,-22.936850310070923,389.4625563091252,-27.483313112292983,385.833439,-26.5794922
5.0,1.850345663479,80.0,364.1342428268552,-22.65738692963116,389.4649322424395,-27.290962025330742,386.242497,-26.4570787
5.0,1.850345663479,90.0,364.12168670929725,-22.41211016301599,390.5107671898448,-27.320524802991525,386.809317,-26.3692087
5.0,1.850345663479,100.0,364.30375563625245,-22.208472089198093,391.02664979885327,-27.24750953834959,387.511566,-26.3174778
5.0,1.850345663479,110.0,364.67859926420056,-22.052734166613064,391.7814593610569,-27.23866648633243,388.333894,-26.3047591
5.0,1.850345663479,120.0,365.23861657890944,-21.94977124036896,392.7649925155995,-27.29660307071256,389.250332,-26.3312762
5.0,1.850345663479,130.0,365.9702271905225,-21.902910457138432,393.9678698338371,-27.4236556530705,390.23923,-26.3974807
5.0,1.850345663479,140.0,366.85386391035183,-21.913810408569443,395.3379581129116,-27.612710226125504,391.279379,-26.5033747
5.0,1.850345663479,150.0,367.8642389655536,-21.98238540921698,396.85551544858646,-27.862990515610544,392.341057,-26.6461253
5.0,1.850345663479,160.0,368.97091737642967,-22.106779468263884,398.4735223191706,-28.167282593314123,393.398822,-26.822848
5.0,1.850345663479,170.0,370.13920531900357,-22.283393917007082,400.1391446952314,-28.51646593874236,394.423514,-27.028744
5.0,1.850345663479,180.0,371.3313320819515,-22.506971679647283,401.796382500042,-28.899705280857983,395.386313,-27.2581455
5.0,1.850345663479,190.0,372.5078745440255,-22.770739527342663,403.3882414193956,-29.304852227458017,396.254616,-27.5033828
5.0,1.850345663479,200.0,373.6293467486591,-23.06660726121874,404.852416091797,-29.71737278942925,397.001227,-27.756801
5.0,1.850345663479,210.0,374.6578575476674,-23.385419711303157,406.1385338881205,-30.12392170400092,397.599537,-28.0099877
5.0,1.850345663479,220.0,375.5587287958323,-23.717253938513345,407.2107681396061,-30.51305569276413,398.025403,-28.2539603
5.0,1.850345663479,230.0,376.3019668664611,-24.05175056118631,408.0121159128351,-30.867356911063126,398.260469,-28.480107
5.0,1.850345663479,240.0,376.8634912002288,-24.378465167540156,408.542460086715,-31.17759579684005,398.290676,-28.6801271
5.0,1.850345663479,250.0,377.2260439882127,-24.687223823532303,408.8165725980508,-31.427142091434373,398.11324,-28.8475112
5.0,1.850345663479,260.0,377.37973263553573,-24.968466129409986,408.7804964888194,-31.61418834324901,397.728429,-28.9759216
5.0,1.850345663479,270.0,377.32218774767205,-25.213560182107354,408.43139009215656,-31.733895336487794,397.146252,-29.0611063
5.0,1.850345663479,280.0,377.1621489643769,-25.422695616383177,407.77947304410645,-31.781696441821964,396.386799,-29.1009272
5.0,1.850345663479,290.0,376.80472160860774,-25.58213417006451,406.8408515519102,-31.75478617888812,395.47447,-29.0943814
5.0,1.850345663479,300.0,376.2466649296335,-25.685872280354378,405.6531076869634,-31.65555275493408,394.443755,-29.043158
5.0,1.850345663479,310.0,375.5086445044959,-25.73098817387676,404.2691616611428,-31.49051865256691,393.323827,-28.9482806
5.0,1.850345663479,320.0,374.61594804202815,-25.716371141000025,402.7104063591333,-31.2605269630452,392.158591,-28.8148581
5.0,1.850345663479,330.0,373.59737938575256,-25.642720694859317,401.0428110757546,-30.97709186611,390.983496,-28.6470019
5.0,1.850345663479,340.0,372.48418806107793,-25.512493455748274,399.31754438560966,-30.64966385675015,389.84047,-28.4512824
5.0,1.850345663479,350.0,371.3090884175654,-25.32980348175589,397.6079821103038,-30.287300301533808,388.767979,-28.2344118
5.0,1.918446139346,0.0,385.79721355550606,-26.565229911023877,410.4579311076364,-31.13537115702846,402.541398,-29.2646056
5.0,1.918446139346,10.0,384.44161267886057,-26.260307626380143,408.7770766742634,-30.694126182159547,401.564545,-28.9956752
5.0,1.918446139346,20.0,383.13944020162694,-25.926869704568123,407.2476944978427,-30.257143052373305,400.756044,-28.7290788
5.0,1.918446139346,30.0,381.9261018725853,-25.5748632482181,405.91340707670383,-29.83734674066905,400.134388,-28.471544
5.0,1.918446139346,40.0,380.98362495887324,-25.225487992232498,404.81032959543626,-29.446453034928208,399.717723,-28.2307672
5.0,1.918446139346,50.0,380.20559377073783,-24.878520470566812,403.94923659164016,-29.09098311004973,399.508777,-28.0117789
5.0,1.918446139346,60.0,379.5807224243322,-24.538664534846735,403.3612850904752,-28.78219151662681,399.510061,-27.8203657
5.0,1.918446139346,70.0,379.1498747906539,-24.220772512622204,403.0564144417298,-28.526943980708943,399.71221,-27.6603332
5.0,1.918446139346,80.0,378.9272790557265,-23.93429184751421,403.0445957291439,-28.332121204104244,400.108815,-27.5364012
5.0,1.918446139346,90.0,378.92209522923497,-23.687806283918334,404.12207877118544,-28.36974019103057,400.684455,-27.4516567
5.0,1.918446139346,100.0,379.1378557416622,-23.488788873379157,404.6893631611295,-28.308414707344383,401.421315,-27.4085663
5.0,1.918446139346,110.0,379.5719563183198,-23.3433785190986,405.52811234790806,-28.318267345695443,402.297541,-27.4086198
5.0,1.918446139346,120.0,380.2152597805053,-23.25618601660604,406.6275816740679,-28.40173383705088,403.292051,-27.4529401
5.0,1.918446139346,130.0,381.0518816669086,-23.230135383081993,407.9698306757941,-28.55943612034549,404.378806,-27.5411337
5.0,1.918446139346,140.0,382.0592245345111,-23.26634631417995,409.5070104568104,-28.785207277124268,405.532608,-27.6721298
5.0,1.918446139346,150.0,383.20831567448437,-23.3640635792309,411.20863908794513,-29.076094321321403,406.724275,-27.8433122
5.0,1.918446139346,160.0,384.4644823491565,-23.520639096161254,413.0208173138295,-29.42356426606901,407.923924,-28.0507685
5.0,1.918446139346,170.0,385.7883709244634,-23.731571956726917,414.8858472591434,-29.817478485012447,409.097098,-28.2886665
5.0,1.918446139346,180.0,387.1372844173931,-23.990610510681897,416.7394594727664,-30.24528863635133,410.207978,-28.5497314
5.0,1.918446139346,190.0,388.46678105150556,-24.28991860403462,418.5175610719857,-30.69328322579918,411.226457,-28.8268933
5.0,1.918446139346,200.0,389.7324480558883,-24.62030506311463,420.1526307090178,-31.14574425027658,412.115708,-29.1105077
5.0,1.918446139346,210.0,390.89174393004754,-24.971511692349182,421.5886714526671,-31.58797871908853,412.844182,-29.3910809
5.0,1.918446139346,220.0,391.90579155031793,-25.332550785466836,422.7825325001025,-32.006731733264864,413.382529,-29.6585515
5.0,1.918446139346,230.0,392.74100518698856,-25.692078954449215,423.7024050937436,-32.38340266599189,413.708442,-29.90358
5.0,1.918446139346,240.0,393.3704468191135,-26.038790593248965,424.3552461341531,-32.70143252814971,413.809102,-30.117992
5.0,1.918446139346,250.0,393.7830913216522,-26.362415045706534,424.6756259042177,-32.960042038578806,413.671018,-30.2930688
5.0,1.918446139346,260.0,394.10579070476325,-26.663056632089056,424.647331807145,-33.15017493851979,413.298421,-30.4233814
5.0,1.918446139346,270.0,394.1737993732287,-26.92001981075894,424.26745401358056,-33.26418275432787,412.70458,-30.50526
5.0,1.918446139346,280.0,393.9887766099039,-27.125463607482914,423.5502599171308,-33.298263658509335,411.89913,-30.5343533
5.0,1.918446139346,290.0,393.56066469813373,-27.27324978908884,422.5169653341333,-33.250717316818026,410.91848,-30.5122777
5.0,1.918446139346,300.0,392.9068644065174,-27.359112805741688,421.208151493714,-33.12462460806854,409.793798,-30.4399769
5.0,1.918446139346,310.0,392.0511797272061,-27.38075721314579,419.6767068199521,-32.92660804427265,408.563241,-30.3205092
5.0,1.918446139346,320.0,391.0000039227242,-27.33307215028293,417.9553109580063,-32.66008707446883,407.267305,-30.158218
5.0,1.918446139346,330.0,389.80875991435255,-27.22249698562803,416.1097944605336,-32.33674240447423,405.951927,-29.9594643
5.0,1.918446139346,340.0,388.5191420793289,-27.053834593241433,414.1952504452095,-31.96703275097944,404.663277,-29.731816
5.0,1.918446139346,350.0,387.1691208606661,-26.83245535281235,412.2731958740862,-31.56386417069648,403.442872,-29.4827124
5.0,1.981307124396,0.0,399.08945541477294,-27.886794756415497,421.5570383921982,-32.02351391347084,414.11337,-30.2247588
5.0,1.981307124396,10.0,397.5749037890651,-27.54531055998987,419.71290905459,-31.545437741436377,413.000314,-29.9264118
5.0,1.981307124396,20.0,396.1228873344778,-27.177282207394057,418.0323780248643,-31.07499321764716,412.066596,-29.6331025
5.0,1.981307124396,30.0,394.7731818153017,-26.793667213243268,416.55709922805744,-30.624630665388786,411.333498,-29.3521663
5.0,1.981307124396,40.0,393.5628906605707,-26.405790359281127,415.3324175352802,-30.20804325586593,410.816853,-29.0907313
5.0,1.981307124396,50.0,392.65892793687334,-26.034674497609235,414.3727170530446,-29.8323566627443,410.528849,-28.8559306
5.0,1.981307124396,60.0,391.9976558836788,-25.68448086974388,413.71703455294136,-29.51041161365244,410.471881,-28.6534119
5.0,1.981307124396,70.0,391.55845325907814,-25.362507937920192,413.3711197086736,-29.24794231376619,410.636428,-28.4868881
5.0,1.981307124396,80.0,391.3558711961234,-25.078237936873965,413.3478345625279,-29.052322362841533,411.020336,-28.3619804
5.0,1.981307124396,90.0,391.3680187604336,-24.833645808234134,414.4514842228811,-29.09744850665176,411.605381,-28.2810863
5.0,1.981307124396,100.0,391.62298165838985,-24.64148620400473,415.07261255076463,-29.049099226336395,412.371347,-28.2460948
5.0,1.981307124396,110.0,392.12134382538716,-24.508594025269577,415.998229974386,-29.078783536733766,413.302405,-28.2597132
5.0,1.981307124396,120.0,392.8521819634164,-24.439240470167935,417.209080910061,-29.18714066989982,414.373175,-28.3220722
5.0,1.981307124396,130.0,393.7970887868397,-24.435877066727326,418.6888859114399,-29.37519253185029,415.555232,-28.4321988
5.0,1.981307124396,140.0,394.93026675962534,-24.499024192366665,420.3842428252207,-29.63568617151641,416.823052,-28.5889381
5.0,1.981307124396,150.0,396.21895121672713,-24.627207697664893,422.2643289279292,-29.96568537411277,418.142217,-28.7884726
5.0,1.981307124396,160.0,397.62419603876145,-24.816950502646705,424.261013366216,-30.35373483636518,419.480955,-29.0264791
5.0,1.981307124396,170.0,399.1020257116467,-25.062825707244247,426.3116204698292,-30.78873203713898,420.799347,-29.2959284
5.0,1.981307124396,180.0,400.6049241465371,-25.3575765136941,428.3454231887474,-31.25675452859454,422.061034,-29.5894456
5.0,1.981307124396,190.0,402.08359700130853,-25.692305868241778,430.2935811409196,-31.74308667025265,423.225569,-29.8977696
5.0,1.981307124396,200.0,403.4889146061107,-26.05673515322089,432.084988787133,-32.23117382394092,424.254607,-30.2109608
5.0,1.981307124396,210.0,404.7739207801557,-26.43952671261906,433.6508634813917,-32.70340504877591,425.110318,-30.5181876
5.0,1.981307124396,220.0,405.89578175103924,-26.828659944069877,434.95471919812593,-33.145970578212626,425.758947,-30.8085821
5.0,1.981307124396,230.0,406.8175506195325,-27.21184579851583,435.9971290048474,-33.53340511812531,426.174989,-31.0719238
5.0,1.981307124396,240.0,407.68237901340154,-27.589684255608457,436.7139021205712,-33.86463450898489,426.341226,-31.2993657
5.0,1.981307124396,250.0,408.2920305811769,-27.93784325210225,437.05817093778205,-34.12892768644984,426.240308,-31.4811879
5.0,1.981307124396,260.0,408.62501586764824,-28.24505677606539,437.0215715432937,-34.31756740838304,425.884036,-31.6136631
5.0,1.981307124396,270.0,408.67405415759924,-28.501763317406844,436.6022728405308,-34.42299766048731,425.271384,-31.6900783
5.0,1.981307124396,280.0,408.4374391249856,-28.699222762026285,435.819067375736,-34.4423612997464,424.426114,-31.7091198
5.0,1.981307124396,290.0,407.90222871605005,-28.826258642366444,434.6972246078229,-34.37486388806982,423.378972,-31.671228
5.0,1.981307124396,300.0,407.11900317335113,-28.885632928165148,433.2728670604054,-34.22265277618429,422.165644,-31.5783297
5.0,1.981307124396,310.0,406.1154572425235,-28.87591773479706,431.6070754354767,-33.994337702731364,420.825491,-31.4337964
5.0,1.981307124396,320.0,404.92503513574,-28.797854766953634,429.7360975441628,-33.69415950015276,419.405481,-31.2434086
5.0,1.981307124396,330.0,403.58556750034995,-28.654276174935752,427.7329868073971,-33.335571190236806,417.954061,-31.0142119
5.0,1.981307124396,340.0,402.1379303573585,-28.449962658850442,425.65067368593526,-32.92872211368043,416.52431,-30.7551992
5.0,1.981307124396,350.0,400.6247875814068,-28.191449946585713,423.55392518592265,-32.48737043240697,415.157007,-30.4737512
5.0,2.038450208578,0.0,409.7361950947844,-28.922212317235882,428.42809261908747,-32.25774517599651,422.157495,-30.7158514
5.0,2.038450208578,10.0,408.05502665875406,-28.542968756053952,426.45747725430766,-31.75424117569983,420.921261,-30.3906911
5.0,2.038450208578,20.0,406.44555895516294,-28.13944570106421,424.65837960220665,-31.260831735031744,419.87165,-30.0725151
5.0,2.038450208578,30.0,404.95225232472706,-27.723652128886844,423.07533697336856,-30.7904954604691,419.036481,-29.770072
5.0,2.038450208578,40.0,403.6165049379417,-27.307830332614838,421.7520364291128,-30.356366685170663,418.431932,-29.4905044
5.0,2.038450208578,50.0,402.4898097258148,-26.90514484394943,420.7191559909117,-29.96895580103522,418.07464,-29.2419054
5.0,2.038450208578,60.0,401.75562282858414,-26.538164769662764,420.0090772479501,-29.63940754651885,417.963909,-29.0292105
5.0,2.038450208578,70.0,401.26878920004026,-26.205242108688815,419.6345863734516,-29.374790188603715,418.095541,-28.8572342
5.0,2.038450208578,80.0,401.045385775121,-25.916102442819252,419.606418661094,-29.181775420165536,418.465556,-28.73116
5.0,2.038450208578,90.0,401.0947554820556,-25.679271483521426,420.7297555037535,-29.23345242421453,419.059874,-28.6542041
5.0,2.038450208578,100.0,401.4189237869489,-25.50184727564222,421.4014678131082,-29.198479853469763,419.857642,-28.6280541
5.0,2.038450208578,110.0,402.00475543378917,-25.38773883865955,422.40339713878535,-29.246339310835964,420.836761,-28.6540119
5.0,2.038450208578,120.0,402.8260849325781,-25.338028717023196,423.7155894447378,-29.37749895655334,421.975921,-28.7329959
5.0,2.038450208578,130.0,403.88310569432116,-25.359158106100388,425.3111132292038,-29.59074742227324,423.246573,-28.8639426
5.0,2.038450208578,140.0,405.14663413759996,-25.450987822725658,427.1461262245868,-29.88094521001168,424.617325,-29.0444261
5.0,2.038450208578,150.0,406.57992962534564,-25.611271776895997,429.1720223658331,-30.24150403887971,426.053305,-29.2703246
5.0,2.038450208578,160.0,408.1396022753109,-25.83565967139136,431.3207655809063,-30.661108925680384,427.521839,-29.5372418
5.0,2.038450208578,170.0,409.7769056125533,-26.117763924975566,433.5195391525604,-31.126631136291312,428.970709,-29.8354446
5.0,2.038450208578,180.0,411.43937962651063,-26.449297338988362,435.6953563931408,-31.62371718658539,430.370226,-30.158947
5.0,2.038450208578,190.0,413.0727752391585,-26.82028535207786,437.77458628429343,-32.13670985827195,431.66703,-30.4957689
5.0,2.038450208578,200.0,414.62316090702603,-27.219352633501344,439.6813959058759,-32.64804580534104,432.817317,-30.8348019
5.0,2.038450208578,210.0,416.0390899916757,-27.63407853633133,441.34497113178776,-33.13970556145213,433.783319,-31.1652213
5.0,2.038450208578,220.0,417.3472919020497,-28.05680027226533,442.7146560835402,-33.59660448249318,434.527832,-31.4754285
5.0,2.038450208578,230.0,418.547671029777,-28.477435027313692,443.7862612401095,-33.99913388078358,435.021108,-31.7544452
5.0,2.038450208578,240.0,419.4885647015926,-28.874377212013304,444.5253135799663,-34.332919850197136,435.237925,-31.9915623
5.0,2.038450208578,250.0,420.14124394586946,-29.234994781215512,444.86702052714446,-34.59453144922168,435.171305,-32.1794095
5.0,2.038450208578,260.0,420.4666070217164,-29.543424473402023,444.8048692758861,-34.77565810795818,434.822018,-32.3118808
5.0,2.038450208578,270.0,420.47016435099795,-29.792600138859793,444.3421834768499,-34.869857185839486,434.195961,-32.3837465
5.0,2.038450208578,280.0,420.1629243950244,-29.97637093640257,443.4988053152471,-34.87456265121994,433.316033,-32.3935847
5.0,2.038450208578,290.0,419.5586822351378,-30.089247672764063,442.3010995079885,-34.78925386797663,432.205444,-32.3402172
5.0,2.038450208578,300.0,418.68027862752274,-30.128087487115888,440.7890682384108,-34.61705477388774,430.912746,-32.228426
5.0,2.038450208578,310.0,417.5583690388073,-30.092149529195044,439.0175190600931,-34.3652680948184,429.477261,-32.0615639
5.0,2.038450208578,320.0,416.23002156808036,-29.983060015264215,437.0405955023037,-34.042136391962195,427.946834,-31.8457541
5.0,2.038450208578,330.0,414.73724098659926,-29.804695815556748,434.9201359525025,-33.65875170581893,426.378104,-31.5898222
5.0,2.038450208578,340.0,413.12550333424224,-29.562998855354337,432.7180428321251,-33.227296656082096,424.819494,-31.301798
5.0,2.038450208578,350.0,411.4423660509052,-29.265735142687888,430.5165400673042,-32.756480320587485,423.327229,-30.9925078
5.0,2.089440498517,0.0,417.5747359980624,-29.50122925880986,428.97447304434354,-31.27736046484653,426.141485,-30.4919001
5.0,2.089440498517,10.0,415.7071409296112,-29.08193992434953,426.9314714229963,-30.768589194461374,424.818797,-30.1474684
5.0,2.089440498517,20.0,413.9193359022144,-28.640742877671954,425.0612343676435,-30.270784015802107,423.685738,-29.8109579
5.0,2.089440498517,30.0,412.26115086987795,-28.190780387067193,423.4216451702919,-29.79944581007972,422.775332,-29.4922105
5.0,2.089440498517,40.0,410.7789749165353,-27.745281342573772,422.0460122608106,-29.36512390030384,422.107779,-29.1992401
5.0,2.089440498517,50.0,409.5610194682514,-27.32057108950441,420.9803006712066,-28.981199514764327,421.695549,-28.9392217
5.0,2.089440498517,60.0,408.7370860564237,-26.935616985636994,420.2440361811745,-28.655750134425613,421.544897,-28.7186721
5.0,2.089440498517,70.0,408.18782341318206,-26.59091657654614,419.8605481389661,-28.39775284500571,421.657003,-28.5434866
5.0,2.089440498517,80.0,407.93128319110497,-26.29644589426959,419.8422458219674,-28.21394585987197,422.02179,-28.4174897
5.0,2.089440498517,90.0,407.9778994119336,-26.060801781059038,420.9760825520028,-28.26993372835422,422.62657,-28.3442073
5.0,2.089440498517,100.0,408.32986163028374,-25.890983144478444,421.6957973008824,-28.246869423727443,423.448131,-28.3247745
5.0,2.089440498517,110.0,408.98061937055155,-25.792200354788623,422.7598075406312,-28.309219126766,424.473271,-28.3623538
5.0,2.089440498517,120.0,409.9056921856908,-25.76583449406917,424.1505791283059,-28.457999850475503,425.669079,-28.4553203
5.0,2.089440498517,130.0,411.07802660389467,-25.812570993018095,425.8317940705937,-28.687800400546745,427.010864,-28.6033857
5.0,2.089440498517,140.0,412.4783339143323,-25.934419771380394,427.7673606487122,-28.9949700198117,428.465568,-28.8036441
5.0,2.089440498517,150.0,414.06566745919935,-26.1283269926359,429.8897277414801,-29.3700268053516,429.994879,-29.0512099
5.0,2.089440498517,160.0,415.791889875157,-26.38903466095956,432.133413238068,-29.802407584094954,431.561354,-29.3406665
5.0,2.089440498517,170.0,417.60311812215895,-26.709161069824752,434.420877999216,-30.278317794253127,433.115346,-29.6626589
5.0,2.089440498517,180.0,419.44153176582137,-27.079355226014897,436.6752482094868,-30.782799975555545,434.613837,-30.00837
5.0,2.089440498517,190.0,421.24746940827157,-27.488530275093638,438.8221070051167,-31.30030696714896,436.007708,-30.3666896
5.0,2.089440498517,200.0,422.961707686876,-27.92417641325058,440.7843719816959,-31.81332716819848,437.24742,-30.7252701
5.0,2.089440498517,210.0,424.5277952954526,-28.372747896685667,442.4925480615446,-32.304445186458054,438.293018,-31.0727862
5.0,2.089440498517,220.0,426.07430132146663,-28.833369912143567,443.8864839426869,-32.756736342428034,439.102313,-31.3966224
5.0,2.089440498517,230.0,427.39313510469424,-29.280050622440587,444.9359442950392,-33.1584784707818,439.642969,-31.6852688
5.0,2.089440498517,240.0,428.42469499585417,-29.697203937417527,445.6015524603944,-33.4948977474405,439.895225,-31.9292182
5.0,2.089440498517,250.0,429.12451124371313,-30.068671500960033,445.8658584669108,-33.75509407313028,439.846151,-32.1197499
5.0,2.089440498517,260.0,429.4758276038207,-30.383163114440194,445.7288205711161,-33.931224194126465,439.495218,-32.2506096
5.0,2.089440498517,270.0,429.4796503961715,-30.632568446475684,445.2072947598084,-34.01505245979728,438.851343,-32.3172426
5.0,2.089440498517,280.0,429.13985071697056,-30.80913077894662,444.30934150279694,-34.00682028868534,437.934086,-32.3175026
5.0,2.089440498517,290.0,428.47128590988893,-30.907553124645464,443.0580530601751,-33.90912142330359,436.781879,-32.2535548
5.0,2.089440498517,300.0,427.4987999373368,-30.92514616535948,441.4984024571602,-33.72599541825195,435.42349,-32.12589
5.0,2.089440498517,310.0,426.25592573748054,-30.861868288167837,439.6821405338269,-33.460478051749874,433.916183,-31.9419686
5.0,2.089440498517,320.0,424.78339339271923,-30.720262937685053,437.6887480563196,-33.12104548524928,432.306512,-31.7074643
5.0,2.089440498517,330.0,423.1275445217561,-30.50530408763523,435.5538242459174,-32.71846576604985,430.648811,-31.4308737
5.0,2.089440498517,340.0,421.33874035520927,-30.22416443160186,433.3468845760506,-32.267262883706344,429.000841,-31.1222758
5.0,2.089440498517,350.0,419.46983177265787,-29.88592299989965,431.12871316105696,-31.781042572593005,427.413956,-30.7914589
5.0,2.133889927319,0.0,420.36898553681567,-29.585636248251525,420.0771455792628,-28.861984238767565,423.891639,-29.5404308
5.0,2.133889927319,10.0,418.3160849780459,-29.127967304851637,418.0512941502199,-28.37649961066008,422.552537,-29.191609
5.0,2.133889927319,20.0,416.34931019367724,-28.65083917809113,416.19133746915423,-27.90015786806983,421.407156,-28.8519677
5.0,2.133889927319,30.0,414.52394899008226,-28.16848673058571,414.60512865907566,-27.438402382632585,420.489717,-28.5316938
5.0,2.133889927319,40.0,412.89151597147855,-27.69507910527873,413.2843147083817,-27.00943892881267,419.813292,-28.2371364
5.0,2.133889927319,50.0,411.65991017235405,-27.25600232601111,412.2765605627869,-26.632528063666456,419.402589,-27.9783665
5.0,2.133889927319,60.0,410.73969970628946,-26.854519592579155,411.5912550824596,-26.31358790199197,419.253183,-27.7593553
5.0,2.133889927319,70.0,410.1205122736451,-26.49932230117372,411.2579558204415,-26.063105872138703,419.367767,-27.5866415
5.0,2.133889927319,80.0,409.8225917109383,-26.20058675186695,411.28400399951465,-25.886729581787268,419.739672,-27.4646954
5.0,2.133889927319,90.0,409.8576818210994,-25.96693471275303,412.4054062374564,-25.94243731272246,420.358112,-27.3972584
5.0,2.133889927319,100.0,410.2283528572034,-25.80522673531122,413.1584707192285,-25.928863488110007,421.201723,-27.3856119
5.0,2.133889927319,110.0,410.92749020986594,-25.720385305150458,414.2505410385918,-25.99926491400808,422.250222,-27.4311846
5.0,2.133889927319,120.0,411.92169322298855,-25.711806126969233,415.66514867851737,-26.154827191729066,423.477675,-27.5337141
5.0,2.133889927319,130.0,413.2003454768841,-25.783595488206284,417.35435043597926,-26.38994938133673,424.856046,-27.6921291
5.0,2.133889927319,140.0,414.7290685729911,-25.934582612591566,419.28836548233465,-26.702508175770674,426.34774,-27.9025754
5.0,2.133889927319,150.0,416.4629270319252,-26.160933227246936,421.3924623305793,-27.08047711842339,427.914351,-28.1602667
5.0,2.133889927319,160.0,418.34925104288413,-26.45652310443946,423.6049790307271,-27.51397325509289,429.514727,-28.4590295
5.0,2.133889927319,170.0,420.3292294231219,-26.81303023960042,425.8421897397437,-27.987541523238573,431.100519,-28.7896507
5.0,2.133889927319,180.0,422.33987550925787,-27.22010333269015,428.03251248200496,-28.487071270148377,432.619819,-29.1413014
5.0,2.133889927319,190.0,424.3162850846398,-27.66561294641646,430.1382609412994,-28.98798580899494,434.029504,-29.5039506
5.0,2.133889927319,200.0,426.1940753559176,-28.13598680913582,432.0695929235181,-29.4744899705955,435.282559,-29.8657273
5.0,2.133889927319,210.0,427.91187262224884,-28.61662428053554,433.74116563960655,-29.937848431848693,436.332314,-30.2139851
5.0,2.133889927319,220.0,429.61404035126105,-29.10714818885709,435.09228466484245,-30.36163438818242,437.133905,-30.5353898
5.0,2.133889927319,230.0,431.05639283649543,-29.578285105066463,436.0951068212148,-30.735132092265644,437.664749,-30.8207031
5.0,2.133889927319,240.0,432.1854131922151,-30.014302446039693,436.7095798911407,-31.043987914804053,437.900241,-31.0593689
5.0,2.133889927319,250.0,432.9652219551801,-30.400789401599706,436.9311245215607,-31.28065464851745,437.824846,-31.2422286
5.0,2.133889927319,260.0,433.35863021777436,-30.722023502306183,436.75499604107017,-31.437158402842467,437.452782,-31.3662113
5.0,2.133889927319,270.0,433.3725984451861,-30.971110000487066,436.1950696347408,-31.50938040674492,436.782267,-31.4245705
5.0,2.133889927319,280.0,433.01071743402684,-31.140219593416358,435.2726629865435,-31.49513799319391,435.843365,-31.4175019
5.0,2.133889927319,290.0,432.2885178276884,-31.224238390557613,434.0139416393043,-31.39400389684852,434.662945,-31.3447421
5.0,2.133889927319,300.0,431.23244996567837,-31.22091540732348,432.46653941038375,-31.21086542465644,433.287377,-31.2107217
5.0,2.133889927319,310.0,429.8785401088214,-31.130889180783964,430.667261470597,-30.949351397580266,431.756615,-31.0191597
5.0,2.133889927319,320.0,428.2708280152993,-30.957599157413885,428.6944468369337,-30.62304405854286,430.12754,-30.7780383
5.0,2.133889927319,330.0,426.4596878531109,-30.7070940500252,426.5827542643088,-30.23739540314871,428.455456,-30.4961892
5.0,2.133889927319,340.0,424.50012222193413,-30.387754077450957,424.40611354590646,-29.80730787594851,426.790887,-30.1820824
5.0,2.133889927319,350.0,422.4500999311233,-30.009946690610192,422.2131987243565,-29.343318144969285,425.186319,-29.845839
5.0,2.171460207989,0.0,409.7911628593764,-29.130014622932993,393.6177282346956,-25.10289337175404,416.898441,-29.9508578
5.0,2.171460207989,10.0,407.6586292036847,-28.653127549074988,391.78370121468726,-24.65516300820773,415.538968,-29.5996003
5.0,2.171460207989,20.0,405.6165677397937,-28.159691703317698,390.0980090173692,-24.214784175576188,414.373887,-29.2593786
5.0,2.171460207989,30.0,403.72280066837453,-27.664445790858966,388.6319532536119,-23.799564469116465,413.431657,-28.9390942
5.0,2.171460207989,40.0,402.0311695214669,-27.1819280141869,387.40490462652366,-23.416564695235365,412.73988,-28.6481024
5.0,2.171460207989,50.0,400.63318765686654,-26.729210701440298,386.474492095691,-23.08100437990529,412.310022,-28.3932943
5.0,2.171460207989,60.0,399.67581903026405,-26.326750116365965,385.8435406477665,-22.79700341110008,412.146004,-28.1802384
5.0,2.171460207989,70.0,399.0318341150717,-25.974481035795577,385.5475302434129,-22.575573944147504,412.250716,-28.0149494
5.0,2.171460207989,80.0,398.7222326515233,-25.6824103306272,385.59506340167735,-22.42207325018619,412.618402,-27.9017731
5.0,2.171460207989,90.0,398.75903526833895,-25.458883911022916,386.6544777689992,-22.47417172183789,413.236277,-27.8438229
5.0,2.171460207989,100.0,399.14460970897926,-25.310397365302027,387.3927785438207,-22.468734967867647,414.081213,-27.8418373
5.0,2.171460207989,110.0,399.8711829206339,-25.24143704111275,388.4503604396485,-22.53897999970052,415.135937,-27.8976872
5.0,2.171460207989,120.0,400.9206027860299,-25.25435104516822,389.81650689473736,-22.686959364040245,416.374446,-28.0108797
5.0,2.171460207989,130.0,402.2644136596152,-25.349252063955202,391.4383946449432,-22.906062654509025,417.762407,-28.1787107
5.0,2.171460207989,140.0,403.8643015260894,-25.523956820586314,393.2872426252565,-23.19426314240156,419.270634,-28.3987665
5.0,2.171460207989,150.0,405.672947368317,-25.773969863086588,395.2848780743387,-23.539112171057493,420.85622,-28.6648908
5.0,2.171460207989,160.0,407.6353022380367,-26.09252160386643,397.37696791276056,-23.932468763068613,422.478648,-28.9709122
5.0,2.171460207989,170.0,409.69026674037553,-26.470671466286344,399.4803374663846,-24.359507051398207,424.084269,-29.306477
5.0,2.171460207989,180.0,411.77272430014915,-26.897486123863033,401.52933559106015,-24.80773186310928,425.62693,-29.6621017
5.0,2.171460207989,190.0,413.8158453819349,-27.360299858714995,403.4540376494925,-25.26282140681705,427.061964,-30.0276095
5.0,2.171460207989,200.0,415.76888492519305,-27.84617843456879,405.1798970765288,-25.70818363670577,428.332351,-30.3891428
5.0,2.171460207989,210.0,417.74537498429606,-28.35316545434158,406.65744120227936,-26.131137495277944,429.398052,-30.7355151
5.0,2.171460207989,220.0,419.497742199537,-28.852038012265524,407.8370440932572,-26.517557034713903,430.219039,-31.0546881
5.0,2.171460207989,230.0,420.9699947530302,-29.326868525976746,408.6885022126317,-26.85629524413568,430.765337,-31.3359657
5.0,2.171460207989,240.0,422.11600182439025,-29.762338085901867,409.1777457660317,-27.13437930768194,431.011365,-31.5686917
5.0,2.171460207989,250.0,422.90106068899405,-30.144314546920572,409.3127492085469,-27.3461633998589,430.951131,-31.7460718
5.0,2.171460207989,260.0,423.30293058928805,-30.46039466207114,409.1001380934361,-27.480860931731296,430.584994,-31.862166
5.0,2.171460207989,270.0,423.3123061520935,-30.700379088461695,408.5429539139795,-27.538910122118008,429.922706,-31.9130318
5.0,2.171460207989,280.0,422.93274248008373,-30.85665347311927,407.65224480964497,-27.52051573866568,428.982094,-31.896431
5.0,2.171460207989,290.0,422.18007926486274,-30.92445564224299,406.45196692319087,-27.425148153649587,427.801223,-31.8147648
5.0,2.171460207989,300.0,421.08143909818926,-30.902017293484782,404.9942782875708,-27.25885677549208,426.414027,-31.6700806
5.0,2.171460207989,310.0,419.6738934184619,-30.790577506773264,403.3084309400669,-27.022826446427445,424.877436,-31.4699253
5.0,2.171460207989,320.0,418.0028972990648,-30.594273851466877,401.4830413115151,-26.724955343315017,423.232689,-31.2192719
5.0,2.171460207989,330.0,416.12059189193843,-30.319924053168677,399.54320355834335,-26.369452202618817,421.539198,-30.9279103
5.0,2.171460207989,340.0,414.0840622112422,-29.976716534192978,397.5546003717005,-25.97369155102968,419.853445,-30.6059526
5.0,2.171460207989,350.0,411.9536203417332,-29.575831399201324,395.5563662704719,-25.546241786470635,418.228845,-30.2637518
5.0,2.201865408009,0.0,360.4319398817934,-27.13238173710028,343.3394171353404,-22.806910925175487,386.999049,-32.321293
5.0,2.201865408009,10.0,358.60021475681066,-26.70749940037552,341.78351596433725,-22.41880859704062,385.479352,-31.9318969
5.0,2.201865408009,20.0,356.8584685367018,-26.27050182989938,340.35452560056774,-22.037077367449296,384.13814,-31.5568318
5.0,2.201865408009,30.0,355.2562886062899,-25.834438012495433,339.1067332897054,-21.67578461688988,383.010525,-31.2061361
5.0,2.201865408009,40.0,353.8394680534042,-25.412107479977678,338.0691973659429,-21.343870523680867,382.123568,-30.8884494
5.0,2.201865408009,50.0,352.6489595194457,-25.015723461692094,337.2841512950194,-21.053104586941515,381.500298,-30.6123721
5.0,2.201865408009,60.0,351.7198831692133,-24.656613051968467,336.758153740149,-20.80801957541772,381.154881,-30.3846302
5.0,2.201865408009,70.0,351.08058865805157,-24.344955810651125,336.5174522291191,-20.61740794088268,381.093537,-30.2108256
5.0,2.201865408009,80.0,350.7517834790446,-24.08955973882471,336.5760070849774,-20.48728116166249,381.315705,-30.0952502
5.0,2.201865408009,90.0,350.7457542870077,-23.897671952891418,337.4992724058113,-20.53683822568564,381.815074,-30.0412337
5.0,2.201865408009,100.0,351.06572149181903,-23.774820772628832,338.16265720932256,-20.53903963240721,382.574894,-30.0497892
5.0,2.201865408009,110.0,351.70537824116394,-23.724686406615685,339.1046218076217,-20.60848318257244,383.577439,-30.1216762
5.0,2.201865408009,120.0,352.64867076014286,-23.7489989170669,340.30979506574323,-20.7456629689608,384.7994,-30.2561665
5.0,2.201865408009,130.0,353.8698761158368,-23.84746445694246,341.737955804342,-20.94585430423608,386.210338,-30.4506589
5.0,2.201865408009,140.0,355.33402512307816,-24.01772358342189,343.3556328333165,-21.2054497845738,387.776983,-30.7015254
5.0,2.201865408009,150.0,356.9977018683716,-24.25534817992623,345.0977000297726,-21.513901336635644,389.457083,-31.0025229
5.0,2.201865408009,160.0,358.8102287506981,-24.55388569303675,346.90734742658486,-21.861927144642227,391.203976,-31.3459159
5.0,2.201865408009,170.0,360.7152185212815,-24.904960341247165,348.71412542323696,-22.236681835033405,392.960209,-31.7207753
5.0,2.201865408009,180.0,362.65244552253944,-25.298440264420744,350.4656237623674,-22.627954101193883,394.674438,-32.1167588
5.0,2.201865408009,190.0,364.5599604321042,-25.72267702496966,352.09864173196473,-23.02250388096541,396.285546,-32.5203824
5.0,2.201865408009,200.0,366.3763492775945,-26.164819441595604,353.55301811949545,-23.40656304465596,397.741323,-32.9191221
5.0,2.201865408009,210.0,368.0430215225801,-26.611197887586634,354.7867529395964,-23.765837200995733,398.990787,-33.299617
5.0,2.201865408009,220.0,369.50640532578973,-27.04776851197486,355.7994283157948,-24.08477920168225,399.981471,-33.6472015
5.0,2.201865408009,230.0,370.7199319477302,-27.460600276837553,356.51967705279645,-24.360340939802384,400.678865,-33.9500706
5.0,2.201865408009,240.0,371.6457051043071,-27.836382095504074,356.92845680932925,-24.58500130131291,401.064133,-34.1989652
5.0,2.201865408009,250.0,372.25577374500307,-28.16292360133737,357.0259853699684,-24.75371867704084,401.121776,-34.3848713
5.0,2.201865408009,260.0,372.535405380647,-28.429829849834597,356.8099778793132,-24.86061651044933,400.855832,-34.5025813
5.0,2.201865408009,270.0,372.6199778361282,-28.640584060383812,356.2977339360984,-24.903814940953268,400.272769,-34.5474842
5.0,2.201865408009,280.0,372.3343661407242,-28.773595647611753,355.5078945369933,-24.88198097062053,399.396693,-34.5190549
5.0,2.201865408009,290.0,371.6910583652812,-28.824764918897902,354.4603402665833,-24.794568536937486,398.260125,-34.4190824
5.0,2.201865408009,300.0,370.7133563912021,-28.792769469814175,353.1959187703428,-24.64595971921322,396.902822,-34.2518253
5.0,2.201865408009,310.0,369.4342173675931,-28.679072199092417,351.7443521037299,-24.439027521270862,395.36634,-34.0226028
5.0,2.201865408009,320.0,367.8948650778915,-28.487814347142933,350.16144648690914,-24.182906091088096,393.702592,-33.7400415
5.0,2.201865408009,330.0,366.1432588088688,-28.22560522153711,348.4764961311252,-23.88211340638296,391.960913,-33.4131777
5.0,2.201865408009,340.0,364.23249830133125,-27.901225611121497,346.7471222664626,-23.54799158633199,390.195628,-33.0529488
5.0,2.201865408009,350.0,362.3013715175896,-27.53221971875322,345.0049902057724,-23.187260199473386,388.464354,-32.671822
5.0,2.224874125444,0.0,267.3191207365172,-22.117751601150644,260.74091121524253,-20.12635598122768,301.767333,-30.0269408
5.0,2.224874125444,10.0,265.97933095899293,-21.80682777271076,259.59457002085605,-19.84928470231725,300.722871,-29.6822732
5.0,2.224874125444,20.0,264.7076708398327,-21.488572802354476,258.5710196924642,-19.56948471876888,299.801475,-29.3500269
5.0,2.224874125444,30.0,263.54055642596364,-21.172505846204484,257.6940652326938,-19.304340256057653,299.027978,-29.0397745
5.0,2.224874125444,40.0,262.51153899872844,-20.86792708599768,256.9706919155147,-19.061612627180978,298.424232,-28.7600724
5.0,2.224874125444,50.0,261.65051452510795,-20.58367047250614,256.43421298458463,-18.850855837299594,298.004649,-28.5177511
5.0,2.224874125444,60.0,260.98298031087273,-20.327884102831305,256.0712451612388,-18.67154820865648,297.783904,-28.3193223
5.0,2.224874125444,70.0,260.52934160339515,-20.1078395329936,255.9185151633461,-18.534158484419613,297.773238,-28.1704814
5.0,2.224874125444,80.0,260.3042790906013,-19.929769513442338,255.98557913170373,-18.443131728038026,297.976696,-28.0750701
5.0,2.224874125444,90.0,260.3628556731962,-19.802685502533333,256.6861790917348,-18.48956214059546,298.395937,-28.0366039
5.0,2.224874125444,100.0,260.685325381343,-19.728502610966967,257.20516792676307,-18.501395604620228,299.023265,-28.0564702
5.0,2.224874125444,110.0,261.215722882411,-19.705360407353314,257.9285537715112,-18.564425914560207,299.846282,-28.1351908
5.0,2.224874125444,120.0,261.93993595707,-19.734115713429585,258.8499722944618,-18.680059706233067,300.844274,-28.2714273
5.0,2.224874125444,130.0,262.83767159891937,-19.814191746826214,259.9311647631483,-18.842638232864623,301.988474,-28.4619456
5.0,2.224874125444,140.0,263.882864073606,-19.943561329382376,261.15161362942405,-19.050217203374565,303.24589,-28.7024152
5.0,2.224874125444,150.0,265.0443182722301,-20.11876023874751,262.44602734856744,-19.29084273831165,304.574021,-28.9859496
5.0,2.224874125444,160.0,266.29805962791676,-20.33591119248695,263.77281521780554,-19.557334445231827,305.926601,-29.3042694
5.0,2.224874125444,170.0,267.6927591578753,-20.596347474473102,265.0854285940982,-19.84083480674084,307.256844,-29.6478333
5.0,2.224874125444,180.0,269.10789582933637,-20.886045521317207,266.34455925363005,-20.133332429724163,308.513312,-30.0046984
5.0,2.224874125444,190.0,270.49839598641586,-21.196414159174264,267.5135056211656,-20.42438268019881,309.655731,-30.3642882
5.0,2.224874125444,200.0,271.81970324324476,-21.518053543785005,268.57579175221616,-20.696720475501824,310.643767,-30.7144591
5.0,2.224874125444,210.0,273.02941333368864,-21.841036271708745,269.46466027989226,-20.94888349667685,311.444344,-31.0433533
5.0,2.224874125444,220.0,274.0888373094462,-22.155227941157797,270.1598299988885,-21.17570084850143,312.036216,-31.3410195
5.0,2.224874125444,230.0,274.9644117671498,-22.450635063342062,270.6367905244645,-21.369202222293467,312.399187,-31.5966244
5.0,2.224874125444,240.0,275.62888452245824,-22.71776457967335,270.8794138769485,-21.52256627162767,312.527853,-31.8024261
5.0,2.224874125444,250.0,276.06221964143987,-22.94797679270695,270.8985626463697,-21.63450405155673,312.421741,-31.9519034
5.0,2.224874125444,260.0,276.25218537062045,-23.13381264425017,270.6905919924454,-21.70035408866628,312.089934,-32.0408543
5.0,2.224874125444,270.0,276.19461023793696,-23.269277137456076,270.2709151539527,-21.71946269143349,311.546077,-32.066626
5.0,2.224874125444,280.0,275.89331422928944,-23.35006323196608,269.6580036452158,-21.69205719943264,310.809135,-32.0284161
5.0,2.224874125444,290.0,275.3597413956532,-23.37370445612423,268.862724088815,-21.61700033672739,309.903735,-31.9276338
5.0,2.224874125444,300.0,274.61233578820026,-23.339649326287777,267.9227050823195,-21.49940965951748,308.861266,-31.768519
5.0,2.224874125444,310.0,273.67571306969705,-23.249255898301403,266.8516935204012,-21.33971670047713,307.714667,-31.5565369
5.0,2.224874125444,320.0,272.5796849702783,-23.105709850920118,265.694534086303,-21.14568213570111,306.497914,-31.2985775
5.0,2.224874125444,330.0,271.35819306674244,-22.913873934150253,264.46604857617945,-20.91926165241689,305.248814,-31.0037881
5.0,2.224874125444,340.0,270.04820288731906,-22.680080049593066,263.2142547243816,-20.670206930567343,304.000042,-30.680795
5.0,2.224874125444,350.0,268.6886002708661,-22.411877460030908,261.9580681513517,-20.402617036840983,302.786513,-30.3399693
5.0,2.240311250063,0.0,158.58877830713962,-14.424923463757867,193.6479164697045,-25.838520185622084,189.294464,-23.6628262
5.0,2.240311250063,10.0,157.92915397353596,-14.258693650520227,193.5413336997061,-25.57131488456117,189.215953,-23.5232648
5.0,2.240311250063,20.0,157.31743372402659,-14.089431159363091,193.5192662082661,-25.313278387470167,189.205474,-23.3909058
5.0,2.240311250063,30.0,156.77118437665192,-13.922192119322752,193.58506061800608,-25.0738270307226,189.261313,-23.2692967
5.0,2.240311250063,40.0,156.3061420758138,-13.761905440134491,193.7344909190773,-24.85846372355806,189.382881,-23.1620889
5.0,2.240311250063,50.0,155.93583746995847,-13.613240952136016,193.94725701182708,-24.67561346237149,189.570012,-23.0730512
5.0,2.240311250063,60.0,155.67125679318,-13.480490931890667,194.0863331662077,-24.52081860306384,189.821565,-23.0049068
5.0,2.240311250063,70.0,155.52054047873654,-13.367465993876305,194.300445350348,-24.41004079552629,190.137575,-22.9608688
5.0,2.240311250063,80.0,155.48333042077095,-13.27671694758039,194.60214125048137,-24.343298770406776,190.515816,-22.9430156
5.0,2.240311250063,90.0,155.56378822811695,-13.21115398022949,195.1534781094488,-24.413399903220743,190.952002,-22.9528631
5.0,2.240311250063,100.0,155.7651043046863,-13.173287834542451,195.6252720427852,-24.45048215236984,191.438927,-22.9910248
5.0,2.240311250063,110.0,156.08224355009355,-13.164270831216282,196.1639924437783,-24.53955220062724,191.9661,-23.0573309
5.0,2.240311250063,120.0,156.50661892724227,-13.184458646500142,196.7573336722168,-24.679903888798275,192.518916,-23.1503214
5.0,2.240311250063,130.0,157.02622540228936,-13.233390473399682,197.38414375876377,-24.86530349535676,193.077651,-23.2669491
5.0,2.240311250063,140.0,157.62589657839465,-13.309785272794944,198.03096157250943,-25.09333014552629,193.62081,-23.403546
5.0,2.240311250063,150.0,158.2876895142575,-13.411556197069713,198.5747188397173,-25.34769569068986,194.124975,-23.5553011
5.0,2.240311250063,160.0,158.99139545308964,-13.5358456127992,198.95967341675305,-25.618294656864872,194.565959,-23.7164676
5.0,2.240311250063,170.0,159.7151653847641,-13.679083119211455,199.27383427603624,-25.900415572983945,194.922544,-23.8809844
5.0,2.240311250063,180.0,160.42609671688814,-13.835766526910437,199.50359816481503,-26.182475959317475,195.176636,-24.0425703
5.0,2.240311250063,190.0,161.10929232436922,-14.002188415553674,199.64183614323304,-26.456899437361685,195.315768,-24.195176
5.0,2.240311250063,200.0,161.7437604376543,-14.17339260837253,199.6726997162229,-26.71316904416956,195.334174,-24.3335358
5.0,2.240311250063,210.0,162.30919050008274,-14.344088770878995,199.5639347180428,-26.935642595326343,195.232594,-24.4532056
5.0,2.240311250063,220.0,162.7875328914768,-14.508931003169604,199.3593186876856,-27.127504562584345,195.017428,-24.5507428
5.0,2.240311250063,230.0,163.16365279791302,-14.662700001953853,199.0654421469609,-27.28285223497606,194.700725,-24.6236776
5.0,2.240311250063,240.0,163.42586259855273,-14.800487810601886,198.69225163095027,-27.39730321301577,194.298738,-24.6709552
5.0,2.240311250063,250.0,163.5663078450943,-14.91787618945079,198.2532141878613,-27.469349130552303,193.829299,-24.6917857
5.0,2.240311250063,260.0,163.58119147618325,-15.011099437182635,197.763279098592,-27.49782946262891,193.312512,-24.6866622
5.0,2.240311250063,270.0,163.47083144836662,-15.077183104306153,197.2398073057805,-27.48330930181162,192.768888,-24.656765
5.0,2.240311250063,280.0,163.23955725477958,-15.114051369801281,196.6992577926013,-27.42553495295694,192.218254,-24.6037835
5.0,2.240311250063,290.0,162.89546004490037,-15.120597800978253,196.15906396923592,-27.32676517471284,191.67903,-24.52964
5.0,2.240311250063,300.0,162.4500183596717,-15.096716553146297,195.63732573234208,-27.190890566743,191.167657,-24.4367772
5.0,2.240311250063,310.0,161.9176263742186,-15.043293557225311,195.1484085303034,-27.01943092223274,190.698307,-24.3278879
5.0,2.240311250063,320.0,161.31505368702454,-14.962159626185839,194.7094245259221,-26.820101939715,190.281969,-24.2056828
5.0,2.240311250063,330.0,160.66086525637007,-14.856009486464302,194.3312986691408,-26.595938005828376,189.927285,-24.0734781
5.0,2.240311250063,340.0,159.9748273448959,-14.72829233181203,194.02490897579628,-26.353591181375645,189.638945,-23.9341954
5.0,2.240311250063,350.0,159.27732089489282,-14.583080520318454,193.79780124809463,-26.09922507627104,189.419707,-23.791233
5.0,2.248059296027,0.0,53.276625209506,-5.504337657190191,63.22804865728748,-10.366150684434308,59.8896064,-8.03993429
5.0,2.248059296027,10.0,53.14185569054832,-5.4623565957944535,63.17171630973619,-10.30559040545768,59.9134449,-8.00345744
5.0,2.248059296027,20.0,53.02711203019844,-5.41987291655857,63.14505203732809,-10.250285217894248,59.9665411,-7.97048497
5.0,2.248059296027,30.0,52.93567092281709,-5.378148956524571,63.14803916123296,-10.201542938455686,60.0467107,-7.94190621
5.0,2.248059296027,40.0,52.87015078530849,-5.338417549546513,63.17852160167206,-10.16089494715906,60.1510442,-7.91844622
5.0,2.248059296027,50.0,52.8324512333633,-5.301848591979418,63.23022642482877,-10.130996072370388,60.276063,-7.90074992
5.0,2.248059296027,60.0,52.82370597345488,-5.269517713190464,63.313184682973,-10.113147191746068,60.41815,-7.88930179
5.0,2.248059296027,70.0,52.84424938259139,-5.2423775766859295,63.42312057990023,-10.106426271278378,60.5733828,-7.88447384
5.0,2.248059296027,80.0,52.89359778432167,-5.221232286662918,63.55287240246375,-10.108964892263332,60.7378729,-7.88659052
5.0,2.248059296027,90.0,52.97044709960528,-5.206715333512408,63.73504323049203,-10.13899159093445,60.90725,-7.89569236
5.0,2.248059296027,100.0,53.072689016263595,-5.199271483519742,63.898852502549005,-10.16243477982008,61.0771599,-7.91172545
5.0,2.248059296027,110.0,53.19744797157071,-5.199143005936286,64.07290095906312,-10.195606375705225,61.2428611,-7.93437271
5.0,2.248059296027,120.0,53.341141006171256,-5.2063606335717365,64.25262501669688,-10.23779562940077,61.399555,-7.96306933
5.0,2.248059296027,130.0,53.499561892675715,-5.220739662769024,64.43262251049642,-10.287674330093424,61.5421712,-7.9969845
5.0,2.248059296027,140.0,53.66798988377129,-5.241881599345748,64.60798522432607,-10.344011732695774,61.6659041,-8.03506901
5.0,2.248059296027,150.0,53.841322025538695,-5.269181727990408,64.7753778711488,-10.406101532228966,61.7664361,-8.07614065
5.0,2.248059296027,160.0,54.01422635127701,-5.301842901995669,64.92424146064171,-10.47390229531886,61.8399106,-8.11878717
5.0,2.248059296027,170.0,54.1813115577682,-5.338895700644819,65.04690007143857,-10.54258226360218,61.8836395,-8.16155856
5.0,2.248059296027,180.0,54.33730714315088,-5.3792248746833256,65.14194734571237,-10.608737089366151,61.8960382,-8.2030031
5.0,2.248059296027,190.0,54.47724663381452,-5.421601700390308,65.20719976804074,-10.67094825539506,61.8767748,-8.24173804
5.0,2.248059296027,200.0,54.59664561281879,-5.464721508220433,65.24051432718908,-10.727408627297578,61.8267988,-8.27653346
5.0,2.248059296027,210.0,54.69166591445438,-5.507245274320689,65.21817039708178,-10.77682294235908,61.7477931,-8.30628411
5.0,2.248059296027,220.0,54.75925764537583,-5.547843803536463,65.1489637484636,-10.816794954533712,61.6419941,-8.33000253
5.0,2.248059296027,230.0,54.79727164378627,-5.585242735960858,65.05053368460217,-10.845845135456214,61.5126272,-8.34696944
5.0,2.248059296027,240.0,54.804536537064536,-5.6182664181282,64.92638543664744,-10.863453208677477,61.363849,-8.3567499
5.0,2.248059296027,250.0,54.7808965835602,-5.645878627580269,64.78084920375223,-10.869543646893964,61.2001862,-8.35907245
5.0,2.248059296027,260.0,54.72720881316897,-5.667218243419915,64.61863314358264,-10.863891580878963,61.0268516,-8.35396671
5.0,2.248059296027,270.0,54.64530040815975,-5.681628214269724,64.44539968113038,-10.847077775361177,60.8493498,-8.34171882
5.0,2.248059296027,280.0,54.53066191729952,-5.687429741583903,64.26688682760816,-10.8197144528952,60.6733066,-8.32280932
5.0,2.248059296027,290.0,54.39468025275349,-5.685785701010476,64.08867557364387,-10.782566266425812,60.5042236,-8.29786185
5.0,2.248059296027,300.0,54.243711706936445,-5.677127001224754,63.91654784942549,-10.736896372968582,60.3474016,-8.26773504
5.0,2.248059296027,310.0,54.082483800997096,-5.661752792802041,63.75565606655696,-10.683813005675026,60.2076334,-8.23335695
5.0,2.248059296027,320.0,53.91597201083061,-5.640167622464717,63.61120115972559,-10.62513843211866,60.0891181,-8.19570577
5.0,2.248059296027,330.0,53.749239156641515,-5.613061454404973,63.48706459869322,-10.562181004733356,59.9954874,-8.15598244
5.0,2.248059296027,340.0,53.58728113447246,-5.581284594775696,63.38688684157544,-10.496887314460803,59.9293846,-8.11535488
5.0,2.248059296027,350.0,53.427559928581566,-5.54455921273348,63.31022398186271,-10.430714100527792,59.8925702,-8.07493366
10.0,0.211940703974,0.0,3.792268390695802,2.030950061440193,8.19428848010663,4.306604367397173,9.05180233,4.39273606
10.0,0.211940703974,10.0,3.834368124926794,2.0506214775850187,8.246141979087463,4.395470393631006,9.10558143,4.47600553
10.0,0.211940703974,20.0,3.8825760023867986,2.0932543847967837,8.314377527958207,4.5284700362707655,9.17695914,4.60589331
10.0,0.211940703974,30.0,3.935669923132336,2.158093203049549,8.396690342930938,4.702878747640988,9.26362293,4.77990736
10.0,0.211940703974,40.0,3.9923239836068256,2.243856794308726,8.491933654412192,4.915573118447001,9.36622642,4.99570689
10.0,0.211940703974,50.0,4.051104838997521,2.348699986830375,8.598513924206474,5.161825997075816,9.48232589,5.24860606
10.0,0.211940703974,60.0,4.110468899699209,2.47018463831282,8.711601288213936,5.43518999526145,9.60782283,5.53249988
10.0,0.211940703974,70.0,4.168769363312523,2.6052690553131255,8.828488990057735,5.729273959989446,9.73839999,5.84001912
10.0,0.211940703974,80.0,4.2242806231645895,2.7503249377793764,8.945303679120604,6.035364146430268,9.87030561,6.16261023
10.0,0.211940703974,90.0,4.275244108336953,2.901190282426599,9.082111293490224,6.3512606057835415,9.99804729,6.49024154
10.0,0.211940703974,100.0,4.319934980327421,3.0532643058717435,9.187385255135393,6.65310229265998,10.1166278,6.81216321
10.0,0.211940703974,110.0,4.356744510937886,3.2016463841493614,9.280209446373693,6.936834263274356,10.2229033,7.11747586
10.0,0.211940703974,120.0,4.3842694807190385,3.3413157745027244,9.356371203775192,7.191893638009173,10.3123756,7.39431527
10.0,0.211940703974,130.0,4.401398255559186,3.4673434027235737,9.412652030524278,7.408527052986886,10.3943735,7.63594515
10.0,0.211940703974,140.0,4.407383486173315,3.5751222463591383,9.447751102037062,7.578263061157348,10.4654248,7.8327671
10.0,0.211940703974,150.0,4.401893339671746,3.660599585046246,9.460495529320635,7.69394365081337,10.5208488,7.97708276
10.0,0.211940703974,160.0,4.385036241577483,3.720493028706244,9.450416335862336,7.750915820311659,10.5356347,8.05520806
10.0,0.211940703974,170.0,4.357357616504327,3.7524728234481004,9.418336772430564,7.747157545190191,10.5187271,8.0675015
10.0,0.211940703974,180.0,4.319810451879538,3.755295268378419,9.365653798653812,7.682994542766639,10.4750674,8.01551054
10.0,0.211940703974,190.0,4.273704187147335,3.7288758108886384,9.294742256768004,7.561381361044408,10.4071927,7.90178915
10.0,0.211940703974,200.0,4.220638130873066,3.674295135169311,9.208820948065217,7.387790175919431,10.3173893,7.73079598
10.0,0.211940703974,210.0,4.162426185914789,3.5937369336530756,9.111213137302396,7.169514335994897,10.2050941,7.50811665
10.0,0.211940703974,220.0,4.101019152541689,3.4903616776106294,9.005658038676136,6.91540438670232,10.0647264,7.23968991
10.0,0.211940703974,230.0,4.038429490584825,3.3681261897865338,8.895770534019436,6.635034012154196,9.90894888,6.93793705
10.0,0.211940703974,240.0,3.9766615233857956,3.2315637259548167,8.78387551267413,6.33816091452524,9.75779576,6.61913593
10.0,0.211940703974,250.0,3.917648144221264,3.0855430729054225,8.67311667207723,6.03484733068656,9.62138532,6.29559446
10.0,0.211940703974,260.0,3.86319365826185,2.9350272790162997,8.56674556252426,5.734375857650453,9.49362431,5.97462616
10.0,0.211940703974,270.0,3.8149218796614006,2.784852469499389,8.467961806763093,5.445305725688878,9.37736661,5.6650582
10.0,0.211940703974,280.0,3.774229167193216,2.63954435013953,8.379523106056103,5.175420452151532,9.27321781,5.37506249
10.0,0.211940703974,290.0,3.7422435007916506,2.5031844600661497,8.302753010513031,4.931374507832383,9.18283138,5.11156128
10.0,0.211940703974,300.0,3.719792353431496,2.379330609504944,8.239147373623302,4.719091079590648,9.10846029,4.88074553
10.0,0.211940703974,310.0,3.707383145737313,2.270987545947946,8.1896997022143,4.5431977644283466,9.05061003,4.68746977
10.0,0.211940703974,320.0,3.705199742892463,2.180616528236153,8.157008600372802,4.407640502456279,9.01063509,4.53571625
10.0,0.211940703974,330.0,3.7131165087888562,2.1101678964057253,8.140630117398898,4.314435504813537,8.99007379,4.42861227
10.0,0.211940703974,340.0,3.730728299165975,2.0611199261740407,8.141106962561215,4.265945639446636,8.98910055,4.36831318
10.0,0.211940703974,350.0,3.757391443748787,2.0345100925370097,8.159174222693645,4.2633294816576965,9.00650774,4.35584319
10.0,0.219688749936,0.0,5.414869448126089,3.045986121843782,8.379288560864534,4.593638482955266,9.2240973,4.67917276
10.0,0.219688749936,10.0,5.442964160143784,3.06803078229195,8.432943932362578,4.685016709611049,9.27999096,4.76465791
10.0,0.219688749936,20.0,5.482501814655487,3.12425014748068,8.503663614828456,4.821827515826474,9.35391626,4.89791866
10.0,0.219688749936,30.0,5.5326384196180465,3.213679383981638,8.588893960991198,5.001216538964552,9.44349399,5.07639447
10.0,0.219688749936,40.0,5.592327053013597,3.334670307969637,8.687456095925954,5.220000319051001,9.549368,5.29770606
10.0,0.219688749936,50.0,5.660278727288935,3.484826253938063,8.797685032492486,5.473282314066896,9.66899732,5.5570564
10.0,0.219688749936,60.0,5.734923402466043,3.660933336187245,8.914330397210016,5.754362330038009,9.79804804,5.848164
10.0,0.219688749936,70.0,5.814386027055776,3.8589031563335054,9.03464228089044,6.056667124143098,9.93200922,6.16346317
10.0,0.219688749936,80.0,5.896490298113318,4.0737455174771116,9.15459336657146,6.371197420865098,10.0669589,6.4941568
10.0,0.219688749936,90.0,5.978797844939989,4.299590965734208,9.294581946654032,6.695722370553348,10.197246,6.82990916
10.0,0.219688749936,100.0,6.058684051196899,4.529780643353426,9.402192803062448,7.005658674711854,10.3177784,7.1596773
10.0,0.219688749936,110.0,6.133445315712288,4.757034612552518,9.49677158233571,7.296876434158567,10.4254007,7.47229337
10.0,0.219688749936,120.0,6.200427575836152,4.973700273708662,9.57400218389653,7.558538285602412,10.5155721,7.7556177
10.0,0.219688749936,130.0,6.2571631718635325,5.172071428010994,9.63065972826689,7.780662272562238,10.5986314,8.0030574
10.0,0.219688749936,140.0,6.301502747644251,5.344757931249119,9.66558134673392,7.95459570218317,10.6710636,8.20482826
10.0,0.219688749936,150.0,6.3317304687713065,5.485077541527021,9.677646940705069,8.073020270605364,10.7281754,8.35303844
10.0,0.219688749936,160.0,6.346653726017739,5.587436697153115,9.666483048885558,8.131229525765342,10.7428709,8.43312353
10.0,0.219688749936,170.0,6.3456619589062075,5.647666110991614,9.632988899819235,8.127172563410866,10.7248454,8.44560852
10.0,0.219688749936,180.0,6.3287526612364635,5.663280167746133,9.57864888402154,8.061200567836288,10.6795427,8.39226133
10.0,0.219688749936,190.0,6.2965255593615295,5.633635642050986,9.505924337464952,7.936357140331328,10.6096639,8.27573848
10.0,0.219688749936,200.0,6.250148105724144,5.559974403106214,9.418106204447133,7.758247694294767,10.5175541,8.10059191
10.0,0.219688749936,210.0,6.191296698455542,5.445345547922871,9.31855750969318,7.5343328577073185,10.4023931,7.87242515
10.0,0.219688749936,220.0,6.122078478844659,5.2944137307858865,9.211056146980562,7.273666450122939,10.2578629,7.59703423
10.0,0.219688749936,230.0,6.044938376554673,5.1131712154685705,9.099223679226434,6.98604172882233,10.0973119,7.28727981
10.0,0.219688749936,240.0,5.962555588515857,4.908580259245266,8.98524311169198,6.681405300724794,9.94210997,6.96017998
10.0,0.219688749936,250.0,5.877733271529781,4.688178796129696,8.872247817998337,6.370064896289157,9.80287225,6.62854323
10.0,0.219688749936,260.0,5.7932852450722505,4.459685123513667,8.763535705751405,6.061527514455275,9.6726592,6.29962356
10.0,0.219688749936,270.0,5.711924124506877,4.230635803794767,8.662385057725395,5.764578675936849,9.55419526,5.9824218
10.0,0.219688749936,280.0,5.636156439346733,4.008085142748973,8.571652790935415,5.487258451424327,9.44804349,5.6852733
10.0,0.219688749936,290.0,5.568191495317826,3.79838495289818,8.49265945300116,5.236411970281626,9.3558027,5.41525973
10.0,0.219688749936,300.0,5.509871292967379,3.607051210018183,8.426963357209422,5.018148590938892,9.27985269,5.17873354
10.0,0.219688749936,310.0,5.462627952809696,3.438711737383448,8.37563056630431,4.837232164128868,9.22076702,4.9806925
10.0,0.219688749936,320.0,5.427472356437297,3.2971185981583986,8.341589888762513,4.69778301340929,9.17996456,4.82522422
10.0,0.219688749936,330.0,5.405013262623536,3.185202483359489,8.324337493464169,4.6018506896809575,9.15917767,4.71552453
10.0,0.219688749936,340.0,5.395500896882026,3.1051450308597475,8.324534941022883,4.55190680370612,9.15864309,4.6538299
10.0,0.219688749936,350.0,5.398884346639103,3.0584482282372254,8.343050515973744,4.549170602681541,9.17709664,4.6411774
10.0,0.235125874557,0.0,5.044262221006933,3.105577948989183,6.778504356566885,4.004453643586842,7.35191176,4.05300214
10.0,0.235125874557,10.0,5.059304754925036,3.1243293049736596,6.822756197413272,4.078821767288208,7.39796565,4.12220933
10.0,0.235125874557,20.0,5.086590701444898,3.1762213655758322,6.8812421159117925,4.190238651887149,7.45845279,4.22994404
10.0,0.235125874557,30.0,5.125597588584019,3.2603869806900656,6.951612492217958,4.336322441854303,7.53147605,4.37414805
10.0,0.235125874557,40.0,5.175570835602424,3.3753365104813766,7.032869137024643,4.514475371665736,7.61744212,4.55287816
10.0,0.235125874557,50.0,5.235482875108502,3.5188878319737937,7.123666670250871,4.720676179679418,7.71435244,4.7622949
10.0,0.235125874557,60.0,5.303992977282654,3.6880866669276657,7.219199353221633,4.949324463873681,7.81848731,4.99729547
10.0,0.235125874557,70.0,5.379421121423324,3.879133456697055,7.317295703590669,5.195070234403006,7.92608803,5.25175363
10.0,0.235125874557,80.0,5.459747242727916,4.0873369920145235,7.41463547759918,5.450531272116589,8.03392955,5.51852848
10.0,0.235125874557,90.0,5.5426428423906895,4.3071165117665835,7.527513880219407,5.7139402957999375,8.13743688,5.78921897
10.0,0.235125874557,100.0,5.625536439336781,4.5320717369510515,7.61399521331145,5.965220033130375,8.23252894,6.05485126
10.0,0.235125874557,110.0,5.705708970945738,4.75513394067326,7.689462853136091,6.201097424551673,8.31678883,6.3064175
10.0,0.235125874557,120.0,5.780411082463723,4.968801417687673,7.750445390220761,6.412801581580666,8.38662458,6.5341973
10.0,0.235125874557,130.0,5.84699185064968,5.165451223753771,7.794398687963832,6.592269431417217,8.4513314,6.73333485
10.0,0.235125874557,140.0,5.903027912177077,5.337707796796073,7.820728974596425,6.7326121658776295,8.50831642,6.89606206
10.0,0.235125874557,150.0,5.946442875541346,5.478839903507776,7.82869871961936,6.827963597571633,8.55409108,7.01600184
10.0,0.235125874557,160.0,5.97560877454514,5.583151639814159,7.818128223370278,6.874608343880655,8.56505342,7.08062022
10.0,0.235125874557,170.0,5.989423658407147,5.6463316731840445,7.789914208349999,6.870959669498865,8.54938038,7.09047895
10.0,0.235125874557,180.0,5.987361792709526,5.66572764031392,7.745314696958519,6.817322885150072,8.51207688,7.04733997
10.0,0.235125874557,190.0,5.9694950835543175,5.6405191682542455,7.6863516899986095,6.716168109132791,8.45542111,6.95341657
10.0,0.235125874557,200.0,5.93648607860969,5.571772536930589,7.61572966667395,6.572035340038809,8.38130534,6.81232936
10.0,0.235125874557,210.0,5.889554197454341,5.462371443974737,7.536049925036411,6.3909118722267415,8.28884966,6.62843648
10.0,0.235125874557,220.0,5.830417746977013,5.316830412237742,7.450312420740175,6.180085487050982,8.17228798,6.40597751
10.0,0.235125874557,230.0,5.761214908005255,5.141008787322184,7.3612826503404944,5.947409321719632,8.04237749,6.15543132
10.0,0.235125874557,240.0,5.6844074098514925,4.9417527435095785,7.270361981462753,5.700814488353138,7.91762622,5.89110044
10.0,0.235125874557,250.0,5.602671222683646,4.7264991360239925,7.179941308854822,5.448602442967329,7.80678792,5.62358926
10.0,0.235125874557,260.0,5.518779425185114,4.502877554042523,7.092640066603107,5.198432650489762,7.70351041,5.3584135
10.0,0.235125874557,270.0,5.435483453089388,4.278345087445507,7.011110909937923,4.957441896349843,7.60964413,5.1027386
10.0,0.235125874557,280.0,5.3554000174522605,4.059882203741247,6.937727755048576,4.732204300815215,7.52554901,4.86321662
10.0,0.235125874557,290.0,5.280911704424502,3.853768476157313,6.873453717684657,4.528301197041251,7.45232458,4.6455367
10.0,0.235125874557,300.0,5.214089094405071,3.665445124072492,6.819585062034418,4.350732145159661,7.39200243,4.45485789
10.0,0.235125874557,310.0,5.156640671144622,3.4994593711488355,6.777072114341876,4.203405849800904,7.34509684,4.2952152
10.0,0.235125874557,320.0,5.109893624001692,3.359475608137645,6.748731708717024,4.089778651476544,7.31284848,4.16990496
10.0,0.235125874557,330.0,5.074804180192949,3.2483319994086055,6.734058680860039,4.011502061429095,7.2968089,4.08158391
10.0,0.235125874557,340.0,5.051991196679764,3.1681193042183446,6.733770565199227,3.970682637175457,7.29725873,4.03200941
10.0,0.235125874557,350.0,5.041782613936408,3.120260905487681,6.748771471210069,3.9683373844638297,7.31314623,4.02203522
10.0,0.258134591992,0.0,3.4475618870507954,2.3938120918119794,4.4955181521601615,2.8903254413976955,4.6130913,2.85801603
10.0,0.258134591992,10.0,3.454501633206599,2.406336687786491,4.525587794088086,2.939167921335852,4.64318358,2.90272727
10.0,0.258134591992,20.0,3.4705787158153742,2.4425531534736984,4.565546226205221,3.0124180166810626,4.68223815,2.97214658
10.0,0.258134591992,30.0,3.4954869142764964,2.5018612840547543,4.613421373740284,3.108398601983572,4.72907115,3.06492535
10.0,0.258134591992,40.0,3.5287334239420716,2.5832249134071583,4.668607024741085,3.225411314438468,4.78397701,3.1798387
10.0,0.258134591992,50.0,3.5696148415469318,2.685119204065444,4.730220257482993,3.360758678931923,4.84561438,3.31440881
10.0,0.258134591992,60.0,3.6171945248478856,2.805469960100541,4.794357989117727,3.5105628597933465,4.9115771,3.46535544
10.0,0.258134591992,70.0,3.6702893532128735,2.941597471410894,4.859705022100947,3.6713129102220368,4.97928276,3.62871276
10.0,0.258134591992,80.0,3.7274726303878816,3.0901799909404244,4.924021113605389,3.838096994636744,5.04668172,3.79988053
10.0,0.258134591992,90.0,3.7870972538208716,3.247252643486758,4.998008248941395,4.009889079789615,5.11087665,3.97340498
10.0,0.258134591992,100.0,3.847340030324141,3.408255641994651,5.054202562323357,4.173349210010034,5.16930134,4.14348819
10.0,0.258134591992,110.0,3.9062648963596307,3.568141000621338,5.102609402311884,4.326490721534164,5.22041276,4.30431972
10.0,0.258134591992,120.0,3.9619003807770024,3.7215400189331707,5.140922256353001,4.463608677172097,5.26198,4.44971523
10.0,0.258134591992,130.0,4.0123252152789535,3.8629857373831116,5.16754477258645,4.579511061548039,5.29953663,4.57683116
10.0,0.258134591992,140.0,4.055755554709238,3.9871766415487677,5.182539593261862,4.6698623243246855,5.33190067,4.68080913
10.0,0.258134591992,150.0,4.090627623839968,4.08926136942791,5.185633869876043,4.730979984332964,5.35821565,4.75774616
10.0,0.258134591992,160.0,4.115670490148431,4.165120012128797,5.1768264337893015,4.760547193260762,5.36377387,4.79913432
10.0,0.258134591992,170.0,4.129964816022647,4.21161634998652,5.156924121171731,4.757638697262352,5.35274135,4.80526236
10.0,0.258134591992,180.0,4.132984671132919,4.226797164854045,5.126810022681777,4.722480479781741,5.32830642,4.77741666
10.0,0.258134591992,190.0,4.124620658741906,4.210019360409563,5.087851663160827,4.656688670411806,5.29210584,4.71719303
10.0,0.258134591992,200.0,4.105183662605361,4.161992436183279,5.041861805226082,4.563206737691327,5.24534415,4.62685405
10.0,0.258134591992,210.0,4.075389435863295,4.084732098141538,4.99043579636857,4.445866161928024,5.1877851,4.50910591
10.0,0.258134591992,220.0,4.036325047557743,3.9814295101913966,4.93546894889104,4.309329494331706,5.11607685,4.36643055
10.0,0.258134591992,230.0,3.9893989191163373,3.856248911461417,4.87860552658679,4.158600274002443,5.0356025,4.20539986
10.0,0.258134591992,240.0,3.9362768781697706,3.7140731045838704,4.820299761992144,3.998669036222175,4.95813445,4.03550125
10.0,0.258134591992,250.0,3.878807381084347,3.560220860412149,4.761982439570852,3.834852062482024,4.889121,3.86382586
10.0,0.258134591992,260.0,3.818939827843185,3.400162014409519,4.705285971941675,3.672060982684433,4.82524166,3.69380126
10.0,0.258134591992,270.0,3.7586406696650836,3.2392546943419678,4.652039292427157,3.5149701257297177,4.76729289,3.52993622
10.0,0.258134591992,280.0,3.699812658290234,3.082524850712488,4.603890803487078,3.367935488233164,4.71540561,3.37640875
10.0,0.258134591992,290.0,3.6442228812467055,2.9345016223581957,4.561273125224017,3.234596752592785,4.67020757,3.23685111
10.0,0.258134591992,300.0,3.5934448925410134,2.799114031199214,4.525092659810471,3.1182668774034403,4.63305891,3.1146264
10.0,0.258134591992,310.0,3.54881904690158,2.6796463292950183,4.496039015192461,3.0215394315499675,4.6042376,3.01230164
10.0,0.258134591992,320.0,3.5114330103779627,2.5787423532897322,4.47657437162456,2.9468544305297413,4.58462368,2.93202535
10.0,0.258134591992,330.0,3.482121563679591,2.498444568326684,4.466176824936816,2.8952845935711267,4.57532281,2.87551795
10.0,0.258134591992,340.0,3.46148175697661,2.4402516541314654,4.46551934262722,2.868314795510661,4.57656575,2.84393204
10.0,0.258134591992,350.0,3.4498969396341925,2.4051793509248314,4.475459748229112,2.8666703140733745,4.58765447,2.83779899
10.0,0.28853979201,0.0,5.537442734923719,3.1296673064518674,7.620982441937836,3.820172140533035,7.26236894,3.6833761
10.0,0.28853979201,10.0,5.549744289151665,3.1446047936878245,7.673509154537734,3.877621227500347,7.31390552,3.73555902
10.0,0.28853979201,20.0,5.578539924337423,3.1875808775872883,7.743821005503755,3.9637041813129135,7.38103379,3.81623089
10.0,0.28853979201,30.0,5.623187985723102,3.2578567279675283,7.827238413108432,4.0761889032830805,7.4617664,3.92382191
10.0,0.28853979201,40.0,5.682741675073586,3.354159309292977,7.92319897423418,4.213116509570147,7.55643594,4.05686451
10.0,0.28853979201,50.0,5.755738742089032,3.474714019702355,8.030648186565786,4.37123925259726,7.66283536,4.21244227
10.0,0.28853979201,60.0,5.840321152736162,3.616982874426228,8.140285676363396,4.545612324519088,7.7768315,4.38691087
10.0,0.28853979201,70.0,5.934427361903983,3.777627640867896,8.250623841158175,4.732113967341988,7.89389335,4.57555615
10.0,0.28853979201,80.0,6.0353894306884595,3.9527357529065,8.358051356445744,4.924935524486748,8.01036816,4.77304915
10.0,0.28853979201,90.0,6.139912237712789,4.137665998826988,8.48082859281713,5.123513408225823,8.12143342,4.97325266
10.0,0.28853979201,100.0,6.244841062196828,4.327012792013445,8.572484622499047,5.311546712026426,8.22255892,5.16909811
10.0,0.28853979201,110.0,6.347166819834515,4.514514016984354,8.649676229409192,5.486929034961693,8.31073329,5.35384763
10.0,0.28853979201,120.0,6.4429497716251705,4.694422969951274,8.708458287040157,5.643278382405716,8.38081589,5.52043628
10.0,0.28853979201,130.0,6.528636317841127,4.86062704545634,8.746145436495938,5.774687084266379,8.43140577,5.66466124
10.0,0.28853979201,140.0,6.60213995803749,5.006202887544055,8.764479683851754,5.876458453207661,8.46390857,5.78155226
10.0,0.28853979201,150.0,6.661118655796541,5.125429174586551,8.763590547182483,5.944564545466919,8.48523125,5.86756531
10.0,0.28853979201,160.0,6.703405333908676,5.213755939691513,8.743663128740026,5.976704592015963,8.48966109,5.9145818
10.0,0.28853979201,170.0,6.727409960239444,5.267732636281589,8.70679601884117,5.971810052911809,8.47047155,5.92114338
10.0,0.28853979201,180.0,6.732245097872127,5.285235918008106,8.654459894424898,5.930244148370954,8.42950228,5.88867842
10.0,0.28853979201,190.0,6.717714607481453,5.2655682471062475,8.589034395377958,5.853896261076575,8.36929728,5.81917044
10.0,0.28853979201,200.0,6.684381839048196,5.209529340704621,8.513694609937701,5.746203571692335,8.29266025,5.71523793
10.0,0.28853979201,210.0,6.633510037182397,5.119352302309537,8.430640660113491,5.611580475957432,8.20325339,5.58033145
10.0,0.28853979201,220.0,6.566980124440498,4.99856186518102,8.34303202684854,5.455182071455208,8.10333608,5.41807332
10.0,0.28853979201,230.0,6.487204611090158,4.851766785761711,8.252849154940135,5.282726855269189,7.98919271,5.23434564
10.0,0.28853979201,240.0,6.396884898290621,4.684565248360003,8.15962055566877,5.099528255527186,7.86963968,5.03919499
10.0,0.28853979201,250.0,6.298177405353841,4.503920129627756,8.065463630007203,4.91148375756066,7.75152073,4.84099729
10.0,0.28853979201,260.0,6.1944153656060585,4.316195414479737,7.972764478997228,4.72407079137054,7.64188821,4.64483755
10.0,0.28853979201,270.0,6.089726975413702,4.126936549647843,7.885161571757131,4.543109920519965,7.54120625,4.455783
10.0,0.28853979201,280.0,5.986767635822506,3.9424991481896763,7.806005575066401,4.373470367800443,7.45047678,4.27881091
10.0,0.28853979201,290.0,5.888918564118813,3.7680900828578854,7.734933975679383,4.219314492825027,7.37117192,4.11788676
10.0,0.28853979201,300.0,5.799054148962506,3.6084148874387507,7.673376035699284,4.084507698249461,7.30535202,3.9770108
10.0,0.28853979201,310.0,5.719706037322434,3.46735276799744,7.622736250835733,3.9720142001389127,7.25389964,3.85916286
10.0,0.28853979201,320.0,5.652930543914736,3.34808369163187,7.589184418573526,3.8851934709024953,7.21844848,3.76676251
10.0,0.28853979201,330.0,5.600218556336087,3.253219137282398,7.570621016816499,3.825164638984936,7.20090465,3.7019031
10.0,0.28853979201,340.0,5.562940669475843,3.184455009126713,7.568893090085784,3.7938535773694575,7.20178263,3.66591303
10.0,0.28853979201,350.0,5.541850199206311,3.1430351285411104,7.586140486726875,3.792217025559696,7.220095,3.65938123
10.0,0.326110072682,0.0,12.786452767054387,4.273353369778444,17.221619703578543,5.086216998720546,16.3356397,4.95826904
10.0,0.326110072682,10.0,12.821112398704154,4.2925842997979435,17.337940146262767,5.155114096611728,16.4571209,5.02241208
10.0,0.326110072682,20.0,12.892762404586056,4.346557449932259,17.49397813128621,5.257868650259712,16.6139663,5.12108867
10.0,0.326110072682,30.0,12.999883706906964,4.433711310680949,17.670930222817397,5.392109955130554,16.8019833,5.25156041
10.0,0.326110072682,40.0,13.140436007533411,4.551649629183927,17.87167301901381,5.554874226292701,17.02063,5.41169547
10.0,0.326110072682,50.0,13.309521465001794,4.698592379472456,18.09775577983824,5.741358951091062,17.2607204,5.60131507
10.0,0.326110072682,60.0,13.49871681779458,4.874041139759848,18.313515820383003,5.948597134113039,17.5119458,5.81673389
10.0,0.326110072682,70.0,13.70247565110092,5.072808344918094,18.521440541240548,6.172878814829321,17.7699302,6.04622391
10.0,0.326110072682,80.0,13.918069636771868,5.286959744659735,18.714992770525253,6.399888174315496,18.0272521,6.28186076
10.0,0.326110072682,90.0,14.133124422431898,5.514090306038007,18.94204355156342,6.629037894128051,18.2690924,6.52195531
10.0,0.326110072682,100.0,14.344077040175106,5.745045249809526,19.093096797612542,6.848259962875165,18.479062,6.76089725
10.0,0.326110072682,110.0,14.542171044756229,5.973448254462491,19.20748316200089,7.055316697801864,18.6569938,6.98374992
10.0,0.326110072682,120.0,14.72073800408319,6.192199298301344,19.276117489503875,7.237151083859551,18.7843779,7.18323194
10.0,0.326110072682,130.0,14.875904274426505,6.3925916463056325,19.295285191249523,7.388877734867518,18.7862452,7.35219671
10.0,0.326110072682,140.0,15.002992923597228,6.567629714090677,19.279390718322954,7.506670361728879,18.690797,7.48345498
10.0,0.326110072682,150.0,15.098305579855289,6.7112010560158515,19.232024626834864,7.584735695991206,18.5660309,7.57612991
10.0,0.326110072682,160.0,15.160929547386212,6.817238906710561,19.15537123229784,7.620347953878273,18.5237246,7.63008215
10.0,0.326110072682,170.0,15.189005996784765,6.881980807968226,19.05683083102372,7.612598995914343,18.4656106,7.6372134
10.0,0.326110072682,180.0,15.183846148248438,6.902271236615543,18.939301531748715,7.56228463352393,18.3718851,7.59757905
10.0,0.326110072682,190.0,15.145616937043295,6.877540965593612,18.80783987088462,7.471631862321968,18.2462802,7.51367432
10.0,0.326110072682,200.0,15.075740380058269,6.808713054586239,18.67008787225244,7.34431993982761,18.0987426,7.3890682
10.0,0.326110072682,210.0,14.976131119085375,6.698511620754837,18.52785417060195,7.185261755755763,17.9622247,7.22980182
10.0,0.326110072682,220.0,14.848619970736035,6.551473196885025,18.38695462481184,7.001116222436937,17.8917139,7.04283599
10.0,0.326110072682,230.0,14.695645213768378,6.373671030578854,18.24836334144818,6.799988160759775,17.7982461,6.82921864
10.0,0.326110072682,240.0,14.521683085833034,6.1713527960226315,18.10048719447651,6.584723810461291,17.6260973,6.59863799
10.0,0.326110072682,250.0,14.33183735041671,5.951330475335209,17.94621792334019,6.3624582053451455,17.377617,6.35883836
10.0,0.326110072682,260.0,14.12952508273539,5.722333254757399,17.789984720571976,6.146816399914446,17.1481462,6.11929977
10.0,0.326110072682,270.0,13.921384038963701,5.491742737868194,17.642524971755563,5.936361019342996,16.9280205,5.89244458
10.0,0.326110072682,280.0,13.714661614694897,5.265766729441563,17.51159482258745,5.733931028820038,16.7281767,5.68101504
10.0,0.326110072682,290.0,13.514545032809764,5.052474580912006,17.389880745378907,5.55084227870005,16.5581177,5.48471697
10.0,0.326110072682,300.0,13.328260833458504,4.85668176134967,17.279753204608664,5.394072650348655,16.4180765,5.31026251
10.0,0.326110072682,310.0,13.163340370464498,4.682598844745992,17.183050355493766,5.261846078645477,16.3053488,5.16740617
10.0,0.326110072682,320.0,13.020862277411178,4.537830554425669,17.12607929405782,5.159770588674852,16.2264222,5.05714399
10.0,0.326110072682,330.0,12.90771024551782,4.423564890475701,17.095030842697557,5.089680945268825,16.188282,4.9791751
10.0,0.326110072682,340.0,12.830107497528559,4.339910109004973,17.09745716192781,5.0533065788519,16.1923084,4.93586009
10.0,0.326110072682,350.0,12.789425533465336,4.289300715604761,17.14192556699966,5.052317797811321,16.236698,4.92846736
10.0,0.370559501483,0.0,23.703151437805563,5.303964385763964,31.21744749538024,6.124575936410043,27.6797362,5.97994004
10.0,0.370559501483,10.0,23.77374442209674,5.326132187339488,31.442747152020885,6.203544384346416,27.855417,6.05071672
10.0,0.370559501483,20.0,23.882078045456428,5.386685295745483,31.763726864729364,6.321248330779407,28.0534382,6.15891313
10.0,0.370559501483,30.0,24.022382701676104,5.485109345520808,32.09988297119144,6.473097763289739,28.2584307,6.30187012
10.0,0.370559501483,40.0,24.188428004916148,5.618709792414305,32.4780603708703,6.65614518160679,28.4550885,6.47759359
10.0,0.370559501483,50.0,24.36979061825512,5.784919070970098,32.92167570104136,6.8676560649985765,28.6299545,6.68281972
10.0,0.370559501483,60.0,24.55718918517758,5.9789257835394105,33.28291061718857,7.099634014592076,28.7809428,6.91080168
10.0,0.370559501483,70.0,24.738140404765907,6.196535531771124,33.59994455237397,7.345192566006703,28.8939484,7.154759
10.0,0.370559501483,80.0,24.901113785082288,6.432194901395245,33.86061583401716,7.595456130895488,28.940619,7.4096364
10.0,0.370559501483,90.0,25.04344802478161,6.677874492826851,34.18021335062058,7.851954279356215,28.9402242,7.66727912
10.0,0.370559501483,100.0,25.081632391828236,6.90069818333769,34.34774858931953,8.094281900859302,28.7753919,7.89097795
10.0,0.370559501483,110.0,24.984396434232632,7.089793740917504,34.43457960525885,8.317587068952436,28.3972105,8.04771034
10.0,0.370559501483,120.0,24.982674297095773,7.314606920318584,34.40638759251558,8.513248428641374,28.1555323,8.21532361
10.0,0.370559501483,130.0,25.254029212346644,7.637467379531946,34.26439474802948,8.67543211294989,28.0050697,8.97667472
10.0,0.370559501483,140.0,30.898744604770794,0.9064980412122812,34.08784968014021,8.799654230142279,30.3496852,5.47253733
10.0,0.370559501483,150.0,31.322793211600104,0.914395044192997,33.889492333979945,8.880075261093731,33.5872426,1.0632207
10.0,0.370559501483,160.0,31.61167386207596,0.9241321657355306,33.67267475796519,8.916430451234577,33.9136829,0.773683758
10.0,0.370559501483,170.0,31.773949001746587,0.9329654609540533,33.45824782123614,8.905947669781183,33.8123862,0.847343886
10.0,0.370559501483,180.0,31.8034259911495,0.9395026276480027,33.24818369538698,8.850274723462686,33.6324131,0.852882184
10.0,0.370559501483,190.0,31.696489306607436,0.9359907065972013,33.04946751282885,8.751814028473115,33.3924861,0.778490334
10.0,0.370559501483,200.0,31.457022174947728,0.9225418163389416,32.87994295299896,8.613887197929081,32.9331297,0.825753121
10.0,0.370559501483,210.0,31.097227304795787,0.9089773244960517,32.733959381721654,8.443598541706983,31.1587527,2.41308309
10.0,0.370559501483,220.0,30.632788738536966,0.893931567836749,32.62371779971591,8.245274843556702,27.0914773,8.13841478
10.0,0.370559501483,230.0,25.025339578381512,7.78955950349055,32.54454632213443,8.02713964172088,26.5938465,7.79154297
10.0,0.370559501483,240.0,24.555230502564225,7.35252297637356,32.42141313268696,7.794335183292989,26.606164,7.63772592
10.0,0.370559501483,250.0,24.253507602094576,7.043319960937017,32.25436635680052,7.552323886524479,26.8132081,7.42721507
10.0,0.370559501483,260.0,24.22147666560572,6.821754062837731,32.070390949426184,7.30896421881869,26.983953,7.22477778
10.0,0.370559501483,270.0,24.27152968920779,6.622953174039751,31.891109945807983,7.073924621295255,27.0062253,6.98194058
10.0,0.370559501483,280.0,24.223895352592777,6.39681792121834,31.73539876258732,6.85399223395854,27.0493539,6.75326965
10.0,0.370559501483,290.0,24.112840516523747,6.163992734247369,31.564795971774423,6.65156653662176,27.0910618,6.5453126
10.0,0.370559501483,300.0,23.998857767396302,5.949664938333797,31.38016008174706,6.473752172174901,27.1268276,6.36169351
10.0,0.370559501483,310.0,23.888371102967138,5.760329339751021,31.172921158446663,6.324081077315135,27.1748828,6.20671217
10.0,0.370559501483,320.0,23.793233634404746,5.599090708975871,31.070177928661668,6.209051813104721,27.2332505,6.08592052
10.0,0.370559501483,330.0,23.721879125201347,5.4697744065028235,30.997500573808964,6.12931515482983,27.2992497,6.00142266
10.0,0.370559501483,340.0,23.680364146658956,5.375925771822532,30.98208484889373,6.087098925161495,27.3859249,5.95467227
10.0,0.370559501483,350.0,23.672001440897276,5.320808454067442,31.06732724954003,6.085888798021272,27.5020651,5.9469726
10.0,0.421549791422,0.0,46.7297573636805,-6.0469726884828345,47.17260105161473,-5.798973503865022,47.5380142,-5.92304793
10.0,0.421549791422,10.0,46.90912613768251,-6.069475890988929,47.6695218299,-5.846564809548894,47.967491,-5.95395251
10.0,0.421549791422,20.0,47.27057361279785,-6.081211351585642,48.48440241093035,-5.953417745100007,48.6069528,-5.99456942
10.0,0.421549791422,30.0,47.80699787568703,-6.082563607063207,49.35516091312632,-6.061811604320336,49.5205822,-6.07400562
10.0,0.421549791422,40.0,48.501222996488956,-6.070874294092152,50.41093273556425,-6.129683757292966,50.8206773,-6.23456841
10.0,0.421549791422,50.0,49.47123778853618,-6.094211147522382,51.81853567198996,-6.007042708195846,52.2728796,-6.41781477
10.0,0.421549791422,60.0,50.990936533142225,-6.259453411616317,53.00781124570875,-5.770652896902804,53.6787722,-6.60193922
10.0,0.421549791422,70.0,52.605141912154615,-6.460110774050535,54.12953181701116,-5.399203983384073,55.2762138,-6.73246639
10.0,0.421549791422,80.0,54.22449171415007,-6.6061424718379484,55.14994876615385,-4.958325202502628,57.2017574,-6.78274409
10.0,0.421549791422,90.0,56.18794405337186,-6.613717597450243,56.25422606170624,-4.578375835619352,58.9010441,-6.72248969
10.0,0.421549791422,100.0,57.77183488793567,-6.45244644191265,57.15307335020064,-4.17243597337873,60.3545241,-6.59167204
10.0,0.421549791422,110.0,59.131842224102506,-6.188095403033998,57.848218003767606,-3.8163650778557554,61.6631176,-6.38419198
10.0,0.421549791422,120.0,60.23845621076761,-5.806437759877054,58.162047110593896,-3.573578250972893,62.6668317,-6.08701812
10.0,0.421549791422,130.0,61.18336221909241,-5.4227665360834285,58.08546308849304,-3.447380722982905,63.3171222,-5.7041429
10.0,0.421549791422,140.0,62.00795303918892,-5.100088342108771,57.9456662687922,-3.3369293082565723,63.7156704,-5.32082835
10.0,0.421549791422,150.0,62.62508321760274,-4.827087666952826,57.7625924163932,-3.2425794640988825,63.8902512,-5.00222092
10.0,0.421549791422,160.0,63.019515596334344,-4.606936007864659,57.505991060090885,-3.1716510933240927,64.0198992,-4.85971204
10.0,0.421549791422,170.0,63.17611846298847,-4.443045339380448,57.216569451374,-3.1144940585722583,63.9436918,-4.7837561
10.0,0.421549791422,180.0,63.12523555101802,-4.337066022083771,56.87112943233844,-3.0911217130288207,63.6341681,-4.74948
10.0,0.421549791422,190.0,62.87100526798292,-4.293321107510085,56.47131504390863,-3.10932270112942,63.1059973,-4.75582151
10.0,0.421549791422,200.0,62.42400797414314,-4.313560450368102,56.08434242679447,-3.1407224130873583,62.3810991,-4.80979488
10.0,0.421549791422,210.0,61.801361480503196,-4.397247772095315,55.69073129986722,-3.19860897690438,61.5236611,-4.94579864
10.0,0.421549791422,220.0,61.031083958304755,-4.546777583377467,55.3424132971026,-3.2789042864495204,60.649037,-5.22673872
10.0,0.421549791422,230.0,60.09306033372789,-4.761576419560151,55.04033335783137,-3.380004688705636,59.660261,-5.55556963
10.0,0.421549791422,240.0,59.01270023815803,-5.029374490284659,54.46412941878875,-3.6024933978728115,58.5321087,-5.87748136
10.0,0.421549791422,250.0,57.85928473128386,-5.352539242806313,53.62511450230389,-3.946416358672185,57.1186016,-6.07123581
10.0,0.421549791422,260.0,56.728188458557746,-5.767485105282772,52.692028756085215,-4.347605469548276,55.6437955,-6.20746825
10.0,0.421549791422,270.0,55.36577114260667,-6.089869047251334,51.7631848152032,-4.782255325048719,54.1753042,-6.30574787
10.0,0.421549791422,280.0,53.88514945252417,-6.312356421194651,50.91681056758182,-5.227476150266975,52.4771907,-6.3141267
10.0,0.421549791422,290.0,52.02502891257913,-6.335407833169065,50.026235356045454,-5.573044364938987,50.9994979,-6.26439261
10.0,0.421549791422,300.0,50.54811752782367,-6.2075155383594725,49.09853483432838,-5.813494414300254,49.899422,-6.12725444
10.0,0.421549791422,310.0,49.153768866775174,-6.03285781548838,48.11701608164659,-5.90648106018439,48.9087024,-6.00519689
10.0,0.421549791422,320.0,47.96199184916558,-5.913046518139971,47.57417265145076,-5.841949773059415,47.9681788,-5.87956794
10.0,0.421549791422,330.0,47.29396845849184,-5.9200578714717595,47.13270397543348,-5.785070571171542,47.4282639,-5.83612728
10.0,0.421549791422,340.0,46.92665647215156,-5.972038206247509,46.86118738586375,-5.752226164375902,47.23061,-5.85004486
10.0,0.421549791422,350.0,46.735760738622126,-6.014116662796811,46.914850043468846,-5.772388948353599,47.2726771,-5.88213742
10.0,0.478692875603,0.0,75.54364058158978,-10.357323243755394,71.63590113177622,-7.605240130463979,73.9802205,-8.6862076
10.0,0.478692875603,10.0,75.8271404169795,-10.418230666122772,72.16520850509029,-7.614954167632779,74.5280114,-8.6948124
10.0,0.478692875603,20.0,76.41429384810002,-10.36986557691744,72.88373967187918,-7.612712615434648,75.2259165,-8.66146789
10.0,0.478692875603,30.0,77.308150930564,-10.217479641637244,73.67631812674419,-7.559325688652496,75.9732675,-8.58863459
10.0,0.478692875603,40.0,78.42535642678658,-9.98717191882763,74.54436365288252,-7.461391195536976,76.6835896,-8.48013068
10.0,0.478692875603,50.0,79.69716385135231,-9.734193452404956,75.50925227798045,-7.34726663633273,77.4138014,-8.32217024
10.0,0.478692875603,60.0,80.8095700600826,-9.465646902940206,76.35653766850913,-7.164367465633813,78.1739233,-8.08585975
10.0,0.478692875603,70.0,81.7554107339773,-9.199484121179827,77.12682201293966,-6.944073960007923,78.7584578,-7.7485288
10.0,0.478692875603,80.0,82.47338298537689,-8.94153948480443,77.74904348711884,-6.689807865618203,79.1627686,-7.35607351
10.0,0.478692875603,90.0,83.22914364064394,-8.648130520337393,78.4521141821156,-6.472460216477479,79.4210611,-6.95270178
10.0,0.478692875603,100.0,83.68875938699883,-8.23194483427036,78.79901843256118,-6.196704523649147,79.4586665,-6.53652731
10.0,0.478692875603,110.0,83.94357494054259,-7.790593665536625,78.93781125207506,-5.917164885671705,79.2535402,-6.11974499
10.0,0.478692875603,120.0,83.9909557937285,-7.345208304233355,78.87630730565907,-5.633351918393539,78.8558276,-5.72021336
10.0,0.478692875603,130.0,83.77445498930521,-6.907310589200346,78.60528220188004,-5.353484973978326,78.4691229,-5.38746997
10.0,0.478692875603,140.0,83.33380854107027,-6.4853859307163635,78.25136024796201,-5.112440854432045,78.0919593,-5.11995703
10.0,0.478692875603,150.0,82.64337018543796,-6.082480176582567,77.84102137250171,-4.9171503325059325,77.8742955,-4.95286875
10.0,0.478692875603,160.0,81.89204370859657,-5.737960776516128,77.39455447220281,-4.772089357000851,77.5130635,-4.80879302
10.0,0.478692875603,170.0,81.04667079173164,-5.44499396397687,76.94539045082685,-4.68454113603659,77.1028474,-4.71241193
10.0,0.478692875603,180.0,80.20242430023518,-5.222150977257621,76.5066883752882,-4.653184138486373,76.7119648,-4.67756924
10.0,0.478692875603,190.0,79.3901787753408,-5.0732563148243734,76.0928301265016,-4.677897690983169,76.359002,-4.70553722
10.0,0.478692875603,200.0,78.63875647502692,-5.000811898689813,75.72423169464851,-4.762270495413421,76.0516623,-4.795901
10.0,0.478692875603,210.0,77.97363379233587,-5.006174857431394,75.3965140384475,-4.900290378729237,75.7729877,-4.94198173
10.0,0.478692875603,220.0,77.44160907361278,-5.0958919404686185,75.12365696434613,-5.091149747963162,75.4496557,-5.12094296
10.0,0.478692875603,230.0,77.05428339569978,-5.2685123664615725,74.89402274167183,-5.3278988840834645,75.0535529,-5.32150256
10.0,0.478692875603,240.0,76.80630432615135,-5.5198559221839725,74.59232098599705,-5.577089291034215,74.7870496,-5.59023956
10.0,0.478692875603,250.0,76.80616072899223,-5.876169579781339,74.24045207065399,-5.833474730224261,74.6626282,-5.92970323
10.0,0.478692875603,260.0,76.8994594985451,-6.303163818973213,73.81985012322144,-6.095076401166874,74.525741,-6.29986669
10.0,0.478692875603,270.0,77.02268473118629,-6.785854666389825,73.38497937172,-6.358742566525937,74.3358137,-6.68056043
10.0,0.478692875603,280.0,77.05694258570972,-7.294738704114057,72.94911778468908,-6.62251630806752,74.1402762,-7.07099093
10.0,0.478692875603,290.0,77.08726865084138,-7.8302488000216774,72.48982353510583,-6.85995506647815,73.9563172,-7.45833793
10.0,0.478692875603,300.0,76.89700954004343,-8.253607254073845,72.03310459891678,-7.062484649792858,73.6956709,-7.77826304
10.0,0.478692875603,310.0,76.76804809079577,-8.608118352545178,71.58535182660411,-7.215842485123048,73.4687975,-8.02047997
10.0,0.478692875603,320.0,76.63752950574042,-9.00700260359047,71.31989229474549,-7.365879282617997,73.4144,-8.2182049
10.0,0.478692875603,330.0,76.35443571487035,-9.476968639050643,71.13651783985945,-7.457424120866243,73.393175,-8.38526212
10.0,0.478692875603,340.0,75.92355086611921,-9.889202615151744,71.10765055862414,-7.521815317787976,73.4165284,-8.51987439
10.0,0.478692875603,350.0,75.5780327436848,-10.179785788890568,71.28596636871193,-7.57567584703803,73.577111,-8.61389639
10.0,0.541553860654,0.0,86.7282602696418,-9.668704759949199,87.48479432731773,-9.2661475550183,80.7143021,-7.37928204
10.0,0.541553860654,10.0,87.15468634154564,-9.74616991424175,88.03192491565868,-9.26681574998669,81.1768729,-7.37214892
10.0,0.541553860654,20.0,87.69056026896823,-9.77112989767871,88.72904179134083,-9.236774015098035,81.7321264,-7.31681327
10.0,0.541553860654,30.0,88.31728880448395,-9.743469443711643,89.48837679952494,-9.142035739630671,82.3387823,-7.2100089
10.0,0.541553860654,40.0,89.01988754965403,-9.654476146714824,90.29678801633516,-8.992065063658808,82.9629199,-7.05355651
10.0,0.541553860654,50.0,89.82270803669616,-9.508915575930699,91.14741085242076,-8.805401981111457,83.5620913,-6.85100713
10.0,0.541553860654,60.0,90.64934539283728,-9.3079941072193,91.88429076997625,-8.556256390827231,84.1038959,-6.61047559
10.0,0.541553860654,70.0,91.33937700596498,-8.99268823895598,92.54311148914664,-8.269706102339404,84.5713352,-6.34217187
10.0,0.541553860654,80.0,91.92352709159374,-8.62592424438417,93.01524877987384,-7.946390888060719,84.9631131,-6.05599642
10.0,0.541553860654,90.0,92.41461801172309,-8.234271309396854,93.59728430322868,-7.668558675465756,85.2664947,-5.75860727
10.0,0.541553860654,100.0,92.64269447356256,-7.802311802715708,93.73380129091964,-7.317296678932837,85.4601894,-5.45927071
10.0,0.541553860654,110.0,92.74820686033978,-7.3735397690281035,93.66121054672968,-6.9664208756031165,85.5425034,-5.17248025
10.0,0.541553860654,120.0,92.4397659899154,-6.903686502611988,93.43041594614316,-6.626990517827751,85.5040175,-4.90653831
10.0,0.541553860654,130.0,92.02310549523989,-6.461669022296351,93.03024231547306,-6.306315542398753,85.4897541,-4.69759198
10.0,0.541553860654,140.0,91.40552294807165,-6.0359706634798105,92.55992635402056,-6.030414925628025,85.5017777,-4.54578442
10.0,0.541553860654,150.0,90.73348629227691,-5.663274716699179,92.0487609603894,-5.807026506639144,85.541839,-4.45122239
10.0,0.541553860654,160.0,89.9615352574016,-5.343013026108546,91.52903427831784,-5.643317351735464,85.3065652,-4.3513738
10.0,0.541553860654,170.0,89.13307504922881,-5.0813407153870385,91.0317437069457,-5.545892678008522,84.9760153,-4.28359764
10.0,0.541553860654,180.0,88.31305958884124,-4.88522418982306,90.57717572889092,-5.514714492911594,84.6116668,-4.25910399
10.0,0.541553860654,190.0,87.53101733821141,-4.7581047580443965,90.17991192452752,-5.549828988499248,84.2325928,-4.27934013
10.0,0.541553860654,200.0,86.81424299122276,-4.70216257683125,89.84883586432427,-5.652398939415037,83.8338443,-4.34090774
10.0,0.541553860654,210.0,86.18661769425044,-4.71846031549997,89.58111518743794,-5.816791379753149,83.3644997,-4.43050965
10.0,0.541553860654,220.0,85.67812023331653,-4.809195012849535,89.37862858263772,-6.039397284613224,82.7216128,-4.52214439
10.0,0.541553860654,230.0,85.33310761645889,-4.979782209884397,89.22613245573295,-6.311975874338075,82.0518485,-4.64089576
10.0,0.541553860654,240.0,85.12153837214953,-5.221153213731091,89.04413318274494,-6.611148916819945,81.5038088,-4.8151991
10.0,0.541553860654,250.0,84.99868109001626,-5.531874581531389,88.85952336193866,-6.932997727079747,81.12496,-5.0518787
10.0,0.541553860654,260.0,85.03447374787275,-5.911543545088286,88.6099581734757,-7.263265495345987,80.7875501,-5.31508323
10.0,0.541553860654,270.0,85.2035442860873,-6.352480832503651,88.32519358604775,-7.596115737548845,80.511002,-5.59786971
10.0,0.541553860654,280.0,85.52740503075927,-6.853802860123799,88.02422447866694,-7.923922816521027,80.3000117,-5.88909821
10.0,0.541553860654,290.0,85.74420630074265,-7.36085936059975,87.68639356243052,-8.227045030604087,80.1364485,-6.17581827
10.0,0.541553860654,300.0,85.89862522224509,-7.858577906130505,87.37186737545385,-8.499761435859213,80.0192132,-6.45174482
10.0,0.541553860654,310.0,86.04556865287437,-8.343512789052088,87.0701941347537,-8.726334000021355,79.938829,-6.70470188
10.0,0.541553860654,320.0,86.12876347005137,-8.776385382250707,86.90397517700598,-8.929141474271658,79.8992699,-6.92174676
10.0,0.541553860654,330.0,86.17222683836334,-9.109611358568417,86.81941348636695,-9.068785792244803,79.9268643,-7.09739703
10.0,0.541553860654,340.0,86.23545076325892,-9.359286233137516,86.87147792511523,-9.16490598513332,80.0512345,-7.23006319
10.0,0.541553860654,350.0,86.41996111288202,-9.5413511170677,87.09724589297588,-9.232682029362964,80.2856759,-7.3169325
10.0,0.60965433652,0.0,97.88318124596829,-10.148730824243565,101.72909176238196,-10.575528951445518,95.1813103,-8.70953243
10.0,0.60965433652,10.0,98.30472072163772,-10.226795136372571,102.27298658222676,-10.564657954256726,95.6716203,-8.70359728
10.0,0.60965433652,20.0,98.87110089599871,-10.254135460820734,102.93700008734544,-10.500434120541806,96.2810585,-8.65314413
10.0,0.60965433652,30.0,99.49593868127758,-10.196266762466593,103.68054607192404,-10.38048597929154,96.9818284,-8.55884805
10.0,0.60965433652,40.0,100.1626003184283,-10.05707527207095,104.47487307121378,-10.209241413528549,97.7639616,-8.42885385
10.0,0.60965433652,50.0,100.91913781370278,-9.86920000507386,105.27398232852636,-9.991833588007516,98.5871992,-8.26552586
10.0,0.60965433652,60.0,101.62669473021249,-9.607059565634254,105.97711705932932,-9.71602843778602,99.3881561,-8.06649367
10.0,0.60965433652,70.0,102.29498983940535,-9.29563262665952,106.59785077563993,-9.401214426748693,100.103754,-7.83127897
10.0,0.60965433652,80.0,102.86249974801761,-8.937742416895988,107.00706072678976,-9.049586777118448,100.696163,-7.56507984
10.0,0.60965433652,90.0,103.25961581766228,-8.543838510536906,107.57095164364723,-8.75140536640341,101.134775,-7.27231695
10.0,0.60965433652,100.0,103.50364134657359,-8.128296499105751,107.62837325873888,-8.36775073883742,101.420626,-6.96477493
10.0,0.60965433652,110.0,103.413252276777,-7.67207064911423,107.49039342610529,-7.988015205794144,101.5767,-6.66157317
10.0,0.60965433652,120.0,103.20331298941726,-7.228404209386405,107.21452779598448,-7.626585907675221,101.597579,-6.37428556
10.0,0.60965433652,130.0,102.7770099742823,-6.787731811136614,106.79014750948728,-7.290668087608748,101.55903,-6.12925337
10.0,0.60965433652,140.0,102.27878011256489,-6.3894523433804675,106.30422508802492,-7.003188942362978,101.492901,-5.93668911
10.0,0.60965433652,150.0,101.64490001404103,-6.033049651017427,105.78752403091424,-6.772284558507798,101.41652,-5.80116569
10.0,0.60965433652,160.0,100.91194646693867,-5.726341586433815,105.27554424002028,-6.60611060998786,101.157051,-5.68424149
10.0,0.60965433652,170.0,100.14798451142883,-5.478424729897211,104.79539921069116,-6.509576586687168,100.811553,-5.60720159
10.0,0.60965433652,180.0,99.38151871343202,-5.294381875207175,104.3653773299341,-6.484558409150186,100.42903,-5.57914347
10.0,0.60965433652,190.0,98.64057948669931,-5.177842922962759,103.99775528033052,-6.531077550696335,100.023843,-5.60078773
10.0,0.60965433652,200.0,97.95136414201276,-5.131103593982147,103.69816057981517,-6.647171208042482,99.5981354,-5.66975754
10.0,0.60965433652,210.0,97.3370438545074,-5.155216707792094,103.46370646349528,-6.828322482985231,99.1240016,-5.77677398
10.0,0.60965433652,220.0,96.81680643376522,-5.250032270329888,103.2895334377259,-7.069102937404178,98.5408686,-5.90368684
10.0,0.60965433652,230.0,96.41599737316264,-5.416427534404411,103.1562558755166,-7.36035487492435,97.9332001,-6.0636742
10.0,0.60965433652,240.0,96.179565661858,-5.659404694569052,103.00523631394697,-7.682828622645601,97.3842791,-6.27055236
10.0,0.60965433652,250.0,96.04257187188514,-5.964840506347183,102.86493002831536,-8.032868688054242,96.920877,-6.52285274
10.0,0.60965433652,260.0,95.98614909932307,-6.330452772163473,102.6560786235388,-8.391908543121978,96.4975848,-6.79873482
10.0,0.60965433652,270.0,96.07312341679125,-6.753130396381493,102.3960740173535,-8.75038833231553,96.1207739,-7.08747317
10.0,0.60965433652,280.0,96.2122046920275,-7.206810960415597,102.1270564211162,-9.101321932892638,95.7561874,-7.37144687
10.0,0.60965433652,290.0,96.54738240835866,-7.716145735676593,101.79863283846431,-9.425583252142715,95.390223,-7.6383542
10.0,0.60965433652,300.0,96.66896221883357,-8.185158091984263,101.51446434748216,-9.721243868223704,95.0422537,-7.88273744
10.0,0.60965433652,310.0,96.87799346412521,-8.659393906297582,101.23929407685684,-9.970606310713572,94.7405523,-8.09795428
10.0,0.60965433652,320.0,96.96597841412787,-9.071803029450788,101.07613822114268,-10.1860946953936,94.5271421,-8.28232522
10.0,0.60965433652,330.0,97.13421268471923,-9.449835902493213,101.02215504419128,-10.353580085203026,94.445971,-8.43749618
10.0,0.60965433652,340.0,97.28436606101037,-9.748073606030347,101.10379554542534,-10.472812062658091,94.5181537,-8.56106011
10.0,0.60965433652,350.0,97.5380562455678,-9.985620140001474,101.33561330321214,-10.54380044296037,94.7364692,-8.64482722
10.0,0.682476017461,0.0,110.43690627093032,-10.73648924175162,116.39369402413136,-11.705904799443886,110.080782,-9.940308
10.0,0.682476017461,10.0,110.86998566371273,-10.818936135869972,116.9086061991948,-11.677231983285903,110.573778,-9.93076346
10.0,0.682476017461,20.0,111.43055919779336,-10.836146148028837,117.55038947740512,-11.59870243340536,111.197314,-9.87763393
10.0,0.682476017461,30.0,112.09689571941833,-10.785510318061135,118.284606290917,-11.468095586529609,111.918764,-9.78011129
10.0,0.682476017461,40.0,112.75682266783681,-10.646038328104154,119.04824979922304,-11.283875046284328,112.713918,-9.64249952
10.0,0.682476017461,50.0,113.44433230812919,-10.438103778725864,119.8084098112672,-11.050442294551422,113.543485,-9.4678859
10.0,0.682476017461,60.0,114.22730472900528,-10.198954619587765,120.5092354272017,-10.76415559375962,114.348727,-9.25573006
10.0,0.682476017461,70.0,114.8459677945176,-9.880925713182155,121.08658873164758,-10.440903080717382,115.076892,-9.00866217
10.0,0.682476017461,80.0,115.3985429117218,-9.528566455597145,121.49744140212094,-10.08111769004087,115.697616,-8.73396132
10.0,0.682476017461,90.0,115.86507853220212,-9.151894344043633,122.0922990294983,-9.781798773059618,116.189022,-8.4384982
10.0,0.682476017461,100.0,115.97535337671222,-8.712422084950777,122.12955918606087,-9.391084115569129,116.539676,-8.13124166
10.0,0.682476017461,110.0,116.00714619740907,-8.28052092702399,122.0119647062844,-9.007313786285437,116.756993,-7.82639284
10.0,0.682476017461,120.0,115.82527737572241,-7.839270204008317,121.76725190426596,-8.644600646921738,116.828621,-7.53395056
10.0,0.682476017461,130.0,115.50465496451027,-7.416189060857439,121.39003964435229,-8.311506155106825,116.819882,-7.27908966
10.0,0.682476017461,140.0,115.11168333763389,-7.034560802172047,120.95764076412448,-8.028684170331521,116.754603,-7.07209515
10.0,0.682476017461,150.0,114.52877611716463,-6.689067933807583,120.50018604279528,-7.804706086835242,116.661237,-6.92161914
10.0,0.682476017461,160.0,113.8778324795738,-6.394276761744589,120.0489349081142,-7.647308942017847,116.413652,-6.79916671
10.0,0.682476017461,170.0,113.18476627465066,-6.157074013753321,119.6271034314703,-7.5609660458621155,116.081539,-6.72058051
10.0,0.682476017461,180.0,112.47600019584272,-5.982759436892474,119.25018898112565,-7.547401078522049,115.704914,-6.69346553
10.0,0.682476017461,190.0,111.77791653828929,-5.875151303786513,118.9267814650378,-7.606072264033049,115.302314,-6.71947791
10.0,0.682476017461,200.0,111.11551055800466,-5.8366476666947795,118.66039221516242,-7.734596082626211,114.875091,-6.79606007
10.0,0.682476017461,210.0,110.51119713697499,-5.868271350792706,118.44618220436584,-7.927916811687878,114.406924,-6.91589385
10.0,0.682476017461,220.0,109.9838520345154,-5.969680559699637,118.27743056497276,-8.179732938124864,113.853309,-7.06392449
10.0,0.682476017461,230.0,109.54814974116377,-6.139134227153628,118.1307932737742,-8.48000399809994,113.257379,-7.24361342
10.0,0.682476017461,240.0,109.26286546530322,-6.383780417322083,117.96549532051938,-8.811947672264015,112.69476,-7.46575121
10.0,0.682476017461,250.0,109.08904178572287,-6.691070406301483,117.80667830412762,-9.171113701146036,112.192868,-7.72772779
10.0,0.682476017461,260.0,108.93097846371715,-7.047090563480176,117.5876555653624,-9.538948042461854,111.719187,-8.00975664
10.0,0.682476017461,270.0,108.92605820958516,-7.461148980112434,117.29109533997551,-9.901862488298413,111.277904,-8.30135399
10.0,0.682476017461,280.0,108.96856099882233,-7.900411089370275,116.99881141977566,-10.254215370465266,110.855786,-8.58968217
10.0,0.682476017461,290.0,109.10881253487827,-8.366953508107947,116.64223000718664,-10.5791950657762,110.449862,-8.86419853
10.0,0.682476017461,300.0,109.32278997814967,-8.847856698954814,116.3154033523473,-10.873747363302222,110.073392,-9.11687687
10.0,0.682476017461,310.0,109.38054483766798,-9.276182732380233,116.0379073544784,-11.124895742224384,109.749654,-9.33945507
10.0,0.682476017461,320.0,109.58923980102436,-9.704650278557937,115.83581372670244,-11.33465768327094,109.513842,-9.52812864
10.0,0.682476017461,330.0,109.66695160579498,-10.051536726535439,115.75132003867516,-11.4982199840773,109.405455,-9.68285991
10.0,0.682476017461,340.0,109.84304485999311,-10.34800339239394,115.81051243210398,-11.615383638133205,109.446956,-9.80146707
10.0,0.682476017461,350.0,110.11807033379894,-10.583372237019782,116.02435560163872,-11.68500091365886,109.640127,-9.87870235
10.0,0.759464686512,0.0,124.42929059346082,-11.28419234899609,131.98177650819977,-12.613193049031544,125.7146,-10.9101516
10.0,0.759464686512,10.0,124.8613101814086,-11.361223564497381,132.44730174381286,-12.568913140887323,126.185457,-10.8918604
10.0,0.759464686512,20.0,125.38937549105859,-11.364410194379804,133.0365145605316,-12.47492963374352,126.791464,-10.830991
10.0,0.759464686512,30.0,126.03628658342005,-11.306091874241492,133.72007987265826,-12.33113888934306,127.497202,-10.7261759
10.0,0.759464686512,40.0,126.77756424359981,-11.186979147289989,134.45380959107638,-12.136300327436798,128.27944,-10.5820883
10.0,0.759464686512,50.0,127.413563397022,-10.975340927495186,135.19478308040792,-11.894756036149834,129.095442,-10.4009833
10.0,0.759464686512,60.0,128.03565328197993,-10.702031732210072,135.83508750005953,-11.607744295858645,129.897078,-10.1851736
10.0,0.759464686512,70.0,128.75101318849687,-10.41413213614147,136.395798172019,-11.2838855672656,130.641388,-9.93811539
10.0,0.759464686512,80.0,129.24741230723285,-10.056179194736636,136.82810087303235,-10.926904004250956,131.303346,-9.66694786
10.0,0.759464686512,90.0,129.54148632568558,-9.648477646498272,137.41710614471137,-10.639573875469685,131.860466,-9.37872944
10.0,0.759464686512,100.0,129.77589173808084,-9.236506063351474,137.4885089056602,-10.256521284923716,132.291088,-9.08059269
10.0,0.759464686512,110.0,129.80102289253014,-8.80181246108532,137.43174264677774,-9.883700168702632,132.585171,-8.78409205
10.0,0.759464686512,120.0,129.68459633946742,-8.372204132400647,137.24699357050983,-9.532698784817102,132.729161,-8.49892218
10.0,0.759464686512,130.0,129.49440230415684,-7.974145233295779,136.95283756063893,-9.21521646471432,132.775727,-8.24739741
10.0,0.759464686512,140.0,129.11210512115093,-7.603594238832659,136.6102911914113,-8.948786587195073,132.745234,-8.03974362
10.0,0.759464686512,150.0,128.61999425714245,-7.273712397593489,136.24424788961824,-8.741776464867375,132.665832,-7.8853632
10.0,0.759464686512,160.0,128.05597658001489,-6.9939116926622455,135.8822954729004,-8.601581979532057,132.450676,-7.76509635
10.0,0.759464686512,170.0,127.44240907951249,-6.771013032213954,135.54228308811983,-8.531921716934402,132.153032,-7.69135911
10.0,0.759464686512,180.0,126.80320259208685,-6.610319481419032,135.23656929474842,-8.534260953125385,131.800892,-7.66942738
10.0,0.759464686512,190.0,126.16248994661927,-6.515625041676815,134.97023473360252,-8.607532385072892,131.411433,-7.7008483
10.0,0.759464686512,200.0,125.54334534224513,-6.489233343797794,134.74350866760994,-8.748667315055904,130.990574,-7.78398277
10.0,0.759464686512,210.0,124.96665357238686,-6.531969143239746,134.55139117510757,-8.952446100597216,130.527494,-7.91249409
10.0,0.759464686512,220.0,124.45021291375988,-6.64316965573788,134.38542958468818,-9.211780673895207,129.990387,-8.07389548
10.0,0.759464686512,230.0,124.00813326409178,-6.82064934999515,134.22891269385192,-9.516695766116976,129.401943,-8.26671091
10.0,0.759464686512,240.0,123.65645621412936,-7.06188559081697,134.03356028884835,-9.85009996845148,128.82555,-8.49806902
10.0,0.759464686512,250.0,123.45004158191699,-7.372035998337295,133.8333328878009,-10.208037150086083,128.277303,-8.76213609
10.0,0.759464686512,260.0,123.2823624782992,-7.729824411140315,133.60377197184957,-10.572968620935988,127.742413,-9.04294578
10.0,0.759464686512,270.0,123.15215294956376,-8.12554057412702,133.26485022363934,-10.928852879554782,127.234297,-9.33100979
10.0,0.759464686512,280.0,123.16098435713837,-8.564530558048943,132.9038796284968,-11.270789847577438,126.751007,-9.6148315
10.0,0.759464686512,290.0,123.17407515146142,-9.00549662859584,132.53945434675128,-11.584003202493768,126.296822,-9.88479344
10.0,0.759464686512,300.0,123.23496139500028,-9.443585794015254,132.1631980919615,-11.864290764510296,125.883091,-10.132567
10.0,0.759464686512,310.0,123.46830156504711,-9.900439431038334,131.82303052245223,-12.1025357839237,125.526747,-10.3499268
10.0,0.759464686512,320.0,123.51398203257625,-10.281602168195532,131.58312645746966,-12.29896446944433,125.260851,-10.5327454
10.0,0.759464686512,330.0,123.64697353271995,-10.623846762164245,131.46394341493155,-12.449284914024624,125.11949,-10.6794011
10.0,0.759464686512,340.0,123.88346673802563,-10.919726467616218,131.48548529717365,-12.552554722841146,125.126633,-10.7881547
10.0,0.759464686512,350.0,124.10301676440075,-11.135651538187451,131.65746860975676,-12.607463702555073,125.288411,-10.8553381
10.0,0.840034413416,0.0,140.14334707553277,-12.16256941585192,149.01557305844457,-13.742946879663616,142.974883,-12.1533618
10.0,0.840034413416,10.0,140.56544575977202,-12.232025806365714,149.43041486199846,-13.68146372613916,143.419836,-12.1253479
10.0,0.840034413416,20.0,141.06876049890727,-12.226875769700627,149.97632114047806,-13.571323906149418,144.012866,-12.0571239
10.0,0.840034413416,30.0,141.6391706696326,-12.147655866080255,150.6301768294198,-13.414569698287805,144.718787,-11.9474855
10.0,0.840034413416,40.0,142.25861610895308,-11.997465291095429,151.3184871214784,-13.210282130412912,145.513201,-11.8007705
10.0,0.840034413416,50.0,142.91630416486768,-11.784855339251555,151.9982739664157,-12.962701536247572,146.358176,-11.6203113
10.0,0.840034413416,60.0,143.68377973521578,-11.544511632279796,152.6479698390874,-12.673448227007912,147.20376,-11.4074441
10.0,0.840034413416,70.0,144.24975397437132,-11.222652868294746,153.23284179810082,-12.350083481736002,148.011323,-11.1661823
10.0,0.840034413416,80.0,144.684796107699,-10.84824887557635,153.65501426830102,-11.998711173095309,148.75238,-10.9030816
10.0,0.840034413416,90.0,145.0714604678164,-10.454869367889353,154.32090314270897,-11.725596165450204,149.398267,-10.6242415
10.0,0.840034413416,100.0,145.3256558549156,-10.039992733862919,154.47407617489378,-11.355582839728129,149.925619,-10.3368009
10.0,0.840034413416,110.0,145.41423586736929,-9.611153429863895,154.5129007371823,-10.99832098111375,150.323997,-10.0520524
10.0,0.840034413416,120.0,145.39315495447647,-9.193587492837976,154.42739064608963,-10.663901011250536,150.576093,-9.77887345
10.0,0.840034413416,130.0,145.28541332402352,-8.807456240679233,154.25208872588803,-10.366373920041974,150.717871,-9.53609934
10.0,0.840034413416,140.0,144.98494178991604,-8.448568899898918,154.03104570741291,-10.1205803954713,150.763975,-9.33379003
10.0,0.840034413416,150.0,144.59337963979712,-8.131982639418588,153.7844769976608,-9.934473695667863,150.740725,-9.18207532
10.0,0.840034413416,160.0,144.1273059528225,-7.865952943735142,153.5360376334937,-9.81513338144787,150.588934,-9.068713
10.0,0.840034413416,170.0,143.60609832254522,-7.657256746011157,153.29791577551146,-9.765557445317729,150.344146,-9.00268303
10.0,0.840034413416,180.0,143.0507375350335,-7.511135529626415,153.07863791190528,-9.786787952757054,150.030545,-8.98883018
10.0,0.840034413416,190.0,142.48256604633582,-7.431266599738652,152.88054790082984,-9.877405216827375,149.661777,-9.02813006
10.0,0.840034413416,200.0,141.92210615504194,-7.419748292863944,152.69985974836237,-10.033438113596665,149.243725,-9.11888396
10.0,0.840034413416,210.0,141.38803604081536,-7.47708676602374,152.53199030596957,-10.249565896994914,148.771821,-9.25571725
10.0,0.840034413416,220.0,140.896404432343,-7.60217599922882,152.36457105511866,-10.517394655048262,148.222676,-9.42726521
10.0,0.840034413416,230.0,140.460138738675,-7.792268542421632,152.1831039116585,-10.827200872299091,147.613601,-9.62998455
10.0,0.840034413416,240.0,140.08886906952205,-8.04294176896097,151.94387874157024,-11.161614350352451,146.991289,-9.86628516
10.0,0.840034413416,250.0,139.8442783101988,-8.360018528298033,151.68179427770372,-11.516385555841335,146.374378,-10.1299876
10.0,0.840034413416,260.0,139.62680476511505,-8.722540777946254,151.38487400219944,-11.87655120818229,145.757347,-10.4067639
10.0,0.840034413416,270.0,139.42676402145733,-9.118833868908075,150.99570272881633,-12.224509724994022,145.153572,-10.6871308
10.0,0.840034413416,280.0,139.3194342346585,-9.545846844689304,150.53753323632216,-12.55172231685802,144.568903,-10.9608368
10.0,0.840034413416,290.0,139.27878635312925,-9.986599771888853,150.08439525967776,-12.85113218230527,144.012399,-11.2183238
10.0,0.840034413416,300.0,139.23675031772783,-10.411557732767664,149.65533785160065,-13.113430671347537,143.503159,-11.4524617
10.0,0.840034413416,310.0,139.26864969876442,-10.821916414883807,149.24003967869768,-13.332366826648808,143.061363,-11.655923
10.0,0.840034413416,320.0,139.40352778374026,-11.218276151131164,148.91210942538825,-13.509135895337195,142.719101,-11.8246897
10.0,0.840034413416,330.0,139.4423262447245,-11.54030691986053,148.7076165291596,-13.638686447942485,142.510306,-11.9572831
10.0,0.840034413416,340.0,139.57807712672889,-11.810819860771312,148.65064552472177,-13.721264024196378,142.461309,-12.052903
10.0,0.840034413416,350.0,139.81233900204128,-12.020605727694505,148.752439742963,-13.756073242108664,142.575407,-12.1073622
10.0,0.923572013902,0.0,156.4348004418872,-12.934046255685299,166.87070572517726,-14.828259048377822,160.977822,-13.3148689
10.0,0.923572013902,10.0,156.78999813523922,-12.982184653157486,167.21166999825292,-14.745033029773438,161.383026,-13.2748654
10.0,0.923572013902,20.0,157.23905786740028,-12.958328096580933,167.665756973716,-14.615133886094782,161.944744,-13.1964532
10.0,0.923572013902,30.0,157.77866528554068,-12.866394857251429,168.22423994588158,-14.441926926513768,162.630587,-13.0793327
10.0,0.923572013902,40.0,158.4515800991921,-12.726957233286152,168.85164853531066,-14.22556850506531,163.415088,-12.9274528
10.0,0.923572013902,50.0,159.06439657621692,-12.508125649132111,169.50104058263017,-13.966531764385406,164.260777,-12.7437246
10.0,0.923572013902,60.0,159.59993476168233,-12.218820860815741,170.14788821278344,-13.673471570469635,165.127927,-12.531223
10.0,0.923572013902,70.0,160.10735457586895,-11.881924288564555,170.6833036426161,-13.349425082906375,165.977152,-12.2935802
10.0,0.923572013902,80.0,160.59579599553425,-11.516149810755412,171.10609540100623,-13.00245539003395,166.774747,-12.0361673
10.0,0.923572013902,90.0,160.97972175266707,-11.11920354673528,171.85921707143757,-12.74695507398143,167.492394,-11.7654866
10.0,0.923572013902,100.0,161.23137990386957,-10.70013112408133,172.08638803612303,-12.391058394209274,168.104616,-11.4889805
10.0,0.923572013902,110.0,161.38724376396317,-10.281261051100959,172.20815519957986,-12.050449784010851,168.596532,-11.2172599
10.0,0.923572013902,120.0,161.47853209802906,-9.883353477320284,172.22103471427792,-11.735435747485894,168.950632,-10.9588862
10.0,0.923572013902,130.0,161.38115967516762,-9.507173956741823,172.1687873318648,-11.46170619662442,169.187759,-10.7292803
10.0,0.923572013902,140.0,161.18437394853686,-9.1652282033334,172.07098446868466,-11.239621176578416,169.320304,-10.5385349
10.0,0.923572013902,150.0,160.90371809700994,-8.867199008857504,171.95032946581568,-11.07815780438379,169.366174,-10.3955911
10.0,0.923572013902,160.0,160.55253736168675,-8.621060284783413,171.82423286728837,-10.98342749093562,169.288926,-10.2939256
10.0,0.923572013902,170.0,160.14660782897028,-8.433289481756917,171.70100917327343,-10.95802504116613,169.111281,-10.240105
10.0,0.923572013902,180.0,159.70305458396925,-8.308788425042211,171.58483603869922,-11.002378647931067,168.852119,-10.2380417
10.0,0.923572013902,190.0,159.23925905322696,-8.250832613636984,171.47395106491825,-11.114398590141976,168.522089,-10.2883056
10.0,0.923572013902,200.0,158.7718559835834,-8.261038397438629,171.36079821268933,-11.289305750228786,168.125281,-10.3887681
10.0,0.923572013902,210.0,158.31590848546884,-8.339339623677775,171.23890391605605,-11.521210874547023,167.662547,-10.5349777
10.0,0.923572013902,220.0,157.88432787709795,-8.483969221326507,171.0978988199948,-11.801839701312602,167.116147,-10.7164449
10.0,0.923572013902,230.0,157.48757562630865,-8.691446364243049,170.91765068471878,-12.119477019776983,166.497284,-10.9277451
10.0,0.923572013902,240.0,157.13365048190605,-8.956575621333927,170.6585310593557,-12.457795555433778,165.843764,-11.1685447
10.0,0.923572013902,250.0,156.84919185393423,-9.276965367601326,170.35122251790662,-12.810452668303972,165.1727,-11.431664
10.0,0.923572013902,260.0,156.63660698589365,-9.64769331645289,169.9945436969355,-13.164671385523532,164.485621,-11.704087
10.0,0.923572013902,270.0,156.38518233694327,-10.045248141389722,169.57885622387406,-13.50506325541866,163.800097,-11.9767805
10.0,0.923572013902,280.0,156.18721393561717,-10.463066256182898,169.04422467092726,-13.818590937634852,163.127692,-12.2399875
10.0,0.923572013902,290.0,156.0697474964266,-10.894418980028519,168.50083698746357,-14.10132275396318,162.481341,-12.4844125
10.0,0.923572013902,300.0,155.96230931472763,-11.311348199952441,167.973592159302,-14.3433829672501,161.886742,-12.704012
10.0,0.923572013902,310.0,155.890335194809,-11.702985799989257,167.49960797757265,-14.541642899928329,161.366635,-12.8922743
10.0,0.923572013902,320.0,155.89010105451777,-12.062852579981454,167.11135538788292,-14.69399179143209,160.951054,-13.045381
10.0,0.923572013902,330.0,155.966037582845,-12.379005557601555,166.82033715532248,-14.79814928225681,160.673486,-13.1619813
10.0,0.923572013902,340.0,156.03580234959816,-12.629758681044171,166.67058504420828,-14.85525381019518,160.559501,-13.2412594
10.0,0.923572013902,350.0,156.18209205962725,-12.815306062712361,166.6858368642759,-14.865063123567426,160.617292,-13.2806703
10.0,1.009441716388,0.0,172.81456934395536,-13.344600337193198,185.57817232702928,-15.690674758523471,178.78535,-14.0113698
10.0,1.009441716388,10.0,173.09768159511086,-13.370626817877785,185.79130027807216,-15.578524543670246,179.120411,-13.9555588
10.0,1.009441716388,20.0,173.45087766619196,-13.32384881208959,186.14073539469555,-15.422372736481709,179.615014,-13.8636329
10.0,1.009441716388,30.0,173.86295433278795,-13.205988372089642,186.60661345968367,-15.22533656565074,180.24019,-13.7356276
10.0,1.009441716388,40.0,174.31923363287376,-13.021126203892532,187.15282215485027,-14.990221098646336,180.975217,-13.5756226
10.0,1.009441716388,50.0,174.8022664620394,-12.775517355453495,187.67130741571327,-14.715676409892035,181.788274,-13.3869064
10.0,1.009441716388,60.0,175.3290909541198,-12.486605977606997,188.19453745557269,-14.412807835078366,182.641122,-13.172244
10.0,1.009441716388,70.0,175.7731232373109,-12.140777814957072,188.67647028464515,-14.083434331037784,183.498614,-12.9359437
10.0,1.009441716388,80.0,176.16847547816272,-11.75984735069349,189.1013182518132,-13.738962277489648,184.324628,-12.6831163
10.0,1.009441716388,90.0,176.51098113508783,-11.358318152926685,189.91849357842003,-13.498812960131426,185.084978,-12.420563
10.0,1.009441716388,100.0,176.80857045634664,-10.953477900352995,190.1709566983621,-13.15331793683192,185.754083,-12.1567836
10.0,1.009441716388,110.0,176.97679477683857,-10.555803630070354,190.3456017643524,-12.827858945995375,186.313784,-11.9012951
10.0,1.009441716388,120.0,177.04000294501654,-10.172818266010433,190.44897299572096,-12.5334236380157,186.744213,-11.661436
10.0,1.009441716388,130.0,177.02306280702203,-9.817101541288544,190.50528211579592,-12.283511703821082,187.06061,-11.4506638
10.0,1.009441716388,140.0,176.92981213350302,-9.498716743177479,190.52730154495592,-12.086989791121344,187.270897,-11.2776771
10.0,1.009441716388,150.0,176.7674298054487,-9.22648450476541,190.53788446935425,-11.953112915435042,187.391196,-11.1508379
10.0,1.009441716388,160.0,176.4941817244466,-9.00188453967209,190.54551137245247,-11.886319622186804,187.390437,-11.0655019
10.0,1.009441716388,170.0,176.18934027511511,-8.839888019809594,190.55715061509045,-11.889249271982436,187.291245,-11.0281975
10.0,1.009441716388,180.0,175.8601675907312,-8.741910785685015,190.57138101981232,-11.961475296152717,187.103122,-11.0409489
10.0,1.009441716388,190.0,175.51964400158687,-8.710567802575119,190.58244006470008,-12.10030918173866,186.835162,-11.1041724
10.0,1.009441716388,200.0,175.17964730546535,-8.74677349092577,190.579789623827,-12.300480765588215,186.491291,-11.2158417
10.0,1.009441716388,210.0,174.8789259479718,-8.855394519428241,190.54912530269712,-12.55442105790903,186.069721,-11.3711041
10.0,1.009441716388,220.0,174.61688112590952,-9.03228941101414,190.47804570900675,-12.853276925782362,185.555585,-11.5605127
10.0,1.009441716388,230.0,174.3057551125439,-9.260697089181559,190.34707591615955,-13.184723515152855,184.958287,-11.7783542
10.0,1.009441716388,240.0,174.00375529242524,-9.541216561307406,190.1388538599159,-13.535469997648413,184.305228,-12.0217313
10.0,1.009441716388,250.0,173.72495168951616,-9.867479580836672,189.82848093772432,-13.890991104937648,183.61378,-12.2835195
10.0,1.009441716388,260.0,173.47291452644254,-10.230375070060452,189.4465464361159,-14.242877372813718,182.888139,-12.5515083
10.0,1.009441716388,270.0,173.29089882133619,-10.628199933236848,188.996234025626,-14.577776298923672,182.148995,-12.8166336
10.0,1.009441716388,280.0,173.0511271780732,-11.038739701439816,188.4815826723186,-14.881845470749212,181.415527,-13.0689573
10.0,1.009441716388,290.0,172.8428749250671,-11.450594404054481,187.9163693354808,-15.149581298271276,180.709091,-13.3004178
10.0,1.009441716388,300.0,172.67858463447305,-11.851271592647688,187.3008627814248,-15.37109945644211,180.052839,-13.5043488
10.0,1.009441716388,310.0,172.5712170235705,-12.229508368682552,186.73394114074952,-15.547038815940532,179.474507,-13.6759316
10.0,1.009441716388,320.0,172.47171456814138,-12.562832844026152,186.2432852734753,-15.67347719428488,179.001385,-13.8114423
10.0,1.009441716388,330.0,172.43941989197202,-12.849061565919962,185.86201006143128,-15.750269632202045,178.664182,-13.9098637
10.0,1.009441716388,340.0,172.48393788678544,-13.0794860664343,185.61446669423665,-15.777918574390606,178.486979,-13.970712
10.0,1.009441716388,350.0,172.60886617838798,-13.246497346985793,185.5176769793642,-15.75759080298836,178.478653,-13.992235
10.0,1.096990000589,0.0,193.16273257009263,-14.108436106703268,208.1521668385909,-16.76527445533913,201.05345,-15.1489558
10.0,1.096990000589,10.0,193.33169532396477,-14.104858700580985,208.1820429180359,-16.620558023186152,201.302677,-15.0755242
10.0,1.096990000589,20.0,193.55202950554684,-14.027874297209372,208.34524398101848,-16.436400478588876,201.718334,-14.9686049
10.0,1.096990000589,30.0,193.81544032352926,-13.880128289891664,208.62281711184505,-16.215925231487386,202.277731,-14.8294053
10.0,1.096990000589,40.0,194.11070419697774,-13.66660361851127,208.99037255880512,-15.963206518393749,202.961009,-14.6617801
10.0,1.096990000589,50.0,194.42439387780374,-13.394411735475613,209.39012626575447,-15.67643831760366,203.73927,-14.4697684
10.0,1.096990000589,60.0,194.7494972323499,-13.074256345611655,209.8071708621269,-15.365269454379572,204.573845,-14.2565648
10.0,1.096990000589,70.0,195.05646822180597,-12.718844394956934,210.21066204948133,-15.035945268899752,205.425365,-14.0263617
10.0,1.096990000589,80.0,195.3029933650135,-12.333708455719758,210.58259329542875,-14.698306618303803,206.258903,-13.7851503
10.0,1.096990000589,90.0,195.51076194910587,-11.933371649183925,211.42871032943057,-14.476940240647147,207.041015,-13.539357
10.0,1.096990000589,100.0,195.6714249545206,-11.530202680039023,211.7023946430054,-14.151633872436642,207.743216,-13.2958257
10.0,1.096990000589,110.0,195.78046864508448,-11.136533186045895,211.91582342009303,-13.853668548858728,208.35098,-13.0633717
10.0,1.096990000589,120.0,195.79856233882683,-10.762459781667657,212.0801855953712,-13.592421360220408,208.843374,-12.8480733
10.0,1.096990000589,130.0,195.75974244600593,-10.419358733514581,212.2234969786988,-13.377505692583725,209.230906,-12.6611944
10.0,1.096990000589,140.0,195.67720068906962,-10.117973738368455,212.3547413699758,-13.216409746599185,209.514427,-12.5097502
10.0,1.096990000589,150.0,195.55836083341777,-9.866645095529258,212.49668960052404,-13.11789385382805,209.711825,-12.4025932
10.0,1.096990000589,160.0,195.41185986865102,-9.67220845513544,212.6534979893454,-13.085423390472306,209.7997,-12.3375005
10.0,1.096990000589,170.0,195.2466855054284,-9.53988407418141,212.82947280326,-13.12122742355177,209.790965,-12.3190145
10.0,1.096990000589,180.0,195.0713598734633,-9.473202694121646,213.0178890342363,-13.224125649621326,209.696437,-12.3496515
10.0,1.096990000589,190.0,194.8932584987302,-9.473959714861714,213.2053389429818,-13.390361010099133,209.518604,-12.4285637
10.0,1.096990000589,200.0,194.71813583285947,-9.542191048764481,213.37570908581503,-13.614091873058069,209.25743,-12.5529397
10.0,1.096990000589,210.0,194.5499026938543,-9.676167050992992,213.5065446010266,-13.886659378574135,208.908989,-12.7175947
10.0,1.096990000589,220.0,194.3906698360218,-9.872404738746038,213.5765535202109,-14.199598802651574,208.461249,-12.9138433
10.0,1.096990000589,230.0,194.24103892472576,-10.125702469673993,213.5457564420425,-14.542793070597414,207.91571,-13.1344861
10.0,1.096990000589,240.0,194.10059129707554,-10.429204637929036,213.4173475918128,-14.900633400977975,207.295377,-13.3757366
10.0,1.096990000589,250.0,193.96849974027685,-10.774506071370167,213.17526588827027,-15.2581403418692,206.612464,-13.6299055
10.0,1.096990000589,260.0,193.85747048104545,-11.157404616492379,212.8298669388276,-15.605101233365971,205.875566,-13.8868314
10.0,1.096990000589,270.0,193.6949504197994,-11.553399044587382,212.3854390735706,-15.928798338325729,205.104731,-14.137898
10.0,1.096990000589,280.0,193.5403315161776,-11.95817380000692,211.8445429490824,-16.21593607809837,204.320197,-14.3737231
10.0,1.096990000589,290.0,193.39805490114213,-12.359339759224245,211.2403579025166,-16.460161806584235,203.546761,-14.5863209
10.0,1.096990000589,300.0,193.27400768724453,-12.744353491456234,210.6003896196868,-16.654448785562106,202.816403,-14.7700971
10.0,1.096990000589,310.0,193.14403089415737,-13.102615287151576,209.97600290785817,-16.799231591434715,202.159119,-14.9202933
10.0,1.096990000589,320.0,193.0478815637166,-13.421340187354737,209.3963343190012,-16.891367114146117,201.603105,-15.033455
10.0,1.096990000589,330.0,192.99595004670985,-13.689096719018318,208.90173778642168,-16.932682889519782,201.179895,-15.1090922
10.0,1.096990000589,340.0,192.99509959406367,-13.897079731223606,208.51675615004743,-16.92374562885641,200.913763,-15.1472428
10.0,1.096990000589,350.0,193.05006167379443,-14.038415906605193,208.26369264228967,-16.867191913039893,200.814698,-15.1469857
10.0,1.185550571198,0.0,214.6246363241682,-15.192605003793744,232.69294782986745,-18.37802230975969,224.307797,-16.5434117
10.0,1.185550571198,10.0,214.61714811625959,-15.149383796767964,232.51765226348152,-18.190964591279045,224.453307,-16.4492735
10.0,1.185550571198,20.0,214.64353559298314,-15.032739412230779,232.4873929937472,-17.96879737207532,224.779913,-16.3260354
10.0,1.185550571198,30.0,214.70136827726708,-14.846691649419892,232.5851720044905,-17.715099927574343,225.265099,-16.1750616
10.0,1.185550571198,40.0,214.78411018937942,-14.597361482932508,232.792697087052,-17.435240845205616,225.892091,-16.0010007
10.0,1.185550571198,50.0,214.88345640758786,-14.292903013572237,233.0705471756921,-17.131367266610585,226.631747,-15.8077052
10.0,1.185550571198,60.0,214.99027052552879,-13.943190197116508,233.3987978106234,-16.811422273523423,227.447152,-15.5984376
10.0,1.185550571198,70.0,215.09559130186616,-13.559444585075592,233.7429524090739,-16.481342031476128,228.297626,-15.3767161
10.0,1.185550571198,80.0,215.19268863872898,-13.154263863057468,234.07667117680944,-16.15098468327471,229.149893,-15.1481531
10.0,1.185550571198,90.0,215.25078290416323,-12.737158552424695,234.97063780828253,-15.94984366071374,229.968904,-14.9180511
10.0,1.185550571198,100.0,215.29075596520164,-12.323682964848725,235.27022981745225,-15.644502265860948,230.724816,-14.6925008
10.0,1.185550571198,110.0,215.31260097681877,-11.926301461993972,235.55110714737,-15.36864675567774,231.403812,-14.4801328
10.0,1.185550571198,120.0,215.31884049813215,-11.556764288071662,235.8203001958424,-15.13254306041882,231.985863,-14.2871239
10.0,1.185550571198,130.0,215.31434446273016,-11.22583738984065,236.0968682386547,-14.947242056359116,232.472472,-14.1227687
10.0,1.185550571198,140.0,215.31631786434437,-10.941289120501747,236.38827027752663,-14.819860844497107,232.866277,-13.9946068
10.0,1.185550571198,150.0,215.32157500766888,-10.712032917444713,236.7129555126245,-14.758308069838032,233.178433,-13.9103844
10.0,1.185550571198,160.0,215.33072323535268,-10.545506070788662,237.07155753370463,-14.765556761959948,233.388855,-13.869184
10.0,1.185550571198,170.0,215.34868516715753,-10.446370508233004,237.46298606935648,-14.843051904256647,233.505185,-13.874737
10.0,1.185550571198,180.0,215.37643248376025,-10.417075447666159,237.87311015351625,-14.98851668659858,233.532458,-13.9285218
10.0,1.185550571198,190.0,215.41349529843905,-10.458325069753315,238.27997458478063,-15.196869754499131,233.472374,-14.0296279
10.0,1.185550571198,200.0,215.45792938849613,-10.569076557044179,238.65907046797784,-15.460927030267818,233.318739,-14.1740159
10.0,1.185550571198,210.0,215.5064764806124,-10.746548407719352,238.97835255628732,-15.770314560163303,233.063607,-14.3556645
10.0,1.185550571198,220.0,215.55217629752644,-10.98575982431019,239.21242054207863,-16.114184777737993,232.692264,-14.5653552
10.0,1.185550571198,230.0,215.5942656440189,-11.27849544487741,239.3259769851101,-16.477518269382326,232.205645,-14.7955526
10.0,1.185550571198,240.0,215.63174578636136,-11.616482358222814,239.3055810112025,-16.848056445987048,231.618056,-15.0402903
10.0,1.185550571198,250.0,215.64788627346192,-11.991314862378587,239.12261767350083,-17.211627407870605,230.940963,-15.2913997
10.0,1.185550571198,260.0,215.63743750117956,-12.392047126658557,238.79058720435384,-17.55604939630496,230.179825,-15.5381132
10.0,1.185550571198,270.0,215.59792397142363,-12.806805303877137,238.3171192863817,-17.868479711309195,229.359646,-15.7730647
10.0,1.185550571198,280.0,215.52825796532798,-13.222819391337723,237.71887949409532,-18.138446184087964,228.502779,-15.9878848
10.0,1.185550571198,290.0,215.4072633690943,-13.624363572994017,237.0270694866986,-18.359121755838,227.638807,-16.1760208
10.0,1.185550571198,300.0,215.27374664623625,-14.003161113320132,236.27132093621563,-18.52425367778542,226.801447,-16.3324752
10.0,1.185550571198,310.0,215.13121827924525,-14.346056553810437,235.5004564475374,-18.633504555332934,226.023738,-16.4532261
10.0,1.185550571198,320.0,214.98985633344844,-14.642035165944213,234.74912966668748,-18.685095307627822,225.341349,-16.5365146
10.0,1.185550571198,330.0,214.86006027548692,-14.881485116817402,234.0644596130944,-18.682422859596045,224.789237,-16.5825383
10.0,1.185550571198,340.0,214.7514095872058,-15.056560586358302,233.47667062681668,-18.62763178129931,224.393374,-16.5915739
10.0,1.185550571198,350.0,214.67170703272419,-15.161484477509752,233.01444570568904,-18.52493156572281,224.169435,-16.5640768
10.0,1.274449428801,0.0,236.90386410721717,-16.56146425089728,258.18557699659635,-20.328892570331035,249.705967,-18.5090307
10.0,1.274449428801,10.0,236.65156543769592,-16.46669644564923,257.7706643362879,-20.092778737203,249.71413,-18.3868499
10.0,1.274449428801,20.0,236.42327184077257,-16.297848149224112,257.51751809312185,-19.8269211683909,249.922729,-18.2400613
10.0,1.274449428801,30.0,236.2223191619429,-16.060667682272076,257.42045990076537,-19.537391436012665,250.313823,-18.0710178
10.0,1.274449428801,40.0,236.05064613782147,-15.763274593393866,257.4581412184115,-19.228379269928585,250.872037,-17.8843594
10.0,1.274449428801,50.0,235.909149706159,-15.415461341348124,257.6035625157579,-18.90348927678333,251.567573,-17.6834587
10.0,1.274449428801,60.0,235.7983979391871,-15.027160798753068,257.8288470475787,-18.56978733818642,252.365385,-17.4718163
10.0,1.274449428801,70.0,235.71877625859665,-14.612961080288313,258.1115750535145,-18.23489621474634,253.226535,-17.2530175
10.0,1.274449428801,80.0,235.6709915114707,-14.186217549503366,258.4278824317665,-17.906184433694648,254.114807,-17.0318656
10.0,1.274449428801,90.0,235.6562318243035,-13.760336193941074,259.39157266863214,-17.72218005547187,254.993853,-16.8132451
10.0,1.274449428801,100.0,235.6761746711151,-13.348317193193758,259.75041504145935,-17.433615639275406,255.836394,-16.6037376
10.0,1.274449428801,110.0,235.73537403176982,-12.96032415630048,260.1265805765931,-17.18112044484174,256.621275,-16.4104523
10.0,1.274449428801,120.0,235.83254821849405,-12.608469540194235,260.5327261690005,-16.97515109293137,257.330273,-16.2400814
10.0,1.274449428801,130.0,235.9689026820215,-12.30369357447784,260.97867897472906,-16.824877957080368,257.95891,-16.1009007
10.0,1.274449428801,140.0,236.14526419064822,-12.054336697668182,261.47622886403343,-16.73912477871458,258.506324,-16.0001692
10.0,1.274449428801,150.0,236.3602134924759,-11.866951083168479,262.0321398521347,-16.723554140491014,258.978769,-15.9448972
10.0,1.274449428801,160.0,236.610243818947,-11.746319917451533,262.6487216367107,-16.781785764959686,259.355163,-15.9345322
10.0,1.274449428801,170.0,236.88949054894576,-11.695415691176489,263.3126357072799,-16.913149005745264,259.636821,-15.9717342
10.0,1.274449428801,180.0,237.18969058272526,-11.715385444099216,264.00153352263493,-17.114146461059423,259.825935,-16.0575768
10.0,1.274449428801,190.0,237.50040148169012,-11.80555621515636,264.6813294568265,-17.377378688820176,259.914076,-16.1892919
10.0,1.274449428801,200.0,237.8094787823147,-11.963457558117039,265.3142523060712,-17.692163217697356,259.893165,-16.3624675
10.0,1.274449428801,210.0,238.1037774299435,-12.184861637332327,265.86447833960835,-18.048458579493413,259.750127,-16.5698265
10.0,1.274449428801,220.0,238.37001430141754,-12.4638445814484,266.2891469633195,-18.431965987444524,259.468406,-16.8015326
10.0,1.274449428801,230.0,238.59570715909328,-12.79287504777972,266.5548569725743,-18.82798720749325,259.04031,-17.0479518
10.0,1.274449428801,240.0,238.77009399329378,-13.162937109970295,266.63283456014256,-19.220718358436457,258.4812,-17.3027896
10.0,1.274449428801,250.0,238.88587683545003,-13.562390239356219,266.50917122402814,-19.59560735887928,257.797589,-17.5565168
10.0,1.274449428801,260.0,238.9377550381127,-13.97893767595133,266.18347251011016,-19.939420673577395,256.998206,-17.7986667
10.0,1.274449428801,270.0,238.92332050479655,-14.402430774341521,265.6646768550748,-20.23863453108962,256.106482,-18.0213112
10.0,1.274449428801,280.0,238.84441509984092,-14.820153597788309,264.9747822561856,-20.485467256545707,255.150104,-18.2170568
10.0,1.274449428801,290.0,238.70617176347886,-15.219219085252027,264.14472024052435,-20.67300615178183,254.16168,-18.3800172
10.0,1.274449428801,300.0,238.51651730348613,-15.586974907415167,263.21768701937566,-20.798030415013297,253.17845,-18.5060897
10.0,1.274449428801,310.0,238.2855898370321,-15.909656536878998,262.23952755154403,-20.859436202631496,252.241281,-18.5931447
10.0,1.274449428801,320.0,238.0244948977324,-16.17821963557593,261.2597535128219,-20.858942023491792,251.388262,-18.640119
10.0,1.274449428801,330.0,237.7449483131248,-16.383758918761274,260.32502774059503,-20.800016532721035,250.66316,-18.6492835
10.0,1.274449428801,340.0,237.4583911124461,-16.519007732951874,259.48083629592816,-20.688372868778423,250.094529,-18.6216089
10.0,1.274449428801,350.0,237.17511444463491,-16.5790273286029,258.7600744184975,-20.52941703733627,249.705743,-18.5593996
10.0,1.363009999412,0.0,256.2454809151249,-17.276246135629066,280.711126932654,-21.6244762532118,270.849907,-19.509812
10.0,1.363009999412,10.0,255.7315216129036,-17.127684877517478,280.0112421479576,-21.32565715980751,270.682077,-19.350025
10.0,1.363009999412,20.0,255.24931071509133,-16.90723001337993,279.49474782993707,-21.0022571345848,270.733837,-19.1695842
10.0,1.363009999412,30.0,254.8083326100694,-16.621474418750314,279.16083107019534,-20.66010407887301,270.992259,-18.9718844
10.0,1.363009999412,40.0,254.4165980200484,-16.279131663329306,278.9985652502016,-20.30685849739267,271.441107,-18.7613921
10.0,1.363009999412,50.0,254.0804461640136,-15.892429769953107,278.9795330267825,-19.947263478660123,272.054946,-18.5424028
10.0,1.363009999412,60.0,253.80589702062457,-15.474026014324057,279.08238751450494,-19.588280079415053,272.797426,-18.3180603
10.0,1.363009999412,70.0,253.59863401094063,-15.037442689413831,279.2870142175215,-19.23769917154751,273.634693,-18.0930268
10.0,1.363009999412,80.0,253.46415710466457,-14.596548591926421,279.5715302572364,-18.902987039027945,274.526657,-17.8711547
10.0,1.363009999412,90.0,253.40836443765843,-14.164533993325158,280.5912669115769,-18.729554866287828,275.440041,-17.657946
10.0,1.363009999412,100.0,253.43854364192654,-13.752397164529157,281.0155098097508,-18.45413715847307,276.343648,-17.459051
10.0,1.363009999412,110.0,253.55310102317975,-13.374731721110212,281.50446801682943,-18.222544160261496,277.219477,-17.2821393
10.0,1.363009999412,120.0,253.75575759783186,-13.042713790245012,282.07071982704946,-18.047133851446613,278.045655,-17.1331458
10.0,1.363009999412,130.0,254.0463626447498,-12.765699250038365,282.72502512101033,-17.937326282373615,278.814642,-17.0197495
10.0,1.363009999412,140.0,254.42146896522453,-12.551251927650343,283.46991129732,-17.899377575288188,279.526731,-16.9494114
10.0,1.363009999412,150.0,254.87400302420542,-12.40505887464142,284.3098172371519,-17.938712869055966,280.177948,-16.9273329
10.0,1.363009999412,160.0,255.3929426650786,-12.330858512916077,285.2378103592389,-18.05748057461743,280.749153,-16.953599
10.0,1.363009999412,170.0,255.96330799144226,-12.330407862617239,286.2299622291759,-18.25336287767816,281.233748,-17.0295149
10.0,1.363009999412,180.0,256.5665110879431,-12.403481127984273,287.25132672872115,-18.52083791012207,281.626912,-17.1550048
10.0,1.363009999412,190.0,257.18106930068114,-12.547895408508172,288.2554066404057,-18.850678608935628,281.912904,-17.3259745
10.0,1.363009999412,200.0,257.78364321703043,-12.759562974751724,289.1913234239152,-19.229386516951774,282.07566,-17.5366535
10.0,1.363009999412,210.0,258.3503200200222,-13.032572625411433,290.0097291238976,-19.644107394052,282.094069,-17.7782532
10.0,1.363009999412,220.0,258.8580309753677,-13.35930456414135,290.66329829331494,-20.079845055887592,281.94708,-18.0400349
10.0,1.363009999412,230.0,259.2859727641764,-13.730583737478751,291.103381525179,-20.51836550018703,281.623708,-18.3115414
10.0,1.363009999412,240.0,259.6168987914298,-14.135875706553342,291.300703700168,-20.9432356622008,281.133365,-18.584972
10.0,1.363009999412,250.0,259.8381589715217,-14.563527190128044,291.2389692524418,-21.3387966967764,280.475658,-18.8490955
10.0,1.363009999412,260.0,259.94579885990527,-14.998051215270873,290.91638976864425,-21.69097512247183,279.661812,-19.0935481
10.0,1.363009999412,270.0,259.9330023050898,-15.428953795811024,290.3440654963857,-21.98627596909444,278.720804,-19.3112458
10.0,1.363009999412,280.0,259.8049329587839,-15.843731485282254,289.546421509526,-22.2160577316218,277.677323,-19.4938121
10.0,1.363009999412,290.0,259.5701484097326,-16.229579455579316,288.5593131104951,-22.37466551915885,276.567939,-19.6359374
10.0,1.363009999412,300.0,259.24131270733284,-16.574332298144284,287.4316199471352,-22.459911864677128,275.438469,-19.735094
10.0,1.363009999412,310.0,258.8341398559683,-16.866875312402374,286.21893747418454,-22.47278378820368,274.333423,-19.7898357
10.0,1.363009999412,320.0,258.36653315630946,-17.09669827795511,284.97244633863585,-22.415431872437352,273.298303,-19.8006892
10.0,1.363009999412,330.0,257.8566355892499,-17.25650467296372,283.7512406545337,-22.2942727540038,272.378495,-19.7702274
10.0,1.363009999412,340.0,257.32219679085716,-17.341401251411416,282.6081687649833,-22.116963042945244,271.61064,-19.7012991
10.0,1.363009999412,350.0,256.7800925973977,-17.348181320880542,281.5845596130985,-21.8910795672226,271.025396,-19.5978998
10.0,1.450558283611,0.0,277.25334006421457,-18.51385423876568,303.28376709009086,-23.14518197439358,294.156189,-21.1720609
10.0,1.450558283611,10.0,276.44293326770753,-18.303122806278008,302.2695570499432,-22.774912414784584,293.793535,-20.9680677
10.0,1.450558283611,20.0,275.6756196873081,-18.021852245012948,301.4630268936934,-22.384861324587053,293.672327,-20.747436
10.0,1.450558283611,30.0,274.96772187625265,-17.677999600073537,300.87051638181714,-21.984261100728016,293.783704,-20.5146565
10.0,1.450558283611,40.0,274.33314811787864,-17.283528979367276,300.48455915456094,-21.581275566715107,294.118394,-20.2756602
10.0,1.450558283611,50.0,273.7848612794467,-16.851075038402335,300.2873993678843,-21.18248640700628,294.649101,-20.0344967
10.0,1.450558283611,60.0,273.3348882003097,-16.394441430647852,300.2595429786689,-20.795007061917104,295.345634,-19.7955284
10.0,1.450558283611,70.0,272.99451234936885,-15.928086602617034,300.3839758379931,-20.426957771353223,296.168217,-19.5621769
10.0,1.450558283611,80.0,272.7742296824491,-15.466599492586713,300.63971132399104,-20.08569173981039,297.082463,-19.3395378
10.0,1.450558283611,90.0,272.6861490955647,-15.021961160167837,301.7221205215114,-19.92417379425,298.052685,-19.1325448
10.0,1.450558283611,100.0,272.7364176385502,-14.60881053147071,302.23309327055216,-19.664748957196466,299.046734,-18.946681
10.0,1.450558283611,110.0,272.9271694211751,-14.240245619292208,302.8639162987275,-19.46083330960056,300.045087,-18.7894017
10.0,1.450558283611,120.0,273.26132647935947,-13.92718343735401,303.62450453602924,-19.32367792044793,301.022451,-18.6659993
10.0,1.450558283611,130.0,273.73660241040665,-13.67859657529289,304.5205609592527,-19.26143758655188,301.973757,-18.5846826
10.0,1.450558283611,140.0,274.34507373108346,-13.501398867981486,305.55463930444785,-19.28054599179601,302.885957,-18.5506044
10.0,1.450558283611,150.0,275.07303173828865,-13.400388814383959,306.7214141545051,-19.38478457254458,303.753905,-18.5689199
10.0,1.450558283611,160.0,275.9008011078084,-13.378178533886384,308.00243411155355,-19.57438900057602,304.555529,-18.6393581
10.0,1.450558283611,170.0,276.8030244456975,-13.435166492448273,309.3579995701462,-19.84435610268189,305.275791,-18.7619142
10.0,1.450558283611,180.0,277.7494468291013,-13.569549347743596,310.742396189021,-20.187442642768207,305.903001,-18.9352591
10.0,1.450558283611,190.0,278.70617758233817,-13.777372075831344,312.0988028526847,-20.5920597432278,306.408246,-19.152973
10.0,1.450558283611,200.0,279.63734960574016,-14.05261883836817,313.3586884826921,-21.041798429805286,306.769558,-19.40805
10.0,1.450558283611,210.0,280.5070471014404,-14.387348940136139,314.46094393577704,-21.52193577225288,306.960477,-19.6905675
10.0,1.450558283611,220.0,281.2813372528324,-14.771882227065975,315.34585528683,-22.01405383580538,306.952295,-19.9881019
10.0,1.450558283611,230.0,281.9302251647937,-15.195036387667406,315.96303591224995,-22.49900165256025,306.731614,-20.2893085
10.0,1.450558283611,240.0,282.4293564057101,-15.64441530273136,316.27668577439016,-22.95829142320801,306.294789,-20.5833634
10.0,1.450558283611,250.0,282.7633537990583,-16.105076032822662,316.2698173373192,-23.375367808161467,305.647064,-20.8595089
10.0,1.450558283611,260.0,282.9221335401954,-16.563190985849136,315.93875306407193,-23.734639812526314,304.800158,-21.1069962
10.0,1.450558283611,270.0,282.9006578237701,-17.006433850625537,315.2987767605636,-24.02290594237936,303.780896,-21.3177507
10.0,1.450558283611,280.0,282.7063001054721,-17.42156345850256,314.37978186525623,-24.233101954900533,302.620351,-21.4842917
10.0,1.450558283611,290.0,282.35171932566476,-17.795798415967003,313.21786469064455,-24.358591010916594,301.360576,-21.6020658
10.0,1.450558283611,300.0,281.8551768250014,-18.117462076201242,311.8693110172275,-24.39872008620448,300.051373,-21.6691597
10.0,1.450558283611,310.0,281.23907714483016,-18.37635984735383,310.3932343675968,-24.355222968633228,298.744243,-21.68551
10.0,1.450558283611,320.0,280.52874368039164,-18.563201987444447,308.8554979222308,-24.233714233253664,297.489742,-21.6526387
10.0,1.450558283611,330.0,279.74995038272226,-18.672624483058485,307.3202977630129,-24.042066050399,296.342806,-21.5752978
10.0,1.450558283611,340.0,278.92837187160814,-18.701291529648675,305.8498232535085,-23.79040556665836,295.345855,-21.4577041
10.0,1.450558283611,350.0,278.08861340143784,-18.64791486303854,304.48994004839653,-23.487750600171,294.534659,-21.3051408
10.0,1.536427986098,0.0,294.9217626356085,-19.63532286374947,322.2091288593446,-24.471449626167075,312.53081,-22.3883654
10.0,1.536427986098,10.0,293.82355956567847,-19.365720818440135,320.82208158437464,-24.026673823467046,311.935495,-22.1371459
10.0,1.536427986098,20.0,292.8086240298771,-19.02901111265171,319.67421244186863,-23.5656158796926,311.600279,-21.873713
10.0,1.536427986098,30.0,291.87082931182715,-18.63428267532798,318.77311254581224,-23.10369807569172,311.52209,-21.6034723
10.0,1.536427986098,40.0,291.0300989737505,-18.193845349589868,318.11495771339986,-22.648932530576484,311.694906,-21.3327616
10.0,1.536427986098,50.0,290.30482755734766,-17.721481313783034,317.68987170284373,-22.20920134996573,312.100823,-21.0672002
10.0,1.536427986098,60.0,289.71217288242707,-17.23196525096824,317.4815565728537,-21.791801337674485,312.708711,-20.8107593
10.0,1.536427986098,70.0,289.2681260351279,-16.740546055011592,317.4800484913512,-21.405790986876507,313.485692,-20.5680184
10.0,1.536427986098,80.0,288.96639768549363,-16.26074170739266,317.6731565425664,-21.059644361735504,314.392698,-20.3430798
10.0,1.536427986098,90.0,288.74909321499314,-15.801709690149545,318.7978671404522,-20.90942605960344,315.395294,-20.1413689
10.0,1.536427986098,100.0,288.7232353248993,-15.384952379447332,319.39145657878754,-20.66685097614124,316.462324,-19.9687464
10.0,1.536427986098,110.0,288.93760857971324,-15.030046319317144,320.16707702921684,-20.49305760149318,317.569043,-19.8317539
10.0,1.536427986098,120.0,289.364536877213,-14.741563931094415,321.13334780888675,-20.398184940592348,318.690476,-19.7358916
10.0,1.536427986098,130.0,289.99001959329433,-14.525959765304664,322.289658904791,-20.389161289205106,319.816565,-19.6885424
10.0,1.536427986098,140.0,290.8026059317317,-14.389351670741965,323.63256544133844,-20.47141336979921,320.930419,-19.6940997
10.0,1.536427986098,150.0,291.7827871567141,-14.335542166023174,325.1441273414205,-20.646494622451424,322.021632,-19.7569316
10.0,1.536427986098,160.0,292.9029390400987,-14.365951033241386,326.7955260691189,-20.91302145294101,323.061537,-19.8756816
10.0,1.536427986098,170.0,294.1278806905119,-14.47959493180647,328.5343025527995,-21.26381482043958,324.028925,-20.0493033
10.0,1.536427986098,180.0,295.4160719896281,-14.673112797205956,330.30050856868576,-21.689191652225432,324.899288,-20.2741462
10.0,1.536427986098,190.0,296.7214002778538,-14.94083986218924,332.03729404399866,-22.171653274489994,325.63918,-20.5429394
10.0,1.536427986098,200.0,297.99543779003886,-15.27493589384247,333.6563122028152,-22.69422603903018,326.217662,-20.8467454
10.0,1.536427986098,210.0,299.18999381775456,-15.665573732549744,335.0807060027082,-23.24078343909081,326.598999,-21.1733354
10.0,1.536427986098,220.0,300.259747470916,-16.101192115541966,336.23659388320453,-23.78982341655298,326.753524,-21.5093553
10.0,1.536427986098,230.0,301.16473344158953,-16.568812408417926,337.0678916936683,-24.32064363052669,326.658257,-21.8408329
10.0,1.536427986098,240.0,301.87246618071174,-17.054413163478234,337.5317753945742,-24.812833893790184,326.312004,-22.156854
10.0,1.536427986098,250.0,302.2513550382236,-17.53448881590452,337.6146344768525,-25.25009520029162,325.715906,-22.4455958
10.0,1.536427986098,260.0,302.40186397578356,-18.00430268114396,337.32622718476915,-25.61315115343598,324.877072,-22.6952865
10.0,1.536427986098,270.0,302.3558790469428,-18.45555001934409,336.6755682911317,-25.89006860532056,323.825242,-22.8984927
10.0,1.536427986098,280.0,302.0867630990604,-18.867560544781075,335.6792810020258,-26.075591842497403,322.591601,-23.0479896
10.0,1.536427986098,290.0,301.61126690399124,-19.22774588644717,334.37562533327446,-26.163602385888552,321.218707,-23.1396154
10.0,1.536427986098,300.0,300.95298264263306,-19.52504705544828,332.82750160462825,-26.155052130426416,319.760112,-23.172652
10.0,1.536427986098,310.0,300.1405264494552,-19.75026644166328,331.09833817611684,-26.05283239726006,318.271151,-23.1480972
10.0,1.536427986098,320.0,299.2298891061564,-19.897500492066428,329.26278488245646,-25.864760078293248,316.811119,-23.0698148
10.0,1.536427986098,330.0,298.2274190968105,-19.960806344888045,327.3897916953602,-25.600008089884145,315.434864,-22.9426105
10.0,1.536427986098,340.0,297.15468137811854,-19.937461188747655,325.55408338706326,-25.271780532563053,314.19791,-22.7737701
10.0,1.536427986098,350.0,296.04297978440485,-19.827916872299518,323.80962204829217,-24.891129293356887,313.141518,-22.5697367
10.0,1.619965586583,0.0,311.95876916629277,-20.90654073336745,339.7085649168317,-25.807014114044865,330.375741,-23.7986016
10.0,1.619965586583,10.0,310.5799821744427,-20.578092413261114,337.9534561423306,-25.28176139545913,329.537102,-23.4973622
10.0,1.619965586583,20.0,309.33360167698197,-20.187664144768547,336.4517797762276,-24.74770375575488,328.978457,-23.1883784
10.0,1.619965586583,30.0,308.1833154721945,-19.742840803327677,335.2306165839319,-24.222309467900093,328.702675,-22.8779688
10.0,1.619965586583,40.0,307.15428288509526,-19.25719405385508,334.2821775122886,-23.71240143581741,328.711079,-22.5738291
10.0,1.619965586583,50.0,306.269841963741,-18.745605120525095,333.6175178672558,-23.229921448082703,328.98675,-22.2813857
10.0,1.619965586583,60.0,305.5517463454541,-18.223782165063483,333.22024696090807,-22.781559475195944,329.504328,-22.005739
10.0,1.619965586583,70.0,305.0201287063871,-17.707740926891535,333.0842633648504,-22.376572807457915,330.234067,-21.7520022
10.0,1.619965586583,80.0,304.6135792862104,-17.208253882092883,333.22507487657407,-22.022969074977784,331.135444,-21.5241611
10.0,1.619965586583,90.0,304.26374820845126,-16.735537737975367,334.3982452481542,-21.882792272814456,332.17474,-21.3280692
10.0,1.619965586583,100.0,304.161197988134,-16.3148718144024,335.0754213888945,-21.65886498686844,333.315546,-21.1687553
10.0,1.619965586583,110.0,304.3479922462606,-15.963828222137892,336.0052113960507,-21.51839297484941,334.5358,-21.0535071
10.0,1.619965586583,120.0,304.8706664469801,-15.69981807790273,337.1821217964247,-21.468575846268312,335.808524,-20.9874928
10.0,1.619965586583,130.0,305.6506188106449,-15.517270426668897,338.5986409160171,-21.514978173207727,337.115987,-20.976688
10.0,1.619965586583,140.0,306.6727345606691,-15.421532679589227,340.25421031034284,-21.66388756102569,338.440031,-21.0253898
10.0,1.619965586583,150.0,307.9115574891698,-15.415430989497654,342.1141785808868,-21.913755963319705,339.75855,-21.1358001
10.0,1.619965586583,160.0,309.331358487498,-15.49920183736283,344.1346943814484,-22.26048121334693,341.041878,-21.3065961
10.0,1.619965586583,170.0,310.8869687965025,-15.67047459504746,346.2537028779164,-22.69534748576081,342.261112,-21.5353197
10.0,1.619965586583,180.0,312.5253888477638,-15.924307977824807,348.41025440831635,-23.20515168668722,343.379223,-21.8158934
10.0,1.619965586583,190.0,314.1880974587467,-16.253287455098594,350.54175308332066,-23.76515075760636,344.355866,-22.1393332
10.0,1.619965586583,200.0,315.81390494575516,-16.647692602281992,352.5267358337755,-24.36290349208249,345.153246,-22.4947307
10.0,1.619965586583,210.0,317.34212821509925,-17.095742105202376,354.2769583991597,-24.97740160077696,345.732636,-22.8683953
10.0,1.619965586583,220.0,318.71582493076914,-17.583919558174266,355.70184188456625,-25.58335896503343,346.056024,-23.2443459
10.0,1.619965586583,230.0,319.8848129978476,-18.09737607815207,356.7505657939767,-26.16087469666884,346.099854,-23.608102
10.0,1.619965586583,240.0,320.63098877436005,-18.60895446569303,357.3734646368592,-26.6876302992841,345.855648,-23.9470833
10.0,1.619965586583,250.0,321.03271068787143,-19.108980369977584,357.5668003527505,-27.14551405923025,345.319321,-24.2484212
10.0,1.619965586583,260.0,321.21103763353324,-19.59904670582474,357.355476863314,-27.50835142698908,344.497411,-24.5002831
10.0,1.619965586583,270.0,321.1314454823097,-20.057420821216656,356.7023611591157,-27.774854667192983,343.416214,-24.6948257
10.0,1.619965586583,280.0,320.781320320948,-20.465406816774557,355.63372667429263,-27.93619658905468,342.109626,-24.825725
10.0,1.619965586583,290.0,320.1815522032838,-20.8106793389077,354.19301499575613,-27.987476245713903,340.62193,-24.8895964
10.0,1.619965586583,300.0,319.361036504872,-21.08286500348831,352.44383344769585,-27.930040765961667,339.00928,-24.8866016
10.0,1.619965586583,310.0,318.3981994938939,-21.276731804531234,350.4516484884223,-27.76746188427204,337.33128,-24.8190512
10.0,1.619965586583,320.0,317.306678812887,-21.38498668302907,348.3103834612484,-27.51206759521808,335.651656,-24.6919342
10.0,1.619965586583,330.0,316.0785242366899,-21.40126695350227,346.09076800259464,-27.173750036707048,334.037128,-24.5128113
10.0,1.619965586583,340.0,314.75271976308494,-21.325017215907753,343.8735214258226,-26.767255797319866,332.546746,-24.2896868
10.0,1.619965586583,350.0,313.36736026906823,-21.1584570011536,341.72520643413645,-26.30666523721532,331.232293,-24.0312682
10.0,1.700535313487,0.0,328.45531235466586,-22.334373451202183,356.5169400012373,-27.288237958751072,346.854303,-25.205959
10.0,1.700535313487,10.0,326.76611046431066,-21.94394498556651,354.37362117000293,-26.68489484885844,345.763054,-24.8533944
10.0,1.700535313487,20.0,325.2516907571194,-21.4964830631063,352.5083696838236,-26.07457510351232,344.971418,-24.4974009
10.0,1.700535313487,30.0,323.90713096331956,-21.002324233504016,350.96012373756525,-25.483013372747383,344.492151,-24.146137
10.0,1.700535313487,40.0,322.70860645580933,-20.47234701021209,349.72546943072194,-24.91763418645122,344.328345,-23.8073766
10.0,1.700535313487,50.0,321.68388145369795,-19.922480762260534,348.8155597950675,-24.38995216723627,344.472077,-23.4882739
10.0,1.700535313487,60.0,320.8587246462602,-19.369319413689436,348.22595181217645,-23.908638635933283,344.896872,-23.1934975
10.0,1.700535313487,70.0,320.25678509547123,-18.82960494197548,347.95969138116567,-23.484216197023112,345.574379,-22.92851
10.0,1.700535313487,80.0,319.8636029849505,-18.31763345871489,348.05601034548334,-23.12450601334979,346.468027,-22.6982971
10.0,1.700535313487,90.0,319.39333573658365,-17.83175052855558,349.2735045782988,-22.99575316605161,347.539995,-22.5081693
10.0,1.700535313487,100.0,319.2268080861086,-17.407780022479436,350.0437901977534,-22.79186886402468,348.754656,-22.3635988
10.0,1.700535313487,110.0,319.3821422681138,-17.058405462484167,351.1276572191371,-22.68468483411108,350.084999,-22.2709895
10.0,1.700535313487,120.0,319.88222107007175,-16.796482261207586,352.51608877079934,-22.68073906875597,351.500275,-22.2348918
10.0,1.700535313487,130.0,320.82410942349617,-16.647182827961775,354.2036920983134,-22.78618162784996,352.984685,-22.2618891
10.0,1.700535313487,140.0,322.0630497397564,-16.592755335485368,356.1699938458624,-23.00344500817548,354.510439,-22.3544008
10.0,1.700535313487,150.0,323.5674375004709,-16.635068130815416,358.37693760756946,-23.33061867387869,356.052173,-22.514122
10.0,1.700535313487,160.0,325.29327958609423,-16.773180978383273,360.768234715704,-23.76141404725616,357.571368,-22.7381078
10.0,1.700535313487,170.0,327.18530022128,-17.00332642434084,363.2783763551877,-24.284063224526296,359.034164,-23.0228042
10.0,1.700535313487,180.0,329.1789558466595,-17.31895473255543,365.8799264495174,-24.873284717350653,360.396507,-23.3604212
10.0,1.700535313487,190.0,331.2032589985242,-17.710854221379495,368.4104455622533,-25.51588562126044,361.61171,-23.739924
10.0,1.700535313487,200.0,333.184218176447,-18.16735959927458,370.765073005748,-26.192028949150924,362.636658,-24.1482728
10.0,1.700535313487,210.0,335.0486272172972,-18.674657506907863,372.84009729746026,-26.876745742177715,363.426677,-24.5695263
10.0,1.700535313487,220.0,336.72789376642345,-19.217191092363624,374.5429677939015,-27.543992679343347,363.939825,-24.986671
10.0,1.700535313487,230.0,337.86896902437525,-19.760780099064938,375.8073213684865,-28.17004604811238,364.144414,-25.3837526
10.0,1.700535313487,240.0,338.61812302555967,-20.29862851695867,376.60378822922434,-28.732411134604643,364.022203,-25.7462372
10.0,1.700535313487,250.0,339.14288341531005,-20.83995909501469,376.9842973248633,-29.197826128376143,363.565265,-26.0605975
10.0,1.700535313487,260.0,339.3491325242974,-21.351683619501745,376.838261736856,-29.56435865795433,362.778405,-26.3150821
10.0,1.700535313487,270.0,339.2266146281331,-21.815849574376017,376.1784385777698,-29.821242087874094,361.683232,-26.5012691
10.0,1.700535313487,280.0,338.7890954184138,-22.218411199971513,375.02737525586895,-29.95786632077045,360.314058,-26.6134113
10.0,1.700535313487,290.0,338.06162912004953,-22.54738004940784,373.43121399681473,-29.97002324516191,358.715394,-26.6485401
10.0,1.700535313487,300.0,337.2163485515286,-22.803222116000168,371.4625945729869,-29.861214003290115,356.945092,-26.6076308
10.0,1.700535313487,310.0,336.14100171378135,-22.967910940204085,369.19964878439913,-29.6381049548965,355.074206,-26.4956651
10.0,1.700535313487,320.0,334.85154172358904,-23.03489841943751,366.7326061386793,-29.312434714534856,353.168598,-26.3182424
10.0,1.700535313487,330.0,333.3929336880769,-23.00243960205535,364.1468410635618,-28.89770205623947,351.304768,-26.0850831
10.0,1.700535313487,340.0,331.81095042857027,-22.871710650373828,361.5336727905954,-28.411217670136114,349.550628,-25.806002
10.0,1.700535313487,350.0,330.15063603639254,-22.646755489469545,358.96619095012767,-27.86870815643565,347.967811,-25.4916161
10.0,1.777523982538,0.0,346.7125020850983,-23.755326836843444,374.3564794052689,-28.61613247971149,365.104597,-26.5961053
10.0,1.777523982538,10.0,344.6991334471484,-23.29559919941407,371.8549769809779,-27.929332621889746,363.762763,-26.189598
10.0,1.777523982538,20.0,342.8321995266814,-22.77860621042813,369.64339600592274,-27.243630802054195,362.748015,-25.7853861
10.0,1.777523982538,30.0,341.23021528263763,-22.224834636993304,367.7841137975343,-26.58595917850718,362.072295,-25.3914613
10.0,1.777523982538,40.0,339.8010882982581,-21.641131242866905,366.27742397901153,-25.964328605513824,361.747463,-25.0174748
10.0,1.777523982538,50.0,338.5786766183039,-21.044732999014627,365.1403443697053,-25.391134064455432,361.762884,-24.6699739
10.0,1.777523982538,60.0,337.5943299286674,-20.453322715759775,364.3794759154914,-24.87692071418465,362.101172,-24.3557148
10.0,1.777523982538,70.0,336.8766525524582,-19.884514864680252,364.0009252273098,-24.431672327943406,362.730546,-24.0793964
10.0,1.777523982538,80.0,336.4508291540183,-19.355332890855156,364.085499478136,-24.060839112942688,363.614402,-23.8461222
10.0,1.777523982538,90.0,335.95268877263425,-18.859911189589344,365.3442970985639,-23.942614404818453,364.718222,-23.6619871
10.0,1.777523982538,100.0,335.8033510755005,-18.436471044000204,366.2065609738861,-23.75967461016552,366.004458,-23.5318909
10.0,1.777523982538,110.0,336.03830078875114,-18.098661576282797,367.4444344603191,-23.68615792142464,367.444819,-23.4620089
10.0,1.777523982538,120.0,336.66612671137534,-17.856737013609322,369.0465974976351,-23.728198647352865,369.008489,-23.456862
10.0,1.777523982538,130.0,337.6823175570868,-17.718205580165208,371.005641311265,-23.89164985472802,370.671383,-23.5213032
10.0,1.777523982538,140.0,339.13841236759873,-17.700017852322215,373.2897885106484,-24.176880053306466,372.406429,-23.6580772
10.0,1.777523982538,150.0,340.9443338744134,-17.793945965513352,375.8567395652072,-24.58148089646481,374.184883,-23.8683506
10.0,1.777523982538,160.0,343.0099273910828,-17.99136761252421,378.6312362253613,-25.09564364889229,375.958027,-24.1471918
10.0,1.777523982538,170.0,345.2688088794488,-18.28701865539302,381.5727860182781,-25.702538163524096,377.685087,-24.4895276
10.0,1.777523982538,180.0,347.6439639147775,-18.67257042768154,384.59417635584265,-26.37783123109507,379.318652,-24.8864595
10.0,1.777523982538,190.0,350.05111540091445,-19.136773703704954,387.5214670482697,-27.10607378334497,380.799357,-25.3239337
10.0,1.777523982538,200.0,352.4027801526493,-19.665714131120254,390.24200026289833,-27.86338040204833,382.08309,-25.7881202
10.0,1.777523982538,210.0,354.61270130090764,-20.24318992126061,392.6335157975148,-28.62063177655549,383.110767,-26.2603158
10.0,1.777523982538,220.0,356.29912837074534,-20.833509430296196,394.6008456673201,-29.35072459775154,383.831082,-26.7219523
10.0,1.777523982538,230.0,357.58987046421464,-21.43248864232358,396.0741733219903,-30.02866822678393,384.204516,-27.1554609
10.0,1.777523982538,240.0,358.59758850549395,-22.03632124758789,397.0908144240163,-30.618808279577788,384.205463,-27.5447663
10.0,1.777523982538,250.0,359.23327731612153,-22.61425896469248,397.5646089571692,-31.10585074280959,383.818641,-27.8747208
10.0,1.777523982538,260.0,359.4816373622987,-23.1481791314692,397.4392507832666,-31.480308236818946,383.047374,-28.1332711
10.0,1.777523982538,270.0,359.3434310933563,-23.6215887947829,396.7255381163045,-31.72855169491045,381.914066,-28.3120845
10.0,1.777523982538,280.0,358.84054142599854,-24.020613556328843,395.4523908585602,-31.84094834623421,380.451415,-28.4049883
10.0,1.777523982538,290.0,358.19408986208174,-24.347756657282893,393.6735825057698,-31.81479497301974,378.70903,-28.4101097
10.0,1.777523982538,300.0,357.20157068389864,-24.57654878406395,391.4649000853938,-31.65440785451155,376.754842,-28.330469
10.0,1.777523982538,310.0,355.9065971412828,-24.70070767070281,388.9153309647423,-31.369041587771303,374.660367,-28.1711426
10.0,1.777523982538,320.0,354.35893936183123,-24.717183272262446,386.1184423444013,-30.971522468950027,372.504948,-27.9406136
10.0,1.777523982538,330.0,352.6118057042387,-24.626138972182016,383.1743001128132,-30.47899294321389,370.370874,-27.6498257
10.0,1.777523982538,340.0,350.7195291192269,-24.430856958944698,380.17510783451127,-29.909397233139646,368.338234,-27.3112633
10.0,1.777523982538,350.0,348.7357997119791,-24.13758399659416,377.2073301526197,-29.28178731175214,366.479186,-26.9377356
10.0,1.850345663479,0.0,364.22824718484577,-25.25361023155479,391.1015436886687,-29.956627676285905,381.799764,-27.8989646
10.0,1.850345663479,10.0,361.8988577274135,-24.723714182037632,388.225614600088,-29.189356753998755,380.19859,-27.4362445
10.0,1.850345663479,20.0,359.6380196166886,-24.13245308351757,385.66834846877583,-28.42649846892912,378.946298,-26.9806574
10.0,1.850345663479,30.0,357.73566714247556,-23.514373211412362,383.49671541333856,-27.700674406583328,378.068444,-26.5431636
10.0,1.850345663479,40.0,356.0734738582673,-22.87570774344686,381.72732043458376,-27.023114800287303,377.573294,-26.1325718
10.0,1.850345663479,50.0,354.6529401097876,-22.232195320259073,380.3641218436607,-26.403053067111625,377.45778,-25.7571912
10.0,1.850345663479,60.0,353.5110250505625,-21.60259501212719,379.4315377566887,-25.854401327699133,377.701043,-25.4229527
10.0,1.850345663479,70.0,352.6811843434778,-21.005355503558295,378.9496702774927,-25.388298203956865,378.274363,-25.1352751
10.0,1.850345663479,80.0,352.19254946259,-20.458103670369475,379.00323574382656,-25.01042641437781,379.144541,-24.8998537
10.0,1.850345663479,90.0,351.84891324956857,-19.964584404604487,380.302938308397,-24.903009203552035,380.27086,-24.7213607
10.0,1.850345663479,100.0,351.7467411470773,-19.54454143271554,381.2582462094688,-24.741477287396823,381.619917,-24.605548
10.0,1.850345663479,110.0,352.08950034877967,-19.221393132405044,382.64636093024,-24.70107087262877,383.164654,-24.5586776
10.0,1.850345663479,120.0,352.8841007021502,-19.00514288532517,384.4624178789042,-24.789425707871043,384.870888,-24.5845454
10.0,1.850345663479,130.0,354.12234607916497,-18.90282854681682,386.7037759299529,-25.013584432420043,386.714374,-24.6880884
10.0,1.850345663479,140.0,355.77920792140065,-18.91829115503478,389.31186258840165,-25.36853794580381,388.659737,-24.8703366
10.0,1.850345663479,150.0,357.81200234485163,-19.05199824782624,392.2454588125104,-25.852611339726703,390.676335,-25.1320972
10.0,1.850345663479,160.0,360.1607040943162,-19.30092657792901,395.4315372746026,-26.4541921486786,392.71468,-25.4683601
10.0,1.850345663479,170.0,362.7495220315854,-19.65851739600747,398.8428672847292,-27.145577903488874,394.719022,-25.8707411
10.0,1.850345663479,180.0,365.49423992660616,-20.115539439271185,402.2873842789791,-27.91263289748832,396.639148,-26.3294091
10.0,1.850345663479,190.0,368.2835936298271,-20.656184289020867,405.6200616425513,-28.731218612150897,398.411049,-26.8287973
10.0,1.850345663479,200.0,371.0291525886886,-21.266516669932713,408.70187667010833,-29.571734620977733,399.975161,-27.3520112
10.0,1.850345663479,210.0,373.2428390610885,-21.904228950515108,411.4050004747266,-30.403430776999222,401.260556,-27.8785445
10.0,1.850345663479,220.0,375.136695517703,-22.565404894008722,413.64144558264144,-31.20025407028913,402.208599,-28.3882831
10.0,1.850345663479,230.0,376.69149110607304,-23.23158061481187,415.37649874875086,-31.92190770079377,402.76512,-28.8607001
10.0,1.850345663479,240.0,377.8540708760675,-23.881260708079118,416.5798373594516,-32.5415561011525,402.902086,-29.2791456
10.0,1.850345663479,250.0,378.5884822575856,-24.49357457095183,417.1249081683446,-33.05102079962152,402.597199,-29.6269381
10.0,1.850345663479,260.0,378.87709902924547,-25.049079953536182,416.9987071116895,-33.43158982728476,401.847675,-29.8905513
10.0,1.850345663479,270.0,378.826657101258,-25.538268355821618,416.21096664637895,-33.668796474483706,400.675176,-30.0614158
10.0,1.850345663479,280.0,378.48037790333075,-25.948810404006274,414.8005339611571,-33.75475440316912,399.117156,-30.1342206
10.0,1.850345663479,290.0,377.69601474215915,-26.256403521541934,412.821010343334,-33.686540691503865,397.228675,-30.1081713
10.0,1.850345663479,300.0,376.5137766714345,-26.45245812363795,410.36120478535935,-33.47149129179116,395.078505,-29.9863807
10.0,1.850345663479,310.0,374.9842538335028,-26.532035573024203,407.5265249590807,-33.122746386078404,392.750263,-29.7765752
10.0,1.850345663479,320.0,373.16515926573146,-26.49383985949859,404.395998219947,-32.65041299529657,390.332568,-29.4892014
10.0,1.850345663479,330.0,371.11828100361333,-26.34009658199987,401.0897047704571,-32.07658782009702,387.916145,-29.1371357
10.0,1.850345663479,340.0,368.9068768989302,-26.076348783749275,397.70985445013457,-31.421931503226634,385.594226,-28.7357477
10.0,1.850345663479,350.0,366.59016659113854,-25.710449635986073,394.3495973836055,-30.70746158888729,383.445645,-28.2993321
10.0,1.918446139346,0.0,379.86061058361213,-26.711656232157736,405.3819421131152,-31.13999909202052,396.19208,-29.0805512
10.0,1.918446139346,10.0,377.214115142355,-26.109610279154833,402.1376542142062,-30.296894949060256,394.320314,-28.5592701
10.0,1.918446139346,20.0,374.671953189637,-25.453979851085833,399.2566450984064,-29.46092672463444,392.825451,-28.051664
10.0,1.918446139346,30.0,372.3762573397934,-24.769868850897726,396.7872622846183,-28.66967671497954,391.73114,-27.5682176
10.0,1.918446139346,40.0,370.53217357487557,-24.08658143060208,394.7544552479799,-27.936013528420165,391.057832,-27.1204312
10.0,1.918446139346,50.0,368.9286098898327,-23.39870668840902,393.1763142132618,-27.271776302005872,390.796452,-26.7152118
10.0,1.918446139346,60.0,367.64541233453446,-22.734174751101293,392.0793570140988,-26.69075895866088,390.935317,-26.3604166
10.0,1.918446139346,70.0,366.7203843850014,-22.112145391620384,391.4959325555206,-26.20555221016323,391.446288,-26.0615939
10.0,1.918446139346,80.0,366.1859628803596,-21.550709039533857,391.51104521942034,-25.821233295758898,392.28883,-25.8226391
10.0,1.918446139346,90.0,366.06777797454095,-21.066410680179125,392.8471344856692,-25.724993988853527,393.434603,-25.6507576
10.0,1.918446139346,100.0,366.05468516694594,-20.6551359447485,393.8886976861479,-25.584902900820435,394.837942,-25.5489664
10.0,1.918446139346,110.0,366.52100376293447,-20.3504871818473,395.4252335370329,-25.57887318389876,396.480493,-25.5252856
10.0,1.918446139346,120.0,367.49467954330424,-20.16346216524819,397.4534743387603,-25.714913890186043,398.328637,-25.5835462
10.0,1.918446139346,130.0,368.96314051967494,-20.100527934336473,399.9630175343248,-25.998672541868643,400.349206,-25.7268988
10.0,1.918446139346,140.0,370.8951304245872,-20.164736147961897,402.8945309219529,-26.425299400722725,402.508338,-25.9565678
10.0,1.918446139346,150.0,373.239970890723,-20.35552191913713,406.19236815004905,-26.990487105385068,404.772175,-26.2729409
10.0,1.918446139346,160.0,375.92806345061433,-20.66856220117325,409.81841066248944,-27.67348772646137,407.080367,-26.6684316
10.0,1.918446139346,170.0,378.8727598863535,-21.0957146650345,413.6546409525841,-28.45431143836169,409.379236,-27.1347899
10.0,1.918446139346,180.0,381.9735856115921,-21.625066051117276,417.5106797176909,-29.31291496352837,411.604609,-27.6587654
10.0,1.918446139346,190.0,385.02946891202316,-22.235823140586728,421.2272950264143,-30.21929323631184,413.685094,-28.2232211
10.0,1.918446139346,200.0,387.6831804760023,-22.894511513637354,424.6540846235809,-31.14116806614788,415.545792,-28.8086943
10.0,1.918446139346,210.0,390.11807610823297,-23.596303787858268,427.650414195924,-32.04451019708669,417.107732,-29.3930839
10.0,1.918446139346,220.0,392.245402562212,-24.31858282276574,430.1504635103673,-32.89941463280196,418.296176,-29.9530704
10.0,1.918446139346,230.0,393.98937859401246,-25.037809479855618,432.158744812301,-33.65394018550674,419.050848,-30.4668109
10.0,1.918446139346,240.0,395.29085046493424,-25.73046094329013,433.4791731207947,-34.30572294782295,419.33224,-30.9151993
10.0,1.918446139346,250.0,396.1098076033923,-26.37398506291455,434.077892946482,-34.83298370240785,419.11283,-31.2803942
10.0,1.918446139346,260.0,396.66128186932156,-26.965054982225734,433.9329232094639,-35.21437547210284,418.387538,-31.5483044
10.0,1.918446139346,270.0,396.7488504814114,-27.471677488296763,433.0641356911492,-35.43717545251465,417.181732,-31.7109715
10.0,1.918446139346,280.0,396.3126484983506,-27.873069576825948,431.5153764215247,-35.49428699440404,415.527729,-31.7619309
10.0,1.918446139346,290.0,395.3832733790068,-28.15750856418083,429.3478114026157,-35.3843982555658,413.489612,-31.7022539
10.0,1.918446139346,300.0,394.00646981560436,-28.317347925307065,426.6554770444167,-35.11622084042506,411.141939,-31.5363526
10.0,1.918446139346,310.0,392.2396550769588,-28.349089182021,423.5445853831183,-34.70344598472766,408.576845,-31.2737515
10.0,1.918446139346,320.0,390.14835152452696,-28.253287043647266,420.10754032176646,-34.15968777918776,405.889848,-30.926605
10.0,1.918446139346,330.0,387.7656966230246,-28.026257384928453,416.46563180490097,-33.5079261877534,403.186641,-30.5110806
10.0,1.918446139346,340.0,385.20573306003104,-27.685045180036905,412.7276185565022,-32.77089911856124,400.566665,-30.0440213
10.0,1.918446139346,350.0,382.5470899757781,-27.242192296119004,408.9998511604343,-31.973054920284778,398.119409,-29.5421159
10.0,1.981307124396,0.0,393.1864139630307,-28.040886870781673,416.28423353361086,-31.974731932491096,407.654351,-30.0073712
10.0,1.981307124396,10.0,390.22588541580825,-27.36620477547817,412.7288192325832,-31.06192211753169,405.521329,-29.4294607
10.0,1.981307124396,20.0,387.3872403894596,-26.64238982460719,409.5518927514268,-30.161518477215093,403.784166,-28.8700141
10.0,1.981307124396,30.0,384.73954979555447,-25.890557130868057,406.8049273135295,-29.31197562793532,402.477269,-28.3419132
10.0,1.981307124396,40.0,382.60011568163236,-25.150433663274328,404.5263154416238,-28.528786883569,401.621744,-27.8566063
10.0,1.981307124396,50.0,380.8700475077326,-24.431223506808788,402.74455752085896,-27.82552097335838,401.216605,-27.4228116
10.0,1.981307124396,60.0,379.49776375288405,-23.743894764859952,401.4977594530194,-27.21780738370037,401.2476,-27.0477392
10.0,1.981307124396,70.0,378.4905970180501,-23.101084985889855,400.8398182278241,-26.71648300058405,401.686007,-26.7366394
10.0,1.981307124396,80.0,377.9243949836774,-22.52986130906092,400.82094712270055,-26.326733658014074,402.500719,-26.4953913
10.0,1.981307124396,90.0,377.826268549557,-22.046832430083384,402.1919475251289,-26.242800524667445,403.651879,-26.3285511
10.0,1.981307124396,100.0,378.1533188010109,-21.6629407854447,403.3199857674701,-26.125620695846887,405.110632,-26.2424915
10.0,1.981307124396,110.0,378.7587773196112,-21.38150118010393,405.00793525505605,-26.155590174938112,406.846673,-26.2425039
10.0,1.981307124396,120.0,379.92476793551697,-21.228103226090997,407.24505087003627,-26.339143905407465,408.827391,-26.3326226
10.0,1.981307124396,130.0,381.6335339319665,-21.2084944974557,410.0223086623716,-26.68250707113961,411.025215,-26.5169063
10.0,1.981307124396,140.0,383.84696839238734,-21.324814331268254,413.27083147488366,-27.179101441778243,413.398493,-26.7951978
10.0,1.981307124396,150.0,386.50602071280116,-21.57537100163702,416.9300210158299,-27.822933114862405,415.905658,-27.1660728
10.0,1.981307124396,160.0,389.5314213986224,-21.954476761244813,420.9665116464185,-28.58529551207263,418.488968,-27.6222979
10.0,1.981307124396,170.0,392.8258537657766,-22.452369972183515,425.1939027398218,-29.45022603166763,421.08318,-28.1528702
10.0,1.981307124396,180.0,396.04030485105665,-23.041381071723738,429.43128422036096,-30.392495512700965,423.615255,-28.7424242
10.0,1.981307124396,190.0,399.119025459846,-23.707015864125136,433.49411895894417,-31.376808766966693,426.004,-29.3721337
10.0,1.981307124396,200.0,402.057230556168,-24.434834472548726,437.2291451350768,-32.36997258331531,428.158922,-30.0194346
10.0,1.981307124396,210.0,404.74832512072123,-25.20170652386734,440.4728487292455,-33.33251264144095,429.987791,-30.659572
10.0,1.981307124396,220.0,407.09517353474024,-25.9827283294197,443.2466045059769,-34.222004008233824,431.410875,-31.2682831
10.0,1.981307124396,230.0,409.0149511844191,-26.752191795071074,445.39770135435606,-35.010905760741295,432.35442,-31.8208934
10.0,1.981307124396,240.0,410.45554776478946,-27.48555034322867,446.7970604428142,-35.68383779334702,432.771156,-32.2966068
10.0,1.981307124396,250.0,411.68628242213566,-28.181995263576493,447.4114600125459,-36.21789361616178,432.632212,-32.6772786
10.0,1.981307124396,260.0,412.32948673229663,-28.79399249204906,447.2239307409639,-36.59231292407809,431.929627,-32.9480562
10.0,1.981307124396,270.0,412.3772531856816,-29.301974365406306,446.2629439544462,-36.7959255444489,430.687029,-33.1005677
10.0,1.981307124396,280.0,411.84400840619116,-29.6902859238601,444.58066244549735,-36.82335428386622,428.940311,-33.1290651
10.0,1.981307124396,290.0,410.76410956173055,-29.947666975702745,442.24328455939207,-36.67440148442495,426.758511,-33.0356748
10.0,1.981307124396,300.0,409.18859905576085,-30.067492742107138,439.3410986430934,-36.35716956959599,424.223395,-32.82634
10.0,1.981307124396,310.0,407.14387983840743,-30.039506118476908,435.9879575126053,-35.887467665174064,421.430303,-32.5114555
10.0,1.981307124396,320.0,404.7330258460318,-29.872788458765072,432.2788389015897,-35.28000098739244,418.488699,-32.1063558
10.0,1.981307124396,330.0,402.0500143311109,-29.577410642758313,428.3429430293848,-34.56005665502462,415.505964,-31.6277393
10.0,1.981307124396,340.0,399.17692428864274,-29.163990966357776,424.28758697064944,-33.75064657871452,412.599258,-31.0965151
10.0,1.981307124396,350.0,396.1957198116161,-28.646332618801353,420.23224944924567,-32.879603732694086,409.865127,-30.5310311
10.0,2.038450208578,0.0,403.9602183911437,-29.099728557050383,422.9391517160674,-32.16766111266367,415.622716,-30.4710536
10.0,2.038450208578,10.0,400.6704560058552,-28.3498593732513,419.1880720659335,-31.196069675093256,413.252625,-29.8412792
10.0,2.038450208578,20.0,397.52032903873385,-27.555976911353913,415.775971503828,-30.25099280066097,411.297725,-29.234982
10.0,2.038450208578,30.0,394.58796952969186,-26.741220877721215,412.80975422028695,-29.36208200235112,409.798887,-28.6663099
10.0,2.038450208578,40.0,392.1120645758359,-25.940810841968982,410.32625954309134,-28.54414515742649,408.780819,-28.1475195
10.0,2.038450208578,50.0,390.19037150190366,-25.178948680791322,408.3887189952866,-27.817612236016146,408.238403,-27.6863714
10.0,2.038450208578,60.0,388.6871218393187,-24.463003065301763,407.0337556573709,-27.192095126636502,408.169355,-27.2924828
10.0,2.038450208578,70.0,387.6472550381584,-23.81290913565481,406.3634478645463,-26.67164112863948,408.544321,-26.9711116
10.0,2.038450208578,80.0,387.05288768795873,-23.23568542389559,406.3098375628313,-26.283007071971955,409.330547,-26.728022
10.0,2.038450208578,90.0,386.9768422590576,-22.75727898385644,407.7105879865515,-26.21202007844028,410.492116,-26.5681588
10.0,2.038450208578,100.0,387.44043116246917,-22.392722833932368,408.9166397572394,-26.1179517884114,411.996742,-26.4967728
10.0,2.038450208578,110.0,388.300085362979,-22.14488615482161,410.7406673714957,-26.181696568355985,413.820493,-26.520097
10.0,2.038450208578,120.0,389.6685108091581,-22.029290750613715,413.1707311434681,-26.409391903530363,415.930291,-26.6418852
10.0,2.038450208578,130.0,391.6287872763468,-22.0570097911886,416.1875163097014,-26.805276173998525,418.288952,-26.8640251
10.0,2.038450208578,140.0,394.135284705192,-22.22913342482951,419.7235192945536,-27.36344166346588,420.861063,-27.1877228
10.0,2.038450208578,150.0,397.1200023026712,-22.542735832314428,423.6924335474084,-28.07410141777145,423.598266,-27.6101757
10.0,2.038450208578,160.0,400.4935649457198,-22.99068919244333,428.0232196399882,-28.90916549844103,426.433718,-28.1222964
10.0,2.038450208578,170.0,403.86503100294055,-23.544997572590564,432.5647094272563,-29.837251370264703,429.298904,-28.7122757
10.0,2.038450208578,180.0,407.2938349033606,-24.199996504457395,437.1033109755463,-30.84059425528618,432.110823,-29.3624626
10.0,2.038450208578,190.0,410.6831680979378,-24.93765749256672,441.42582967913927,-31.8779573083161,434.774161,-30.0509915
10.0,2.038450208578,200.0,413.91249897086794,-25.73526683516825,445.3839325530121,-32.91701000112858,437.19228,-30.7541152
10.0,2.038450208578,210.0,416.8660169847386,-26.567435712317316,448.7974580787588,-33.914399923396864,439.256259,-31.4436371
10.0,2.038450208578,220.0,419.4383605570733,-27.407011347999457,451.6749527813206,-34.82808564720415,440.874,-32.092811
10.0,2.038450208578,230.0,421.551707096894,-28.227022271629306,453.8817187254111,-35.62630922572914,441.970063,-32.6765371
10.0,2.038450208578,240.0,423.48048644620764,-29.025802861367804,455.2967824108324,-36.29998903497836,442.49363,-33.1733454
10.0,2.038450208578,250.0,424.79541081075445,-29.75015398400791,455.8790290198053,-36.82427285435359,442.411035,-33.5639819
10.0,2.038450208578,260.0,425.4628286725176,-30.376081847795756,455.6277391368714,-37.18184909079199,441.715526,-33.8338015
10.0,2.038450208578,270.0,425.4745667013484,-30.88331559548122,454.5743181645721,-37.362192601781686,440.429123,-33.9740975
10.0,2.038450208578,280.0,424.84663775441544,-31.256072967954157,452.77884331724266,-37.36177426251121,438.600742,-33.9819184
10.0,2.038450208578,290.0,423.6127092105648,-31.482670965907612,450.3083995588247,-37.18072672403319,436.290325,-33.8573299
10.0,2.038450208578,300.0,421.78888986703896,-31.54865747108568,447.2556357180906,-36.82781982064117,433.592724,-33.6092548
10.0,2.038450208578,310.0,419.49376726924237,-31.464335871702083,443.7256302785349,-36.31722799352861,430.606141,-33.2488967
10.0,2.038450208578,320.0,416.8087809853848,-31.23447626679861,439.8269587632424,-35.667016308184735,427.444143,-32.7926378
10.0,2.038450208578,330.0,413.82187311183816,-30.868327684391183,435.67718230833935,-34.900306328049766,424.223786,-32.2594929
10.0,2.038450208578,340.0,410.6241219560898,-30.37906467402207,431.39084152486686,-34.0420517151901,421.068164,-31.6717019
10.0,2.038450208578,350.0,407.30698464430446,-29.78316062345336,427.1031747862529,-33.12375555019721,418.079559,-31.0491106
10.0,2.089440498517,0.0,412.0448197357217,-29.724376782201613,423.36310876428297,-31.142972883219304,419.583147,-30.2324863
10.0,2.089440498517,10.0,408.38697750486585,-28.894552136103858,419.4735204001388,-30.161859437808644,417.039383,-29.5637926
10.0,2.089440498517,20.0,404.8844892436617,-28.026202284254566,415.9260119654256,-29.209485676629274,414.918945,-28.9208387
10.0,2.089440498517,30.0,401.6259903745729,-27.14468595895756,412.829753789985,-28.315284809714843,413.270415,-28.3193537
10.0,2.089440498517,40.0,398.9192175667481,-26.291275250373868,410.22481567491576,-27.49266908759945,412.123909,-27.7729075
10.0,2.089440498517,50.0,396.7707420655044,-25.48421523849885,408.2773992097991,-26.74412285049151,411.487311,-27.2919997
10.0,2.089440498517,60.0,395.0889502630836,-24.7346107005312,406.92591150438926,-26.1026761368166,411.346414,-26.8845883
10.0,2.089440498517,70.0,393.9244496790777,-24.06297769818042,406.2083095800161,-25.588711784968897,411.67007,-26.5562813
10.0,2.089440498517,80.0,393.2891609566726,-23.481868109601006,406.13270794130926,-25.21109204838933,412.428984,-26.3129855
10.0,2.089440498517,90.0,393.2175734770584,-23.008669295012872,407.5484799837616,-25.15196992379812,413.59628,-26.1606262
10.0,2.089440498517,100.0,393.7465798128307,-22.661208969946824,408.8168070471099,-25.07955089555095,415.136345,-26.1028103
10.0,2.089440498517,110.0,394.66850075691235,-22.43817512017147,410.7544845794239,-25.171527409006448,417.033201,-26.1467489
10.0,2.089440498517,120.0,396.24117500399933,-22.362769181984884,413.3507641130553,-25.43407167669969,419.251421,-26.2951598
10.0,2.089440498517,130.0,398.46174625104186,-22.440429426855438,416.5680242551651,-25.86780142559876,421.751493,-26.5495827
10.0,2.089440498517,140.0,401.27655026938373,-22.671107924914274,420.3387547033613,-26.46721812760425,424.497677,-26.9112699
10.0,2.089440498517,150.0,404.6079886578814,-23.050582281125987,424.54971222685936,-27.217470802474782,427.429613,-27.3755868
10.0,2.089440498517,160.0,408.26995099049884,-23.565259139349664,429.0608544180855,-28.09807277860776,430.477392,-27.9334776
10.0,2.089440498517,170.0,411.9656117796817,-24.191360732988016,433.7131130948469,-29.07679337300935,433.555885,-28.5702501
10.0,2.089440498517,180.0,415.74480633899384,-24.921509113562553,438.4247339654608,-30.0994373257898,436.578162,-29.2673585
10.0,2.089440498517,190.0,419.4772281087164,-25.734329046808703,442.87173454103953,-31.14416485361814,439.445357,-30.0010125
10.0,2.089440498517,200.0,423.0317195279933,-26.60491412165494,446.9242617478069,-32.18399500529233,442.046829,-30.744202
10.0,2.089440498517,210.0,426.2824784206197,-27.505588869773323,450.3905267033449,-33.17363648825154,444.271036,-31.4681461
10.0,2.089440498517,220.0,429.1151032491727,-28.406900256711864,453.1865777039836,-34.08658095635546,446.015487,-32.1440409
10.0,2.089440498517,230.0,431.6606979945234,-29.29567525927907,455.25350119361474,-34.883644029676354,447.205078,-32.7468562
10.0,2.089440498517,240.0,433.76651325230455,-30.137803803999127,456.5929813909472,-35.52601101184144,447.781002,-33.2535029
10.0,2.089440498517,250.0,435.1977113632831,-30.892412827760808,457.08046002924993,-36.01665017516007,447.720425,-33.6470397
10.0,2.089440498517,260.0,435.9174416002958,-31.534133742809868,456.7334664589771,-36.34260915433588,447.00646,-33.9106792
10.0,2.089440498517,270.0,435.9162754766933,-32.04184206604696,455.5859994719775,-36.4943411793236,445.67405,-34.0384619
10.0,2.089440498517,280.0,435.21091282891825,-32.399491414422464,453.7021818808583,-36.469542330244046,443.771912,-34.0274616
10.0,2.089440498517,290.0,433.8242799797038,-32.59278052197285,451.1506166647941,-36.268909464093134,441.36865,-33.8797093
10.0,2.089440498517,300.0,431.8122998283108,-32.61608987142843,448.0269880307799,-35.90196099950008,438.554087,-33.6031599
10.0,2.089440498517,310.0,429.2764994714286,-32.476253887438624,444.4210533065752,-35.3795426377443,435.432278,-33.2103741
10.0,2.089440498517,320.0,426.3055853829893,-32.18007315669137,440.4489696313845,-34.721379478079825,432.116615,-32.7177338
10.0,2.089440498517,330.0,422.9960182142388,-31.739240612214815,436.2097689866544,-33.94647982888775,428.731084,-32.1458786
10.0,2.089440498517,340.0,419.44840782062437,-31.16966451781745,431.8238829587927,-33.080951168673295,425.399482,-31.517356
10.0,2.089440498517,350.0,415.7644986796299,-30.490705277448832,427.5277305885074,-32.13262309877383,422.231249,-30.8536185
10.0,2.133889927319,0.0,415.20374403843755,-29.868558877207704,414.48070041840174,-28.703409139731928,417.371095,-29.2731252
10.0,2.133889927319,10.0,411.1801134663716,-28.961867754564548,410.6146768433022,-27.76562411262657,414.79962,-28.5965563
10.0,2.133889927319,20.0,407.3241954077533,-28.022403890643428,407.1381979172273,-26.837232620336493,412.650534,-27.946211
10.0,2.133889927319,30.0,403.7354363903469,-27.077690674409094,404.136569938309,-25.950181507005727,410.976201,-27.3386543
10.0,2.133889927319,40.0,400.8686494350092,-26.18040148420725,401.6096069249675,-25.134330739956283,409.803453,-26.787768
10.0,2.133889927319,50.0,398.4839381624442,-25.33155665037125,399.63601860144735,-24.41260653405301,409.125941,-26.3029181
10.0,2.133889927319,60.0,396.6122860587924,-24.55160774842034,398.2577837056929,-23.79987276558852,408.933208,-25.8931577
10.0,2.133889927319,70.0,395.31037576676505,-23.861522437581254,397.5054322027781,-23.308799399393152,409.206698,-25.5655678
10.0,2.133889927319,80.0,394.5882731966187,-23.27268174558621,397.409804324242,-22.95216077507297,409.926443,-25.3265303
10.0,2.133889927319,90.0,394.50550865943006,-22.80681233577367,398.79451910618735,-22.90557499409592,411.072534,-25.1819474
10.0,2.133889927319,100.0,394.8888442888389,-22.46678929407293,400.0699776631377,-22.857875056778628,412.624917,-25.1373286
10.0,2.133889927319,110.0,395.90993846520024,-22.27263373856682,402.0622852686288,-22.96722288670341,414.55744,-25.196733
10.0,2.133889927319,120.0,397.6709152857396,-22.237558530004808,404.7622083925897,-23.238578001708376,416.847173,-25.364914
10.0,2.133889927319,130.0,400.1358622478916,-22.36440659202035,408.09085145800015,-23.67906538660452,419.450137,-25.6424115
10.0,2.133889927319,140.0,403.2432782619281,-22.651996369964824,411.9752848053754,-24.285256645167447,422.320899,-26.0291162
10.0,2.133889927319,150.0,406.9062434990011,-23.094858662014595,416.2920907220469,-25.034319384869203,425.390313,-26.5195196
10.0,2.133889927319,160.0,410.96212288292367,-23.679993831906543,420.88533478369976,-25.90338758316976,428.572616,-27.1025178
10.0,2.133889927319,170.0,414.99236644085545,-24.37563476021432,425.5616750770234,-26.859744762325665,431.766796,-27.7613867
10.0,2.133889927319,180.0,419.1118510706373,-25.176978450857433,430.1589703315967,-27.875362772876127,434.872232,-28.4756447
10.0,2.133889927319,190.0,423.17991456956355,-26.0607871864679,434.44721701303433,-28.9049807091606,437.786079,-29.2205564
10.0,2.133889927319,200.0,427.0553102820691,-27.00015153546656,438.39427781963496,-29.895576365252666,440.407231,-29.9687962
10.0,2.133889927319,210.0,430.6027015973011,-27.965296335598804,441.7524874153139,-30.8230135501166,442.625996,-30.6911571
10.0,2.133889927319,220.0,433.69896561774874,-28.92463884213282,444.4104783167288,-31.668028591286383,444.348031,-31.3606776
10.0,2.133889927319,230.0,436.6025723047459,-29.87309222518799,446.3099427181237,-32.40683930546263,445.489492,-31.9505456
10.0,2.133889927319,240.0,438.8963904556908,-30.755664468145724,447.4090055228305,-33.016498124694515,446.008394,-32.4414591
10.0,2.133889927319,250.0,440.4586520315755,-31.538286506750392,447.69669420416585,-33.478628593167855,445.879391,-32.8160727
10.0,2.133889927319,260.0,441.2487620721268,-32.194237091543,447.1911008868541,-33.78024418418366,445.102716,-33.061509
10.0,2.133889927319,270.0,441.2552889318786,-32.70152112689151,445.9410924847073,-33.915074024096924,443.714957,-33.1722965
10.0,2.133889927319,280.0,440.49472059376876,-33.04378125753128,444.01930483206144,-33.8802510610517,441.760623,-33.1447631
10.0,2.133889927319,290.0,439.0050634873296,-33.21001898664172,441.4778555251039,-33.67824170115381,439.31799,-32.9832544
10.0,2.133889927319,300.0,436.82662173203374,-33.19128637236031,438.41284700940986,-33.31807752690687,436.474653,-32.6953538
10.0,2.133889927319,310.0,434.0707279162915,-32.997007552424016,434.9084242444662,-32.805170766207105,433.328628,-32.2924288
10.0,2.133889927319,320.0,430.83253009335095,-32.635966155815815,431.0761377206397,-32.16102840213182,429.995986,-31.7915313
10.0,2.133889927319,330.0,427.21632465541137,-32.12226598556009,426.9972809444609,-31.401075002521992,426.595445,-31.2122725
10.0,2.133889927319,340.0,423.3317427991483,-31.474529224136255,422.7897570047839,-30.55159862409532,423.242898,-30.5754726
10.0,2.133889927319,350.0,419.29049391366607,-30.71499198995024,418.5872112620719,-29.64403576683821,420.056458,-29.9046558
10.0,2.171460207989,0.0,405.07244128289256,-29.45089202242667,388.2561257969939,-24.94949989138588,410.511764,-29.6577377
10.0,2.171460207989,10.0,400.8905706704828,-28.505412805612373,384.7523366880964,-24.083310682976087,407.895933,-28.9751834
10.0,2.171460207989,20.0,396.8850119601568,-27.533538310288577,381.5419401285814,-23.23832664582831,405.704457,-28.3230641
10.0,2.171460207989,30.0,393.16073275070676,-26.563808636928503,378.7208704530474,-22.44026410973549,403.986097,-27.7171391
10.0,2.171460207989,40.0,390.07318317047634,-25.642201105992648,376.33769076751713,-21.705701063547924,402.77288,-27.170957
10.0,2.171460207989,50.0,387.59502821517196,-24.785006560387956,374.35050563953286,-21.08300225964156,402.076045,-26.6952971
10.0,2.171460207989,60.0,385.6535762596659,-24.004769617604026,372.92472568001176,-20.56117456809662,401.884141,-26.2980309
10.0,2.171460207989,70.0,384.3079858253274,-23.322154623901575,372.0977399994565,-20.143165643881545,402.169657,-25.9847797
10.0,2.171460207989,80.0,383.6046682670507,-22.755149364400275,371.926435242517,-19.84404131292468,402.911748,-25.7622999
10.0,2.171460207989,90.0,383.575268260089,-22.318835002369603,373.2213549246317,-19.810640273338265,404.086528,-25.6363275
10.0,2.171460207989,100.0,384.150053349617,-22.01577643269095,374.4567098663974,-19.779429409717828,405.667136,-25.6115288
10.0,2.171460207989,110.0,385.2709518884851,-21.85635923386087,376.401003509676,-19.892140578230315,407.626274,-25.6920544
10.0,2.171460207989,120.0,387.15440637998677,-21.859727335545152,379.0468471855788,-20.153835636820524,409.934965,-25.8815776
10.0,2.171460207989,130.0,389.7595165801298,-22.027671366745558,382.33685445758783,-20.56114015419284,412.552755,-26.1808578
10.0,2.171460207989,140.0,393.01938439370724,-22.357979953595564,386.1971350624263,-21.10805623473466,415.42569,-26.5870138
10.0,2.171460207989,150.0,396.81028464474525,-22.842364076872812,390.464916641996,-21.7729277070076,418.49244,-27.0944199
10.0,2.171460207989,160.0,400.7534052665217,-23.45430460122345,394.9868100976386,-22.53567363093498,421.675568,-27.6917591
10.0,2.171460207989,170.0,404.9192251396493,-24.18954863972525,399.4695412942562,-23.3953314419132,424.877633,-28.3605347
10.0,2.171460207989,180.0,409.1701749743149,-25.028125865712806,403.78496664339895,-24.30990693610253,428.014084,-29.0821437
10.0,2.171460207989,190.0,413.3623786449812,-25.945874576057466,407.7634803596293,-25.227579612892367,430.965873,-29.8296907
10.0,2.171460207989,200.0,417.351849482652,-26.914983927587496,411.2998433102579,-26.12501429210522,433.620481,-30.576325
10.0,2.171460207989,210.0,421.00093153840334,-27.90481397201676,414.2446852280086,-26.96655705449521,435.868461,-31.2940988
10.0,2.171460207989,220.0,424.46226824247003,-28.903542466955674,416.5213616986191,-27.728027908406023,437.615229,-31.9562104
10.0,2.171460207989,230.0,427.48633613752787,-29.86890950920995,418.14684910698514,-28.37067760856937,438.783697,-32.5376325
10.0,2.171460207989,240.0,429.82768312226216,-30.757141778286485,419.03319937659376,-28.8885106718074,439.325136,-33.0177806
10.0,2.171460207989,250.0,431.41574728867676,-31.53750605993039,419.17681799588337,-29.277039776833977,439.213322,-33.3793937
10.0,2.171460207989,260.0,432.2090393385124,-32.183031982008984,418.5986478699802,-29.52565669786708,438.456072,-33.6115394
10.0,2.171460207989,270.0,432.1954426302563,-32.671723590755036,417.3533991195474,-29.63079582774072,437.079686,-33.7069339
10.0,2.171460207989,280.0,431.4136085170942,-32.98584134058114,415.5036660928675,-29.591173004706462,435.13676,-33.6640239
10.0,2.171460207989,290.0,430.01516348350333,-33.129050032918876,413.106193153644,-29.405921195875624,432.69597,-33.4855148
10.0,2.171460207989,300.0,427.8383748709001,-33.079349723903974,410.253334861077,-29.0843217509576,429.844245,-33.1792991
10.0,2.171460207989,310.0,424.965867451825,-32.8405977933023,407.0046068205498,-28.63088965720513,426.681673,-32.7577935
10.0,2.171460207989,320.0,421.49696801029995,-32.42325837312779,403.4643078549903,-28.06278987093097,423.321483,-32.2379495
10.0,2.171460207989,330.0,417.5555921500559,-31.84472318234768,399.6954039955199,-27.391035749057146,419.882784,-31.6400311
10.0,2.171460207989,340.0,413.52020014979786,-31.14799035960362,395.8110070227188,-26.639781190405344,416.488864,-30.9869657
10.0,2.171460207989,350.0,409.3203698826138,-30.34115904175617,391.97718358267247,-25.815017634465782,413.254999,-30.3019608
10.0,2.201865408009,0.0,356.38076548519103,-27.397547910510998,338.6184985410884,-22.64068549279628,381.111166,-31.971007
10.0,2.201865408009,10.0,352.64179644002326,-26.542923761972535,335.64119196931546,-21.889961388232507,378.186071,-31.2151227
10.0,2.201865408009,20.0,349.2245384720019,-25.6823080351974,332.90538356048614,-21.154118341353136,375.638824,-30.4963918
10.0,2.201865408009,30.0,346.07363161283433,-24.828475746098132,330.4799102096412,-20.454321705846727,373.53659,-29.8330282
10.0,2.201865408009,40.0,343.27333879749574,-24.005636438789065,328.4275811306866,-19.809387545715115,371.931507,-29.2409833
10.0,2.201865408009,50.0,340.9003641709514,-23.236410470817574,326.7872244818996,-19.232535461528567,370.849803,-28.7312817
10.0,2.201865408009,60.0,339.10184350819776,-22.547156648995482,325.6397147193988,-18.74671996206672,370.295914,-28.3117786
10.0,2.201865408009,70.0,338.06694468557845,-21.965177882958372,324.92196303492585,-18.374854148651107,370.267012,-27.9896786
10.0,2.201865408009,80.0,337.5962023113642,-21.488324798712107,324.7710960680224,-18.11325705903209,370.741866,-27.7692475
10.0,2.201865408009,90.0,337.71234105161375,-21.129261681316446,325.9089686181965,-18.09043473569052,371.700851,-27.6555872
10.0,2.201865408009,100.0,338.4229661251006,-20.897841377785255,327.01998733509987,-18.07378012627413,373.115315,-27.6519039
10.0,2.201865408009,110.0,339.7190132177043,-20.80094978491509,328.7647667376607,-18.18791514888773,374.963249,-27.7624944
10.0,2.201865408009,120.0,341.5735180368898,-20.84233959830062,331.1296450530716,-18.43588874397481,377.214452,-27.9894191
10.0,2.201865408009,130.0,343.94092295641656,-21.022446433270805,334.0688837374178,-18.81549665823769,379.830422,-28.3321543
10.0,2.201865408009,140.0,346.75712822964056,-21.338193856932122,337.5021437253317,-19.31857648182551,382.778948,-28.7904921
10.0,2.201865408009,150.0,349.94045545869295,-21.78280900806237,341.19598913041364,-19.94428329657751,386.004696,-29.3581265
10.0,2.201865408009,160.0,353.39362335334874,-22.345684761121284,345.0457451396936,-20.66136603903433,389.427527,-30.0221192
10.0,2.201865408009,170.0,357.00674677219604,-23.0123348676504,348.90656213656695,-21.43604685358356,392.952057,-30.7655413
10.0,2.201865408009,180.0,360.66126928435546,-23.76449230401607,352.6119595043215,-22.23833366623478,396.455553,-31.5644553
10.0,2.201865408009,190.0,364.3513648988181,-24.58897349537602,355.98893843018186,-23.034483195765684,399.795082,-32.3894144
10.0,2.201865408009,200.0,368.06731596082477,-25.469974088664685,358.954786874391,-23.80532071888961,402.83147,-33.2095587
10.0,2.201865408009,210.0,371.4763885000139,-26.36494184707851,361.4370660879494,-24.505776757408267,405.429786,-33.99261
10.0,2.201865408009,220.0,374.4631805633456,-27.24470202809875,363.36268054457975,-25.12589640545208,407.476506,-34.707864
10.0,2.201865408009,230.0,376.9284953324598,-28.079764758112656,364.6562616835264,-25.65666155796698,408.892692,-35.3290451
10.0,2.201865408009,240.0,378.79337796308783,-28.841582528962498,365.3053503484875,-26.08472998547467,409.623356,-35.8330333
10.0,2.201865408009,250.0,380.36623924675536,-29.53523347685185,365.32278271011984,-26.400653249124947,409.661067,-36.204805
10.0,2.201865408009,260.0,381.24021408468286,-30.106319206593213,364.7335105786328,-26.59688378299327,409.017607,-36.4322239
10.0,2.201865408009,270.0,381.3540588559727,-30.531284763791618,363.5932678361292,-26.672430170206493,407.74593,-36.5121623
10.0,2.201865408009,280.0,380.71802314807695,-30.795892347672577,361.959205637942,-26.62710564385517,405.906436,-36.4439294
10.0,2.201865408009,290.0,379.3666882310382,-30.89196264247678,359.87987341278944,-26.460170322127748,403.569653,-36.231047
10.0,2.201865408009,300.0,377.35607217747173,-30.817609088341616,357.42779887317346,-26.178146156131387,400.81967,-35.882862
10.0,2.201865408009,310.0,374.7601435030934,-30.57713764412674,354.6572408950533,-25.785598727161616,397.744809,-35.4124803
10.0,2.201865408009,320.0,371.66705899565284,-30.180642852922755,351.64606039128404,-25.29480279718656,394.433181,-34.8358263
10.0,2.201865408009,330.0,368.1754124632205,-29.643352284000557,348.4504850924609,-24.7156993111134,390.98119,-34.1730612
10.0,2.201865408009,340.0,364.3907252694866,-28.984784513297328,345.158349697883,-24.0673036135586,387.498931,-33.4488811
10.0,2.201865408009,350.0,360.4223360622902,-28.22779073905048,341.8521473789986,-23.369005242118973,384.092694,-32.6879466
10.0,2.224874125444,0.0,264.18774254459214,-22.249046254675342,257.113473019032,-19.936387463515263,297.000565,-29.6555556
10.0,2.224874125444,10.0,261.5595403687689,-21.63322424149928,254.92865624697205,-19.39670051639349,294.982019,-28.9841446
10.0,2.224874125444,20.0,259.0645309589348,-21.006686307915263,252.98902951145203,-18.8532711550306,293.187827,-28.3428216
10.0,2.224874125444,30.0,256.7697217377195,-20.38787886108466,251.2486564385123,-18.331235998512508,291.652564,-27.747437
10.0,2.224874125444,40.0,254.73725456240982,-19.794430761934063,249.7582221746632,-17.846223416487778,290.410969,-27.2118315
10.0,2.224874125444,50.0,253.06972348489072,-19.246672014895733,248.57557704417528,-17.41460197549924,289.507721,-26.7484982
10.0,2.224874125444,60.0,252.01016499458112,-18.775392604662546,247.74716241278847,-17.049922554297243,288.979033,-26.3676222
10.0,2.224874125444,70.0,251.33734008622434,-18.371234913838027,247.26779914510016,-16.75489014910052,288.851583,-26.0778735
10.0,2.224874125444,80.0,251.07498201813397,-18.044897948685463,247.21852160963007,-16.54865407268213,289.135668,-25.8850064
10.0,2.224874125444,90.0,251.23671836868186,-17.805088245672348,248.11244926549,-16.53846481477379,289.835357,-25.7943975
10.0,2.224874125444,100.0,251.8249931786967,-17.658403102309194,249.00466153753692,-16.53616969223142,290.945051,-25.8100101
10.0,2.224874125444,110.0,252.83011695454903,-17.60922242011847,250.3490696995496,-16.64585614592099,292.455844,-25.9357395
10.0,2.224874125444,120.0,254.2295758304799,-17.659598900446596,252.14342915611283,-16.870429380079205,294.347725,-26.1734835
10.0,2.224874125444,130.0,255.9877391482716,-17.80914339112519,254.3639578833183,-17.201154477315608,296.586909,-26.5226094
10.0,2.224874125444,140.0,258.05609433260145,-18.054911113863714,256.943870739117,-17.63190423057591,299.123997,-26.9792401
10.0,2.224874125444,150.0,260.37410863705617,-18.39130409562399,259.7137026475404,-18.134474701430907,301.882319,-27.5337852
10.0,2.224874125444,160.0,262.8707708616092,-18.810013709758763,262.5945865112213,-18.697441302539744,304.763064,-28.171423
10.0,2.224874125444,170.0,265.4668070916242,-19.30003303628839,265.4646581954364,-19.29883885585092,307.639858,-28.870584
10.0,2.224874125444,180.0,268.0774993486923,-19.847770156999317,268.15603090180383,-19.90555839053992,310.371546,-29.6047056
10.0,2.224874125444,190.0,270.61597253487275,-20.43728946571285,270.57219404564347,-20.497878516044448,312.826523,-30.3450927
10.0,2.224874125444,200.0,273.15485724307985,-21.06424904950942,272.7052707213996,-21.04903825014287,314.91213,-31.0648022
10.0,2.224874125444,210.0,275.6197116198547,-21.710591623627234,274.4489992513727,-21.54451508018333,316.564026,-31.7386122
10.0,2.224874125444,220.0,277.7736061996714,-22.34237266988082,275.74789805979486,-21.98163272270789,317.741937,-32.3435215
10.0,2.224874125444,230.0,279.5456055344301,-22.938560152266643,276.56583930853327,-22.345960979415697,318.432214,-32.8611472
10.0,2.224874125444,240.0,280.8793098241647,-23.478917570120583,276.9091236097743,-22.631249739297417,318.633451,-33.2754168
10.0,2.224874125444,250.0,281.73486737325845,-23.944891606269024,276.80038246143545,-22.83381164794612,318.35394,-33.5730881
10.0,2.224874125444,260.0,282.07327326016696,-24.318287230606906,276.2608612230287,-22.949201959411088,317.614688,-33.7451154
10.0,2.224874125444,270.0,281.89162500895645,-24.58644409909914,275.3358344524113,-22.9781828296187,316.455984,-33.788347
10.0,2.224874125444,280.0,281.22633867902385,-24.74340080512269,274.07286715607864,-22.922309439866524,314.928064,-33.7034373
10.0,2.224874125444,290.0,280.1066106899434,-24.784404376953198,272.5043063487968,-22.78060233234877,313.086875,-33.4942909
10.0,2.224874125444,300.0,278.57517266227944,-24.708930138670254,270.6901334680252,-22.559651960565866,310.994639,-33.169118
10.0,2.224874125444,310.0,276.6859521203984,-24.520594390810977,268.66047599611085,-22.2607300677161,308.713736,-32.7383372
10.0,2.224874125444,320.0,274.5015600480136,-24.226872102633376,266.476328328787,-21.893853617696365,306.30555,-32.2150131
10.0,2.224874125444,330.0,272.0907821810214,-23.838652379311572,264.16889930549405,-21.46406620346009,303.844682,-31.6186015
10.0,2.224874125444,340.0,269.5262175657931,-23.369672996378824,261.80559965608046,-20.986166867978373,301.407102,-30.9712233
10.0,2.224874125444,350.0,266.8782589759086,-22.835379704230302,259.4341720271378,-20.47172568086714,299.055309,-30.2944555
10.0,2.240311250063,0.0,156.47438495066325,-14.436341139076957,190.5661616377953,-25.498585932529764,186.063807,-23.3070026
10.0,2.240311250063,10.0,155.180549255831,-14.10765712205184,190.393472003728,-24.981108833114376,185.921086,-23.0350539
10.0,2.240311250063,20.0,153.98064107466718,-13.774669424585268,190.3824079189661,-24.482770173080457,185.863818,-22.7716087
10.0,2.240311250063,30.0,152.90708191965047,-13.447154558051512,190.3032162046212,-23.997573801530084,185.883321,-22.5230675
10.0,2.240311250063,40.0,151.98907597530103,-13.134470850147338,190.1280254669219,-23.546179797877272,185.980245,-22.2970021
10.0,2.240311250063,50.0,151.2387426375803,-12.843638538262223,190.13276077875176,-23.15358546404065,186.168502,-22.1011653
10.0,2.240311250063,60.0,150.67933629343355,-12.582865874370329,190.2103585590088,-22.82256012623396,186.470801,-21.9431253
10.0,2.240311250063,70.0,150.34082653160823,-12.360811434090145,190.17351087685824,-22.560952882504,186.905463,-21.8297772
10.0,2.240311250063,80.0,150.23530344389692,-12.183437636315972,190.4174123111101,-22.39820773668336,187.484085,-21.7672636
10.0,2.240311250063,90.0,150.36900543725758,-12.055543146278891,191.2030734775573,-22.42995534168285,188.212281,-21.7610926
10.0,2.240311250063,100.0,150.74177157849232,-11.98068921918888,191.9922057188168,-22.47443014463361,189.087142,-21.8151282
10.0,2.240311250063,110.0,151.34658074444874,-11.961134706404401,193.0544532670842,-22.63160038822344,190.099341,-21.9320127
10.0,2.240311250063,120.0,152.16924647085034,-11.997775414117614,194.37983554666505,-22.90390781513428,191.227826,-22.1112904
10.0,2.240311250063,130.0,153.18833906499296,-12.090087050505854,195.9357836311944,-23.28598154475743,192.440634,-22.3496945
10.0,2.240311250063,140.0,154.37539967096683,-12.236075334623287,197.65896322821555,-23.769342876920987,193.690057,-22.6394811
10.0,2.240311250063,150.0,155.69549435515304,-12.432241316932043,199.0539985961672,-24.31206400886431,194.91676,-22.9698861
10.0,2.240311250063,160.0,157.10823756464774,-12.673597996483224,200.3778443957822,-24.914236389101603,196.046356,-23.3257258
10.0,2.240311250063,170.0,158.5689298542381,-12.953674456875858,201.59291318917835,-25.53657043923441,196.999265,-23.6899841
10.0,2.240311250063,180.0,160.02970024191853,-13.264502789364991,202.2262148864714,-26.133874774697105,197.699901,-24.0445831
10.0,2.240311250063,190.0,161.4421951473357,-13.596972496930228,202.55778483985432,-26.705849931096697,198.104394,-24.3736581
10.0,2.240311250063,200.0,162.75914398680837,-13.94097404704639,202.636385706676,-27.21775675662517,198.197737,-24.6640484
10.0,2.240311250063,210.0,163.90973553920128,-14.282303500909528,202.42611146128365,-27.65080486235913,197.990047,-24.9064077
10.0,2.240311250063,220.0,164.88074551954168,-14.61312139438596,202.00957933157463,-28.016067759744057,197.510681,-25.095113
10.0,2.240311250063,230.0,165.64089654067183,-14.922585866416181,201.39884443836704,-28.295308379633315,196.801594,-25.227754
10.0,2.240311250063,240.0,166.1660687926195,-15.200333055577733,200.62121594189605,-28.49016028865431,195.911072,-25.3049694
10.0,2.240311250063,250.0,166.44077484000198,-15.436983191048514,199.70613107138828,-28.60426436398789,194.889538,-25.3290681
10.0,2.240311250063,260.0,166.45856673669772,-15.624544102662863,198.68832206350507,-28.638081133822595,193.786188,-25.303288
10.0,2.240311250063,270.0,166.22199470835503,-15.756753118135762,197.6070020215819,-28.595203461153066,192.647666,-25.2316773
10.0,2.240311250063,280.0,165.6571707849615,-15.819411463162448,196.50090330176303,-28.477987304407304,191.517063,-25.1184897
10.0,2.240311250063,290.0,164.87772819182584,-15.821386277721789,195.40764952460032,-28.28984473704087,190.433573,-24.968729
10.0,2.240311250063,300.0,163.9408272479301,-15.766529867920562,194.363235195785,-28.03667778246696,189.430617,-24.7867771
10.0,2.240311250063,310.0,162.87768298071532,-15.657137747119338,193.39767357372543,-27.721453491056764,188.535729,-24.5776148
10.0,2.240311250063,320.0,161.72241359688073,-15.497295824562487,192.54040482915048,-27.35379793746357,187.768407,-24.3460126
10.0,2.240311250063,330.0,160.51079173504417,-15.292662468741337,191.812511418204,-26.93953043425636,187.138877,-24.096746
10.0,2.240311250063,340.0,159.20116553471908,-15.041178801937026,191.2329442131409,-26.483282710047067,186.647436,-23.8341881
10.0,2.240311250063,350.0,157.8270148834227,-14.750783581220151,190.815973830346,-25.997438021712306,186.2858,-23.5631618
10.0,2.248059296027,0.0,52.389986560885966,-5.464157362270096,62.217630367502856,-10.209256304013357,58.8540102,-7.91492568
10.0,2.248059296027,10.0,52.1326732769395,-5.382585376544306,62.11675931296463,-10.09234652571734,58.905933,-7.84408026
10.0,2.248059296027,20.0,51.90780066530636,-5.299107098783265,62.07323867652008,-9.986249041824768,59.0141092,-7.78003256
10.0,2.248059296027,30.0,51.728314373223384,-5.217344373827201,62.0696520173407,-9.89814678688232,59.170794,-7.72382328
10.0,2.248059296027,40.0,51.59903612154599,-5.139645653236687,62.129829008348985,-9.82911857703104,59.3679402,-7.67651505
10.0,2.248059296027,50.0,51.52353284942051,-5.068226988193097,62.24286315846683,-9.779823885119312,59.5983871,-7.63907951
10.0,2.248059296027,60.0,51.50404893013479,-5.0051199493098,62.40545682738577,-9.756125586778472,59.8561541,-7.61253114
10.0,2.248059296027,70.0,51.541441168750914,-4.952124360785393,62.62211719251848,-9.752621280906778,60.1364843,-7.5978988
10.0,2.248059296027,80.0,51.635119066160726,-4.910766178566108,62.87779428601976,-9.7653564034827,60.4352888,-7.59621594
10.0,2.248059296027,90.0,51.74693821999223,-4.878092754153767,63.19658852974556,-9.807339752598324,60.7485774,-7.60840785
10.0,2.248059296027,100.0,51.91149699301965,-4.859437474778976,63.5077114432915,-9.85057726216415,61.071766,-7.63516053
10.0,2.248059296027,110.0,52.13137178152281,-4.856164053284843,63.83770510663982,-9.909038608598218,61.3985756,-7.67665806
10.0,2.248059296027,120.0,52.4008793622265,-4.868465496926699,64.18004599021909,-9.982111413756,61.7204567,-7.73245757
10.0,2.248059296027,130.0,52.71262907290644,-4.896105366208664,64.52710566129653,-10.068478662703583,62.026271,-7.80127538
10.0,2.248059296027,140.0,53.057652290814744,-4.938409991570673,64.87093994186354,-10.166360442848427,62.302773,-7.88081281
10.0,2.248059296027,150.0,53.42561417362766,-4.9942695767194945,65.21045283565934,-10.280234832323975,62.5362874,-7.96816814
10.0,2.248059296027,160.0,53.805108704930674,-5.062150361735318,65.52988307833978,-10.413952570459722,62.7139216,-8.05955572
10.0,2.248059296027,170.0,54.18403075096595,-5.1401202035100395,65.80459635866714,-10.54625514311526,62.8259753,-8.15109699
10.0,2.248059296027,180.0,54.506507931034974,-5.220797589079095,66.02262466404692,-10.681603040338848,62.8673242,-8.23912001
10.0,2.248059296027,190.0,54.7911370528146,-5.305092068726962,66.17213375389207,-10.811974446728849,62.8378281,-8.32042225
10.0,2.248059296027,200.0,55.03442780248549,-5.391084641167577,66.23761291885101,-10.92604634324973,62.7417253,-8.39242512
10.0,2.248059296027,210.0,55.22815470584891,-5.4760481126042055,66.16422032867888,-11.02262141363235,62.5850986,-8.45306095
10.0,2.248059296027,220.0,55.36578106547597,-5.557249287839952,66.02332710761651,-11.097778657467805,62.3728788,-8.50040116
10.0,2.248059296027,230.0,55.44273691263387,-5.632051221719031,65.81861478629872,-11.149807708735493,62.1116519,-8.53315096
10.0,2.248059296027,240.0,55.45660594804204,-5.6980153367711095,65.55683940722572,-11.179571794916162,61.8097121,-8.55068168
10.0,2.248059296027,250.0,55.40720976610343,-5.7529972899963315,65.2511052607425,-11.186364620443872,61.4770347,-8.55297177
10.0,2.248059296027,260.0,55.275380124691075,-5.791562146323174,64.91264035507925,-11.170760831686598,61.1247607,-8.54047633
10.0,2.248059296027,270.0,55.08473074117854,-5.8157225166761,64.55428641491642,-11.1345138771172,60.7645137,-8.51406876
10.0,2.248059296027,280.0,54.84794193654333,-5.825818158707128,64.18908684583965,-11.079334375994613,60.4081739,-8.47492371
10.0,2.248059296027,290.0,54.573041785255974,-5.821625586183935,63.82919304920619,-11.006741964760351,60.0672976,-8.42444657
10.0,2.248059296027,300.0,54.26912710573074,-5.803397011917137,63.48624384417501,-10.91882892468382,59.7525988,-8.36423734
10.0,2.248059296027,310.0,53.94599552876298,-5.771835754911861,63.17056430350198,-10.817467052776058,59.473853,-8.296135
10.0,2.248059296027,320.0,53.61377791614724,-5.728055074486356,62.8913375044261,-10.705280426592354,59.2392295,-8.22201703
10.0,2.248059296027,330.0,53.28259130874182,-5.673524586193513,62.65526215963588,-10.584820439212493,59.0556313,-8.14412744
10.0,2.248059296027,340.0,52.962228264150966,-5.61000865765243,62.46554947357026,-10.4604039959327,58.9279981,-8.06465209
10.0,2.248059296027,350.0,52.661892761673435,-5.539500814690318,62.329522071164455,-10.333945707746524,58.8594596,-7.9857996
15.0,0.211940703974,0.0,3.556333373274252,1.6427042106817542,7.747345172059307,3.5611924402878667,8.56114491,3.60662338
15.0,0.211940703974,10.0,3.6162885781459084,1.6690446965036871,7.818471883366242,3.683197091150741,8.63465224,3.72068946
15.0,0.211940703974,20.0,3.6846180800388546,1.7275650625961214,7.911704899924008,3.8677330591792622,8.73295725,3.90119056
15.0,0.211940703974,30.0,3.759813967623841,1.8176605410844362,8.026221179892994,4.112539067633932,8.85391428,4.14560807
15.0,0.211940703974,40.0,3.8402931080658744,1.938074222010505,8.162414017307617,4.414387535711161,8.9956045,4.45076354
15.0,0.211940703974,50.0,3.9243280981290205,2.0867826425403635,8.31670273519026,4.767666340872744,9.15702414,4.81165757
15.0,0.211940703974,60.0,4.009972873117644,2.260886019017045,8.485883764805523,5.166080247915141,9.33726912,5.22157734
15.0,0.211940703974,70.0,4.095012445266964,2.4565177997399323,8.662263690668356,5.599872496081619,9.52889079,5.67108846
15.0,0.211940703974,80.0,4.176961983403924,2.668794457439398,8.841161806564255,6.058392278668484,9.72512331,6.14861439
15.0,0.211940703974,90.0,4.253129070201026,2.891829830713533,9.03613731613507,6.531830008606563,9.91823882,6.64013558
15.0,0.211940703974,100.0,4.32073787455961,3.1188354183411264,9.200363198843842,6.99590061130035,10.1009114,7.12968795
15.0,0.211940703974,110.0,4.3770997491245245,3.342318306610806,9.343965291660272,7.436737004709859,10.2765147,7.60261462
15.0,0.211940703974,120.0,4.419805227304747,3.5543742828594307,9.463098976665332,7.83754535681629,10.4634383,8.04940129
15.0,0.211940703974,130.0,4.446909261520168,3.7470589952033757,9.554563781884946,8.180750771976,10.604243,8.43713976
15.0,0.211940703974,140.0,4.457084341764141,3.9128081830526575,9.612629199985363,8.450417879508992,10.6957466,8.74602121
15.0,0.211940703974,150.0,4.449723048410893,4.044870943617689,9.63381943614624,8.635106076257413,10.7416099,8.96477155
15.0,0.211940703974,160.0,4.424980477474683,4.137718038191168,9.618688654394717,8.726881321417041,10.7420045,9.08397133
15.0,0.211940703974,170.0,4.383755992298369,4.187389637678588,9.568097644808716,8.721277866811578,10.7004865,9.09901032
15.0,0.211940703974,180.0,4.327621586242846,4.1917525083043525,9.484834414109445,8.618868430190547,10.6216849,9.01083786
15.0,0.211940703974,190.0,4.2587099390616565,4.150644348228066,9.373183255934546,8.424922321832314,10.5108096,8.82575807
15.0,0.211940703974,200.0,4.179578523107576,4.065891978718621,9.238432261642568,8.149325938103638,10.3726501,8.55367003
15.0,0.211940703974,210.0,4.093066648485403,3.941199838716857,9.086464015155098,7.805413910624459,10.2110353,8.20662431
15.0,0.211940703974,220.0,4.002160183006702,3.781915407028363,8.92215494459055,7.408417193788761,10.0296386,7.79862695
15.0,0.211940703974,230.0,3.9098742124592416,3.5946885190800697,8.751210288139998,6.975130543083264,9.83431361,7.3461857
15.0,0.211940703974,240.0,3.819157877989715,3.387051668848127,8.58279358727746,6.522651880688692,9.6294709,6.86632158
15.0,0.211940703974,250.0,3.7328192392131694,3.1669575738457922,8.420595466023773,6.065427969673749,9.39574139,6.36851159
15.0,0.211940703974,260.0,3.6534628554868407,2.942317292559637,8.265857128678016,5.617953383046404,9.19339167,5.8854769
15.0,0.211940703974,270.0,3.583430575031677,2.7205851810338983,8.123561556060531,5.193684546329268,9.01984354,5.42945708
15.0,0.211940703974,280.0,3.5247380570009343,2.5084337527056206,7.997958389071425,4.802445678288437,8.86779567,5.00795759
15.0,0.211940703974,290.0,3.47900586302244,2.311550251150548,7.890157262930696,4.452127384855554,8.73841601,4.62940917
15.0,0.211940703974,300.0,3.447392656127609,2.134567358530187,7.800968118302106,4.149762813268844,8.63326379,4.3008478
15.0,0.211940703974,310.0,3.4305454464360334,1.981115915708855,7.733403510459129,3.901092551255797,8.5533188,4.0276418
15.0,0.211940703974,320.0,3.428583841619206,1.853964134236708,7.690142991361259,3.709804131363889,8.50233367,3.81434355
15.0,0.211940703974,330.0,3.4411297158474974,1.7551932718233398,7.670246919872384,3.578178566188494,8.47801096,3.66370273
15.0,0.211940703974,340.0,3.467382009908716,1.686359487738619,7.673125660281812,3.50874842643856,8.47857448,3.57784421
15.0,0.211940703974,350.0,3.5062230792144295,1.64860518957676,7.698822581763706,3.502934026734073,8.50445416,3.55829691
15.0,0.219688749936,0.0,5.051663264242988,2.4735127495797156,7.919653637742111,3.8259772782295793,8.72223463,3.8721829
15.0,0.219688749936,10.0,5.0911406365677,2.5033542448212014,7.993461088446112,3.951449690160088,8.79892402,3.98926907
15.0,0.219688749936,20.0,5.146105929931603,2.5804742199076904,8.090308677270782,4.141285494650741,8.90117728,4.17446568
15.0,0.219688749936,30.0,5.215736271910786,2.70410497413936,8.20921740197119,4.393154688874618,9.02670338,4.42523507
15.0,0.219688749936,40.0,5.299062188758578,2.8727622514407583,8.350603025203226,4.703769063501674,9.17333621,4.7382869
15.0,0.219688749936,50.0,5.394811509595819,3.0840718172788275,8.510500764755134,5.067272564057217,9.34002925,5.10853064
15.0,0.219688749936,60.0,5.501244362342631,3.334557236580021,8.685496837325525,5.47716794072372,9.52573521,5.52906394
15.0,0.219688749936,70.0,5.616024268448586,3.6194135022136047,8.867302625850842,5.92327706556469,9.72260022,5.99011014
15.0,0.219688749936,80.0,5.73616297752144,3.932308897724609,9.05116832186096,6.394627360032298,9.92349015,6.47973117
15.0,0.219688749936,90.0,5.858060161065263,4.2652695962167595,9.250790809839,6.881068015687052,10.1204251,6.9834564
15.0,0.219688749936,100.0,5.977638518458889,4.6087010505831145,9.418451431467352,7.357561820961489,10.3059378,7.48489926
15.0,0.219688749936,110.0,6.090556282321976,4.951585331295483,9.564231471941264,7.809862259685887,10.4840537,7.96926579
15.0,0.219688749936,120.0,6.192467006589155,5.281867798776375,9.684565207387337,8.220846060925886,10.675401,8.42748492
15.0,0.219688749936,130.0,6.279292393649052,5.5870166164852835,9.776515089196996,8.572540057054757,10.8186667,8.82485171
15.0,0.219688749936,140.0,6.347476641439363,5.854711449238178,9.83415033078542,8.848642744284298,10.9102996,9.14100736
15.0,0.219688749936,150.0,6.394197906060639,6.073598019835949,9.854018650836087,9.037557520318352,10.9549533,9.36461976
15.0,0.219688749936,160.0,6.417521458415489,6.234035148211083,9.83694685000144,9.1312182620192,10.9531426,9.48619581
15.0,0.219688749936,170.0,6.416488057771977,6.328760480801777,9.783940130219351,9.12508802988105,10.9087885,9.50111077
15.0,0.219688749936,180.0,6.3911387757689475,6.353409083779119,9.697986561390405,9.019819789450056,10.8268679,9.41042872
15.0,0.219688749936,190.0,6.342483317573667,6.30683362969749,9.583543640841675,8.820832181236069,10.7128572,9.22067646
15.0,0.219688749936,200.0,6.272422473332041,6.191194134615852,9.445992887748195,8.538229511508582,10.5715793,8.94205798
15.0,0.219688749936,210.0,6.183636605079663,6.011807228673951,9.291314698749426,8.185654733973642,10.4067741,8.58680766
15.0,0.219688749936,220.0,6.079451189648018,5.7767679586602725,9.124235100790148,7.778613685234905,10.2220169,8.16912321
15.0,0.219688749936,230.0,5.963687859170563,5.496379333546521,8.950408534926652,7.334246961537533,10.0230785,7.70581238
15.0,0.219688749936,240.0,5.840505922148976,5.18244437773894,8.779396610390277,6.870096254664312,9.81419258,7.21414834
15.0,0.219688749936,250.0,5.714236162431409,4.847490365999343,8.614569797700327,6.4008594158452645,9.57386567,6.70320969
15.0,0.219688749936,260.0,5.589207140627657,4.504003048975195,8.45677923268803,5.941371859643553,9.36660509,6.20766536
15.0,0.219688749936,270.0,5.469565444928518,4.163747914021449,8.311185679996397,5.505500052254676,9.18958512,5.74008211
15.0,0.219688749936,280.0,5.3590958226623355,3.8372441892539912,8.182248564640817,5.103348946944237,9.03443307,5.30797787
15.0,0.219688749936,290.0,5.2610539949027215,3.5334350293382397,8.070993075623036,4.743070279475972,8.90214135,4.91990068
15.0,0.219688749936,300.0,5.178031673299847,3.259566213766498,7.978331218836356,4.431974680305703,8.7943274,4.58307188
15.0,0.219688749936,310.0,5.11187615110129,3.0212511209562094,7.907671420106787,4.176056226328412,8.71220567,4.30301951
15.0,0.219688749936,320.0,5.063682508836461,2.8226698945240987,7.86213559661065,3.979161595772579,8.65991527,4.08445319
15.0,0.219688749936,330.0,5.033864099183832,2.6668340569641416,7.84082385229303,3.843645228884084,8.63514035,3.93018113
15.0,0.219688749936,340.0,5.022289384905933,2.555849171757798,7.843219156441207,3.7721349191546025,8.63610988,3.84232135
15.0,0.219688749936,350.0,5.0284561171715385,2.4911256128326245,7.869484375380949,3.766089739217029,8.66328661,3.82245591
15.0,0.235125874557,0.0,4.6901556232283035,2.552257998389394,6.403756973493152,3.3775603278848734,6.95093286,3.40002455
15.0,0.235125874557,10.0,4.711062441535753,2.577786105916348,6.4649010485662215,3.479741820494424,7.01451129,3.49483247
15.0,0.235125874557,20.0,4.748652571371032,2.6489143832884943,6.545285748058255,3.6344255540456687,7.09883997,3.64463505
15.0,0.235125874557,30.0,4.802517125471798,2.7649832144306394,6.643894787820822,3.8396959478338375,7.20179119,3.84737903
15.0,0.235125874557,40.0,4.872051832627662,2.924742022941295,6.76116334065727,4.092907979344044,7.32147847,4.10043065
15.0,0.235125874557,50.0,4.956308967788064,3.126165853313589,6.893349218894873,4.389126143621116,7.45690257,4.39965372
15.0,0.235125874557,60.0,5.053843138257116,3.366219813879383,7.037536960942396,4.723011225902827,7.60728961,4.73947695
15.0,0.235125874557,70.0,5.1625904391887385,3.6405997421982477,7.186226616775413,5.08599551941244,7.76587097,5.11185301
15.0,0.235125874557,80.0,5.279813147048591,3.9434953351424733,7.335687427699431,5.469107975170128,7.92660449,5.5069905
15.0,0.235125874557,90.0,5.402127576115929,4.267433792793592,7.496820715519703,5.864033427435537,8.08302721,5.91311436
15.0,0.235125874557,100.0,5.525615575271925,4.603261470834663,7.631227712066107,6.250267547216669,8.22917369,6.3169483
15.0,0.235125874557,110.0,5.646005262548364,4.9403064042741365,7.746601549921022,6.6162586418615845,8.36884677,6.70690633
15.0,0.235125874557,120.0,5.758897214204852,5.26673904104501,7.840766197749521,6.948333828656179,8.52102418,7.07673555
15.0,0.235125874557,130.0,5.860009217451348,5.570118249263092,7.9119859148202,7.232113817236882,8.63410939,7.3970696
15.0,0.235125874557,140.0,5.945414663537747,5.838081103743705,7.955288150168449,7.454481668266328,8.70414835,7.6512993
15.0,0.235125874557,150.0,6.011754661180111,6.059113028069143,7.968070708689535,7.606279972935158,8.73625156,7.8306938
15.0,0.235125874557,160.0,6.0564100877847675,6.22332227183621,7.9514677902097075,7.681139546959353,8.73117574,7.92775272
15.0,0.235125874557,170.0,6.07762575889624,6.323140172684242,7.906494946917479,7.675461713608865,8.69262487,7.93896128
15.0,0.235125874557,180.0,6.074583972181924,6.3538755295481355,7.835829155792527,7.589898593002506,8.62493506,7.86532251
15.0,0.235125874557,190.0,6.047428563638292,6.3140661814986325,7.743155603170062,7.428869954630618,8.53266628,7.71219316
15.0,0.235125874557,200.0,5.997243215040591,6.205591543119965,7.63281853422735,7.200506055938473,8.41962754,7.48786624
15.0,0.235125874557,210.0,5.925989118321881,6.03353412573633,7.50951152984524,6.915728425412605,8.28861874,7.20211066
15.0,0.235125874557,220.0,5.8364074021643315,5.805803573674969,7.376614242514779,6.586886308671034,8.14204731,6.86608154
15.0,0.235125874557,230.0,5.731891281040509,5.5325610222414445,7.238386018336396,6.227681969425074,7.98431996,6.49311115
15.0,0.235125874557,240.0,5.616332200787831,5.225502227763353,7.102902906339383,5.852307992680085,7.81862276,6.09694976
15.0,0.235125874557,250.0,5.493943990426245,4.897072635515528,6.972183149114778,5.472427416562756,7.62545706,5.68385785
15.0,0.235125874557,260.0,5.369069898054241,4.55969428381084,6.846092517083902,5.099947018498125,7.45955024,5.28345487
15.0,0.235125874557,270.0,5.245979914394903,4.225081592625125,6.72896028862422,4.746160545841438,7.31897755,4.90602968
15.0,0.235125874557,280.0,5.128669959000108,3.9037098871825067,6.624575703744511,4.419314553535957,7.19577834,4.55736277
15.0,0.235125874557,290.0,5.020679406991792,3.604477606072815,6.533555531704431,4.126086251160501,7.09039431,4.24420403
15.0,0.235125874557,300.0,4.924947117467216,3.3345732498777307,6.456688803578154,3.87257545445717,7.00419213,3.97238759
15.0,0.235125874557,310.0,4.843726014696571,3.099526343877471,6.397365221291609,3.6638360658684586,6.93835164,3.74640954
15.0,0.235125874557,320.0,4.778570274390413,2.90339489402214,6.358745183739458,3.50313993177609,6.89671413,3.57017553
15.0,0.235125874557,330.0,4.730397075655233,2.7490266765664053,6.340133069959265,3.3924392744165672,6.87744051,3.44589779
15.0,0.235125874557,340.0,4.699609213478569,2.63833180598849,6.341270771026895,3.3339566630811768,6.87911994,3.37526384
15.0,0.235125874557,350.0,4.686250290556682,2.572517689013085,6.362456739317501,3.3288785035541046,6.90215398,3.35952465
15.0,0.258134591992,0.0,3.198364252759354,1.9985847724673813,4.24510533289603,2.476440412716977,4.36294701,2.43728595
15.0,0.258134591992,10.0,3.207967055524555,2.015697791252476,4.28689681581408,2.543680514369463,4.40475043,2.49858111
15.0,0.258134591992,20.0,3.2301635213340516,2.065376242713452,4.34194775046866,2.645521111018345,4.45967207,2.59520672
15.0,0.258134591992,30.0,3.2647170720735317,2.147177767867025,4.40937889235656,2.780650918568845,4.52620486,2.72584087
15.0,0.258134591992,40.0,3.311208976025079,2.260262916072114,4.489699168431696,2.947341106882664,4.60300796,2.88876515
15.0,0.258134591992,50.0,3.3689494949628767,2.403253747934343,4.5797870553733055,3.1421376193360864,4.68939419,3.08132183
15.0,0.258134591992,60.0,3.43688718909042,2.574053600155424,4.677613875745401,3.3614488951714256,4.7849844,3.29993053
15.0,0.258134591992,70.0,3.5135399871181976,2.769651788743146,4.777140142619707,3.5992682066986865,4.88512788,3.53928287
15.0,0.258134591992,80.0,3.596966712043615,2.9859480697203478,4.876225956271996,3.849705692334897,4.98578623,3.79297915
15.0,0.258134591992,90.0,3.6847889434433783,3.2176381122159268,4.9819107169255625,4.107265870046343,5.08280973,4.05333681
15.0,0.258134591992,100.0,3.774263207537209,3.4581995623413215,5.068847202485752,4.358344125651295,5.17245414,4.31181457
15.0,0.258134591992,110.0,3.8623952011398153,3.7000077020609385,5.141607169966295,4.595424031552004,5.25623199,4.56107954
15.0,0.258134591992,120.0,3.946082663460999,3.9345922661445294,5.199714782058298,4.80987529389406,5.34618589,4.79778542
15.0,0.258134591992,130.0,4.022271824499473,4.1530264111335,5.242851427244299,4.992646009554163,5.41441937,5.00292027
15.0,0.258134591992,140.0,4.08811330341403,4.346419137685661,5.267438351682301,5.135339306261476,5.45502496,5.16530482
15.0,0.258134591992,150.0,4.141105777672413,4.506466874815904,5.27192093349685,5.232222127964323,5.47154458,5.27939127
15.0,0.258134591992,160.0,4.179218716171966,4.626010454995228,5.257694210146785,5.279399708354675,5.46493894,5.34071058
15.0,0.258134591992,170.0,4.200988341828878,4.69954117446647,5.225641041106152,5.274662107798264,5.43789576,5.34712559
15.0,0.258134591992,180.0,4.205583462059191,4.723603915641127,5.177813387341338,5.218593482131412,5.3934481,5.29938422
15.0,0.258134591992,190.0,4.192839787300082,4.697055563587749,5.116750967947384,5.1141090390972,5.33462461,5.20105646
15.0,0.258134591992,200.0,4.163262857073006,4.621151816884579,5.045248642523508,4.966415589059139,5.26377079,5.0575021
15.0,0.258134591992,210.0,4.118000763591856,4.499453263256021,4.966270138900314,4.782479599104899,5.18245062,4.87487186
15.0,0.258134591992,220.0,4.05878859248781,4.337560343804262,4.88139707323533,4.570009443855807,5.09189089,4.66010804
15.0,0.258134591992,230.0,3.9878670243489833,4.142704578932176,4.793108149142671,4.337683030145876,4.99462304,4.42156561
15.0,0.258134591992,240.0,3.9078780554799595,3.9232382557591174,4.707353208066266,4.094743267765911,4.8931902,4.16796234
15.0,0.258134591992,250.0,3.8217415498173137,3.688074968882431,4.6244742025460495,3.848445954227318,4.77560318,3.90271098
15.0,0.258134591992,260.0,3.7325175777858495,3.446137600334714,4.543363480854533,3.606313621839931,4.67254954,3.64527397
15.0,0.258134591992,270.0,3.643261382101445,3.2058676672545885,4.467148899456312,3.375731213670985,4.58537602,3.4027832
15.0,0.258134591992,280.0,3.556880226647709,2.9748403162007424,4.398587778600818,3.1621336105198865,4.50920888,3.1789539
15.0,0.258134591992,290.0,3.4760038035344443,2.759513421419873,4.337728444744813,2.9699534979509408,4.44385871,2.97787867
15.0,0.258134591992,300.0,3.4028812913340762,2.5651192680032535,4.285134147770866,2.8033263340826653,4.39026763,2.80332878
15.0,0.258134591992,310.0,3.339317297793677,2.395686428377714,4.24382917739809,2.665821186673611,4.34932495,2.65824671
15.0,0.258134591992,320.0,3.2866547680223377,2.2541617524877915,4.216672320010432,2.559822427221756,4.32386427,2.5452116
15.0,0.258134591992,330.0,3.2458054505404257,2.1425917284603497,4.203101441536373,2.486681485061339,4.31272633,2.46564968
15.0,0.258134591992,340.0,3.217319082682653,2.0623209466513392,4.203128365691892,2.447966752195736,4.31496193,2.42060108
15.0,0.258134591992,350.0,3.201473698117822,2.0141722474016417,4.217101696599261,2.4444766186054405,4.33078705,2.41084667
15.0,0.28853979201,0.0,5.11838218328006,2.660297416253508,7.198981283578547,3.332934914158607,6.85162614,3.19551811
15.0,0.28853979201,10.0,5.135532949981763,2.6807870693776104,7.271918921110625,3.4122750654707743,6.92364887,3.2672119
15.0,0.28853979201,20.0,5.175734710159138,2.7399787999687777,7.3678241150022705,3.5321098509966933,7.01858004,3.37970513
15.0,0.28853979201,30.0,5.238433034238081,2.8372820165580728,7.484880186833705,3.690841134204589,7.13384746,3.53149649
15.0,0.28853979201,40.0,5.322611552667425,2.971652241669862,7.625471046102223,3.886499478291528,7.26714998,3.72044689
15.0,0.28853979201,50.0,5.4267254739778386,3.1413777511109124,7.782415251032842,4.114679586924543,7.41700675,3.94358471
15.0,0.28853979201,60.0,5.5485846794820075,3.343804008922532,7.9525810510945725,4.371010838897945,7.58267694,4.196652
15.0,0.28853979201,70.0,5.684999294689757,3.5753221166732123,8.12169991665422,4.647629486243637,7.75623913,4.47356978
15.0,0.28853979201,80.0,5.832602751360935,3.8307573161398736,8.28814457353977,4.937763617542226,7.93026925,4.76657347
15.0,0.28853979201,90.0,5.98650721848092,4.103902487815755,8.46346068669979,5.235477363524269,8.09795506,5.06691633
15.0,0.28853979201,100.0,6.142093668512241,4.386697682340268,8.604106605156337,5.523825051287279,8.25255235,5.36432887
15.0,0.28853979201,110.0,6.293196253980184,4.67108236821112,8.716035659704282,5.794483505510005,8.3835798,5.64943348
15.0,0.28853979201,120.0,6.435306310505589,4.946282562800439,8.801775277175338,6.038111152883579,8.49210558,5.91699296
15.0,0.28853979201,130.0,6.56457081492379,5.201017785932016,8.863567214634449,6.244911522034367,8.59362168,6.15080737
15.0,0.28853979201,140.0,6.674589573287191,5.426675141660009,8.893875826211454,6.4049972822252,8.65679216,6.33690455
15.0,0.28853979201,150.0,6.761790261019865,5.613476351935585,8.890116593239398,6.513030088839698,8.67961964,6.46748807
15.0,0.28853979201,160.0,6.824101568936239,5.752557801836865,8.857057212600894,6.564463458250732,8.66542088,6.53696845
15.0,0.28853979201,170.0,6.859068654153218,5.837953406047388,8.796750518803956,6.556545936288164,8.61880059,6.54321409
15.0,0.28853979201,180.0,6.865750967098789,5.8657147056617065,8.713607885682482,6.490248900729649,8.54453699,6.48738654
15.0,0.28853979201,190.0,6.843886727447435,5.834624015101618,8.612014807664513,6.36900432806335,8.44767494,6.37371297
15.0,0.28853979201,200.0,6.794384010927704,5.746079113724702,8.496291925772292,6.198916421311915,8.33215325,6.20823975
15.0,0.28853979201,210.0,6.718915791471745,5.604140683615554,8.370746668916896,5.988374612663916,8.20046763,5.99785279
15.0,0.28853979201,220.0,6.620384172190186,5.4149577455268165,8.235837282410316,5.745866844301794,8.0533009,5.75129827
15.0,0.28853979201,230.0,6.501729823943909,5.18710552307158,8.095114263709172,5.479952965543512,7.89462742,5.47784011
15.0,0.28853979201,240.0,6.366009076084365,4.931013009185341,7.961359136761544,5.202423235583392,7.73571616,5.1870913
15.0,0.28853979201,250.0,6.219654833105449,4.655369761128826,7.831636546622012,4.920772820510341,7.57642984,4.88518882
15.0,0.28853979201,260.0,6.067497960747126,4.370518340425279,7.701274156621888,4.642747282261033,7.40900862,4.58849075
15.0,0.28853979201,270.0,5.912822124857431,4.088150413412438,7.576507466746054,4.377160009662299,7.25734796,4.30781693
15.0,0.28853979201,280.0,5.762064130856086,3.8158542534473354,7.463752205005577,4.130397171664975,7.1238117,4.04924203
15.0,0.28853979201,290.0,5.619545767010867,3.561634505577035,7.3610097350972765,3.9075806270960727,7.00847454,3.81689543
15.0,0.28853979201,300.0,5.4896112637381265,3.33175917012055,7.269474005329002,3.713467284159156,6.91293881,3.61523662
15.0,0.28853979201,310.0,5.375755274139868,3.1310787695312485,7.1965404728795805,3.552845361108922,6.83906909,3.44772927
15.0,0.28853979201,320.0,5.280578202350045,2.963335648391441,7.149288054567609,3.428985605930892,6.79201873,3.31742479
15.0,0.28853979201,330.0,5.206215763902659,2.8309924628863326,7.125599722271878,3.3436097914124407,6.77022044,3.22597555
15.0,0.28853979201,340.0,5.153904733628376,2.7357867170245402,7.125632497771572,3.298618408601876,6.77204072,3.17457917
15.0,0.28853979201,350.0,5.1245208184313125,2.678688635298757,7.150044643040618,3.294975974256192,6.79780149,3.16407143
15.0,0.326110072682,0.0,11.838254010073419,3.6908400644050396,16.36407310233773,4.511007359961245,15.4050102,4.36665399
15.0,0.326110072682,10.0,11.887546313204279,3.7171037463016092,16.52329863891542,4.605940916550236,15.5778025,4.45470799
15.0,0.326110072682,20.0,11.991546271437418,3.790824192290521,16.725943329064503,4.7483690428449234,15.80471,4.59217354
15.0,0.326110072682,30.0,12.14662323623318,3.912270832739809,16.967431800048512,4.936322667519992,16.0780782,4.77728925
15.0,0.326110072682,40.0,12.346204336749084,4.082206940127152,17.2648135542559,5.168959856030892,16.3918675,5.00748764
15.0,0.326110072682,50.0,12.588973343992048,4.293908592910349,17.59216209845508,5.440463748678106,16.7404011,5.27777683
15.0,0.326110072682,60.0,12.870573137624273,4.541273578710597,17.9450870137081,5.7429671225986,17.1149533,5.58637324
15.0,0.326110072682,70.0,13.171674736133166,4.827916711717502,18.2701184771592,6.075481861962558,17.4970658,5.92657308
15.0,0.326110072682,80.0,13.487632277245098,5.141709549576654,18.575701334936305,6.416519201718167,17.8817771,6.27693755
15.0,0.326110072682,90.0,13.803160561937222,5.477254130518768,18.89448775157613,6.762903048512682,18.2403186,6.6413465
15.0,0.326110072682,100.0,14.109622696372812,5.8224379039341825,19.11889194394749,7.103369609108874,18.5599949,7.00065436
15.0,0.326110072682,110.0,14.393422318205044,6.167909071544617,19.25565966113894,7.418537459494211,18.7400796,7.34053616
15.0,0.326110072682,120.0,14.64682212673603,6.5004138180095605,19.334697240007056,7.702709047865593,18.6566058,7.6441081
15.0,0.326110072682,130.0,14.861139435513925,6.808535128379209,19.379112730687243,7.94283851522156,18.7281095,7.91927686
15.0,0.326110072682,140.0,15.031813799978533,7.079514624467379,19.358952526330405,8.129435538013949,18.7817709,8.13970617
15.0,0.326110072682,150.0,15.156335844656018,7.302473590940119,19.2733529891454,8.252878859965692,18.7621931,8.29264235
15.0,0.326110072682,160.0,15.233638898748051,7.46809751184397,19.147188064148978,8.30948550782267,18.6804023,8.37372025
15.0,0.326110072682,170.0,15.264730995382374,7.568972189565411,18.98421033717129,8.297031930998243,18.548743,8.37979254
15.0,0.326110072682,180.0,15.251363282152736,7.600598326184745,18.798491448649745,8.216941005209444,18.3794992,8.31194631
15.0,0.326110072682,190.0,15.194923254259889,7.561805635242271,18.598791625305896,8.073325446591662,18.1836027,8.17526122
15.0,0.326110072682,200.0,15.096790099904393,7.454513211439265,18.3926586864856,7.873252979318181,17.9665573,7.97730929
15.0,0.326110072682,210.0,14.960963865321192,7.282546186919042,18.188432467315906,7.625519739713393,17.7299139,7.72683199
15.0,0.326110072682,220.0,14.787487677176804,7.054194728553756,17.972329370259313,7.338884908197212,17.4758204,7.43291866
15.0,0.326110072682,230.0,14.5781134573272,6.779577601240115,17.742616804521234,7.026678299837982,17.2086867,7.10491115
15.0,0.326110072682,240.0,14.338448442706172,6.468764458759464,17.550957879816817,6.700107972908771,16.978778,6.75957124
15.0,0.326110072682,250.0,14.072811811618426,6.13426086905534,17.368503518880804,6.371076336858455,16.9171409,6.40994443
15.0,0.326110072682,260.0,13.78700707213697,5.788899498471614,17.16165409113258,6.043737588396705,16.631267,6.05497102
15.0,0.326110072682,270.0,13.490401193703963,5.443855260269306,16.955791077754743,5.736903197004557,16.3050183,5.7133702
15.0,0.326110072682,280.0,13.191753309842607,5.1105983183316175,16.7701203672391,5.442448555317779,16.0092459,5.40325646
15.0,0.326110072682,290.0,12.900741739349305,4.799102044966093,16.589940519750943,5.180834608029625,15.7610159,5.11646337
15.0,0.326110072682,300.0,12.63014279549401,4.51547875446706,16.414188903258054,4.951893019749439,15.5469848,4.87183026
15.0,0.326110072682,310.0,12.384026096943932,4.271093298998847,16.27358668271374,4.762580849814808,15.3791369,4.66884064
15.0,0.326110072682,320.0,12.177076493298447,4.065148100938299,16.196351106313926,4.617664629494122,15.2673444,4.51108793
15.0,0.326110072682,330.0,12.017814070787711,3.899403362135778,16.167448746496785,4.51871462520904,15.2146979,4.4005654
15.0,0.326110072682,340.0,11.905270339365691,3.7817151650582015,16.18532065246417,4.4673609748314,15.2178663,4.33911339
15.0,0.326110072682,350.0,11.844275087300822,3.7124348149488817,16.250897977707083,4.464740402342016,15.2780876,4.32740556
15.0,0.370559501483,0.0,22.307593166421338,4.6519756086370485,29.792497783831298,5.484261188258142,26.5412858,5.3297975
15.0,0.370559501483,10.0,22.409034708675186,4.6830769811857085,30.081177328214167,5.592181925058736,26.8053697,5.42783128
15.0,0.370559501483,20.0,22.573214300510283,4.768782386252454,30.435133622169715,5.752702768431505,27.1189972,5.57997292
15.0,0.370559501483,30.0,22.79278794465095,4.907842628435285,30.84366916463233,5.96477733534016,27.4621282,5.78482303
15.0,0.370559501483,40.0,23.057002565274924,5.0970391491752025,31.41381933129023,6.229820622996535,27.815567,6.03950456
15.0,0.370559501483,50.0,23.34692490369151,5.334025429269049,32.0356109770335,6.535999900368169,28.1476135,6.33577994
15.0,0.370559501483,60.0,23.64336129273711,5.614164651701951,32.707942907518806,6.879930389268277,28.401772,6.67047945
15.0,0.370559501483,70.0,23.92577906155075,5.929869912762502,33.222275613817104,7.245957008612628,28.5863075,7.03156749
15.0,0.370559501483,80.0,24.16956069023791,6.275196873821694,33.64653559950832,7.623088183013462,28.6631431,7.4103933
15.0,0.370559501483,90.0,24.331347064816626,6.624960673188777,34.080299702497506,8.009745898482093,28.6048386,7.78320868
15.0,0.370559501483,100.0,24.25358670752031,6.92745661429602,34.29544077481927,8.37845278852575,28.1313408,8.07698218
15.0,0.370559501483,110.0,24.47226488400926,7.365409303638395,34.23449870608385,8.716657938475063,28.0250364,8.91367121
15.0,0.370559501483,120.0,30.490401542112235,0.8897877360046584,34.0868757761935,9.01876828396844,33.9578595,0.997548792
15.0,0.370559501483,130.0,31.396360835916806,0.9338499740572417,33.9591248160909,9.2531627649461,34.5582754,1.05483262
15.0,0.370559501483,140.0,32.1615742461653,1.0168898804843332,33.711464370645935,9.40403433416787,35.1359405,1.04580093
15.0,0.370559501483,150.0,32.6608344658236,1.1467687820665446,33.34675667289839,9.487938469798928,35.4516458,1.11001104
15.0,0.370559501483,160.0,32.95697676512856,1.2680222935091474,32.99791617258675,9.5347728667577,35.5219726,1.17136445
15.0,0.370559501483,170.0,33.0807142546554,1.3578900657506252,32.64106250339217,9.512216816803194,35.3808512,1.21390493
15.0,0.370559501483,180.0,33.04651010948061,1.4053599634682954,32.314232752758016,9.42601703923289,35.0773143,1.21414373
15.0,0.370559501483,190.0,32.87603131177635,1.4006570598662673,32.0244624406587,9.275832533437828,34.6354635,1.17048633
15.0,0.370559501483,200.0,32.57688068467554,1.344043363241967,31.784572281370213,9.072415865393138,34.0589772,1.09460074
15.0,0.370559501483,210.0,32.15090373870299,1.2420936909534128,31.626738524750607,8.845840723788635,33.3111721,1.02258897
15.0,0.370559501483,220.0,31.58641886433619,1.110578486331196,31.451205432579744,8.585247581377372,32.4377412,0.939427701
15.0,0.370559501483,230.0,30.864621143381154,0.9724428768879253,31.213497849129823,8.269498134048833,31.5217446,0.871656706
15.0,0.370559501483,240.0,29.92566235883708,0.8853326511958319,31.138875352532835,7.918356856119368,28.3089074,3.78852438
15.0,0.370559501483,250.0,24.558222914872182,6.738459455685161,31.09716491779003,7.562145497744244,25.3050826,7.38075928
15.0,0.370559501483,260.0,23.308098083120882,6.90901425004006,30.896084932159027,7.204985891273751,25.7437747,7.11260386
15.0,0.370559501483,270.0,23.096763506964773,6.515125526049343,30.65935899779052,6.859368775694187,25.9040655,6.79072653
15.0,0.370559501483,280.0,23.179610357298472,6.222249187318535,30.43817158105577,6.536973813719868,25.9514934,6.45480984
15.0,0.370559501483,290.0,23.024632140960737,5.883314731364389,30.1670574324852,6.241979822531529,25.9880835,6.15202792
15.0,0.370559501483,300.0,22.85156016433115,5.573094575565062,29.809358192574468,5.982876145309529,26.0133096,5.88513535
15.0,0.370559501483,310.0,22.674691664481436,5.299939819307823,29.50940040139116,5.765811950087207,26.0252464,5.66377361
15.0,0.370559501483,320.0,22.514058138445904,5.069017023403392,29.39724726263445,5.60192166032762,26.0289372,5.4886923
15.0,0.370559501483,330.0,22.38263458258783,4.88687945932451,29.381503116870885,5.49131657599007,26.0716273,5.36635343
15.0,0.370559501483,340.0,22.298633405182475,4.754816386396133,29.440347520893123,5.433799397395863,26.1651923,5.29875171
15.0,0.370559501483,350.0,22.27080676225308,4.676360202264505,29.577631284943497,5.431329982245835,26.3150204,5.28601431
15.0,0.421549791422,0.0,43.13984131390019,-5.931877389239243,44.126194617636095,-5.817028657506814,44.1024231,-5.84557661
15.0,0.421549791422,10.0,43.39428149820165,-5.965442381353308,44.69671763933769,-5.830846232484056,44.6982606,-5.88732315
15.0,0.421549791422,20.0,43.82362150681793,-5.976184853028684,45.46580520423574,-5.819693190350532,45.5602314,-5.92229029
15.0,0.421549791422,30.0,44.472360058733685,-5.9702630410935305,46.41559127631702,-5.783210660292256,46.6549878,-5.94878225
15.0,0.421549791422,40.0,45.43911387698176,-5.9614917863808286,47.9290361823962,-5.883609437449749,47.9466955,-5.958574
15.0,0.421549791422,50.0,46.67098329675275,-5.938331052663402,49.673356238939895,-6.0806101852140495,49.794696,-6.10337623
15.0,0.421549791422,60.0,48.20255663870966,-5.9321547449624035,51.828461460544,-5.870561647132601,52.1875522,-6.40691074
15.0,0.421549791422,70.0,50.66375045199265,-6.221347972827208,53.57569349927681,-5.387964167207559,54.4555201,-6.66220797
15.0,0.421549791422,80.0,53.07662555713745,-6.435192553992199,55.14891651540821,-4.753047734637053,57.2723535,-6.73051407
15.0,0.421549791422,90.0,55.77363695848617,-6.36024189878083,56.74860760876363,-4.194269193837557,59.6346505,-6.58994485
15.0,0.421549791422,100.0,57.90258737242632,-6.013829708179405,57.94206189723422,-3.6645100675438624,61.7681327,-6.29014291
15.0,0.421549791422,110.0,59.64990842530903,-5.413019477097098,58.17413456541088,-3.426926061246772,63.3682309,-5.73694628
15.0,0.421549791422,120.0,61.31664379317915,-4.8714453555227735,58.28068855192958,-3.2254868834271107,64.4952219,-5.04194728
15.0,0.421549791422,130.0,62.726694528322106,-4.4037819292177725,58.96664523723328,-2.643396835269076,65.6209014,-4.66342857
15.0,0.421549791422,140.0,63.90072456128495,-4.091398779344333,59.50703289897363,-1.9713767989230515,66.5788799,-4.37565209
15.0,0.421549791422,150.0,63.863607071250804,-3.829425023317056,59.492370524058,-1.5500676120999402,66.8144032,-4.14380407
15.0,0.421549791422,160.0,63.35502900035477,-3.6168668786475227,59.21796124236206,-1.2910572702581495,66.3088682,-3.982133
15.0,0.421549791422,170.0,62.91804703714128,-3.463346120136035,58.752618513666654,-1.1737087373278978,65.6503984,-3.88016023
15.0,0.421549791422,180.0,62.73288063814946,-3.295224705417789,58.2005045656114,-1.1483499964993158,65.0180187,-3.82826863
15.0,0.421549791422,190.0,62.3921504191882,-3.2284330366543634,57.58554503874273,-1.213851939839276,64.4550631,-3.82465346
15.0,0.421549791422,200.0,61.64030995966312,-3.219118876065565,56.88546044420718,-1.4019455125309943,63.938153,-3.87397218
15.0,0.421549791422,210.0,60.523775528203736,-3.2777523579703227,56.08581584059914,-1.727889559313345,63.2019174,-3.98348418
15.0,0.421549791422,220.0,59.60135327410897,-3.33236349296124,54.89780394059516,-2.2986230626609023,61.7471201,-4.16009313
15.0,0.421549791422,230.0,58.89396537035251,-3.4415859758889007,53.49221703292623,-2.9261956093296426,60.0474425,-4.40305347
15.0,0.421549791422,240.0,59.055514358928406,-3.787316239702025,52.98468609558523,-3.0993074485230707,58.2919719,-4.7596085
15.0,0.421549791422,250.0,57.64254431618316,-4.232388635631789,52.58969578151814,-3.295782789830491,56.7747108,-5.40907522
15.0,0.421549791422,260.0,55.92432833321538,-4.740506736722991,51.4242895171847,-3.800451181589621,54.8763361,-5.82973444
15.0,0.421549791422,270.0,54.20645621581639,-5.341560766735862,50.09312747035062,-4.411787441957202,52.7498182,-6.01633603
15.0,0.421549791422,280.0,52.31318831309667,-5.858958500551796,48.8418461553124,-5.061006511512247,50.3945937,-6.06513005
15.0,0.421549791422,290.0,49.85870217617167,-6.042454980082401,47.47393321894268,-5.517829495241994,48.3396505,-5.9439054
15.0,0.421549791422,300.0,47.68778302860741,-5.855883936320849,45.88910637375857,-5.636668945652243,46.6251368,-5.72230279
15.0,0.421549791422,310.0,45.64914349472282,-5.627259495836402,44.63954127220726,-5.484174291921303,45.0949737,-5.5652664
15.0,0.421549791422,320.0,44.52577821133414,-5.670602953136805,44.03300700059913,-5.554171069396119,44.3621355,-5.62129067
15.0,0.421549791422,330.0,43.73854881887167,-5.750180916801808,43.73343968056967,-5.650397806129924,43.8993741,-5.68301864
15.0,0.421549791422,340.0,43.23536805788072,-5.813059458361236,43.6426925464865,-5.72579248796255,43.682462,-5.73797033
15.0,0.421549791422,350.0,43.0661348189298,-5.876709308880059,43.77325487996876,-5.7817148036804165,43.7486442,-5.79153282
15.0,0.478692875603,0.0,71.33415149283002,-10.372122980654904,68.08737150105684,-7.728611985713499,68.9152874,-9.05342896
15.0,0.478692875603,10.0,72.08898001484746,-10.48979438440394,68.82967327241452,-7.745481210876934,69.8372091,-9.0595951
15.0,0.478692875603,20.0,72.73555551585636,-10.57465433478406,69.7860635202148,-7.729272726827641,71.1795414,-8.99421077
15.0,0.478692875603,30.0,73.3770304129034,-10.633882984517513,70.92585102872597,-7.667167049817383,72.8374071,-8.87790989
15.0,0.478692875603,40.0,73.68756068404797,-10.471925520575398,72.33119747992673,-7.5853272345806815,74.5507048,-8.71399505
15.0,0.478692875603,50.0,75.70145939194425,-10.0504266559413,73.7893499454198,-7.428545982858744,75.9782989,-8.50973881
15.0,0.478692875603,60.0,77.98169463987709,-9.602305168048392,75.2843214531827,-7.220053482147244,77.1207474,-8.23524934
15.0,0.478692875603,70.0,79.81710342002415,-9.165704952606427,76.51157110238465,-6.908399840495874,78.1247408,-7.78004259
15.0,0.478692875603,80.0,81.00260407788532,-8.806997622008328,77.50187636775532,-6.545298156445042,78.7394669,-7.1990015
15.0,0.478692875603,90.0,82.13767483303322,-8.369504349113688,78.43809323378996,-6.199276636008384,79.0578854,-6.60261352
15.0,0.478692875603,100.0,82.85722135166272,-7.78263285772271,78.82800527356285,-5.778922810965863,78.9215113,-5.98159187
15.0,0.478692875603,110.0,83.23216543361019,-7.173712168615387,78.73909605002524,-5.303753876014509,78.4860106,-5.38173049
15.0,0.478692875603,120.0,83.11028924482561,-6.534965161423988,78.43369021766203,-4.857584498115822,78.1656558,-4.90150596
15.0,0.478692875603,130.0,82.42254306791156,-5.872254461328629,78.0958224849923,-4.501459166559129,77.7533334,-4.4874349
15.0,0.478692875603,140.0,81.48303121570406,-5.255675381103803,77.60089674405845,-4.194582124791791,76.9993499,-4.09231908
15.0,0.478692875603,150.0,80.32587964120117,-4.7042353782136885,76.92413333919409,-3.930440060559397,76.2152901,-3.78416093
15.0,0.478692875603,160.0,79.03355430311707,-4.236824629920259,76.18319821646735,-3.734971285368969,75.4809994,-3.56723446
15.0,0.478692875603,170.0,77.65196970208464,-3.851558704352896,75.44490455486901,-3.6114132367828335,74.767339,-3.42934824
15.0,0.478692875603,180.0,76.23412167421921,-3.5513679502158966,74.77246984089301,-3.567579555314552,74.1157943,-3.3740317
15.0,0.478692875603,190.0,74.89775253965023,-3.3468933189545407,74.18961968851198,-3.60357123111086,73.5608785,-3.40302256
15.0,0.478692875603,200.0,73.6903354830389,-3.2392324726490207,73.69648977730179,-3.7152916692648463,73.1017584,-3.51146996
15.0,0.478692875603,210.0,72.67759512320896,-3.23353261475968,73.2663448498996,-3.897337965687049,72.7449629,-3.69772497
15.0,0.478692875603,220.0,71.92285120940242,-3.336108950749402,72.79689595078462,-4.1242075206900735,72.5512421,-3.97581614
15.0,0.478692875603,230.0,71.4156258985884,-3.5415626237243907,72.3175652642279,-4.393977902699735,72.4513326,-4.33736323
15.0,0.478692875603,240.0,71.17927613726246,-3.8582839796395723,72.0812061016926,-4.777185195914164,72.4025781,-4.77557597
15.0,0.478692875603,250.0,71.17151610677841,-4.279673548546612,71.86345673057838,-5.203565485211708,72.0968666,-5.19560004
15.0,0.478692875603,260.0,71.39162353821617,-4.8234535062569,71.41423538676464,-5.597371126923378,71.9045385,-5.68623912
15.0,0.478692875603,270.0,71.97725517402795,-5.516548810102434,70.84615702180486,-5.988137321668924,71.7434235,-6.24119664
15.0,0.478692875603,280.0,72.58490835907438,-6.299736021994989,70.23141800228862,-6.373781634470408,71.446963,-6.79717191
15.0,0.478692875603,290.0,72.92644344780294,-7.108276322822946,69.5140932509593,-6.712654631625347,71.0915946,-7.34028575
15.0,0.478692875603,300.0,72.82940199869529,-7.7916840631944355,68.69288007097892,-6.970948661588122,70.5869286,-7.73426907
15.0,0.478692875603,310.0,72.82249854454003,-8.383167834716385,67.97443222967755,-7.170300773703633,70.234525,-8.05700709
15.0,0.478692875603,320.0,72.24327004864281,-9.22294855067379,67.51840161687572,-7.35607144145407,69.5612005,-8.35300109
15.0,0.478692875603,330.0,70.94958398790753,-9.89072838231412,67.30221765292434,-7.492059881813504,68.8466825,-8.59679141
15.0,0.478692875603,340.0,70.19155799251071,-10.128316899529507,67.31886605143082,-7.599600649255426,68.4216231,-8.79824987
15.0,0.478692875603,350.0,70.66838806118933,-10.247153882049705,67.58066418879224,-7.679464376789213,68.4294939,-8.95303679
15.0,0.541553860654,0.0,81.94527905300248,-9.968720299842643,83.73710882488518,-9.434286411653124,77.4956764,-7.79754007
15.0,0.541553860654,10.0,82.41065786595775,-10.082111283188839,84.54581191835346,-9.4519770813298,78.1808347,-7.78789212
15.0,0.541553860654,20.0,83.30439419629163,-10.075233185536538,85.57108020440641,-9.429235509937826,79.0286933,-7.70465148
15.0,0.541553860654,30.0,84.32411362194829,-9.966568414132123,86.77596762578128,-9.343002520335238,80.0333845,-7.56129955
15.0,0.541553860654,40.0,85.65054753001121,-9.792902539165766,88.1567489530234,-9.205392718682218,81.1330869,-7.35896038
15.0,0.541553860654,50.0,86.78877214753413,-9.599390998272312,89.51286592831902,-8.955408998485078,82.201862,-7.08413094
15.0,0.541553860654,60.0,88.06699070023225,-9.34529171873693,90.82237516939198,-8.63258628412563,83.1188218,-6.73373355
15.0,0.541553860654,70.0,89.28980475209389,-8.967608642927107,91.89092574493134,-8.222179586546565,83.860859,-6.33443607
15.0,0.541553860654,80.0,90.28900968714966,-8.465278034571092,92.66113391168412,-7.757053131930128,84.4528232,-5.90850831
15.0,0.541553860654,90.0,91.05911893292239,-7.913042644096157,93.35776718444332,-7.312459990805607,84.9135086,-5.47387293
15.0,0.541553860654,100.0,91.4525403775726,-7.312039586607964,93.4305638832314,-6.782990100263394,85.2011495,-5.04756635
15.0,0.541553860654,110.0,91.24795267566209,-6.643234238231825,93.11267067538294,-6.231118841709734,85.3831912,-4.66373354
15.0,0.541553860654,120.0,90.77089607137411,-5.986138742078882,92.56087216266047,-5.710357302715269,85.7823342,-4.39404202
15.0,0.541553860654,130.0,90.02338002683287,-5.360233951750365,91.86668379326044,-5.264665201628678,85.7288242,-4.09997396
15.0,0.541553860654,140.0,89.0697806655963,-4.800533813994712,91.04786352953992,-4.88165374675079,85.4085896,-3.82270698
15.0,0.541553860654,150.0,87.89364378908299,-4.295631530968451,90.14777490158234,-4.569359459863091,84.9331202,-3.58712574
15.0,0.541553860654,160.0,86.56500953899148,-3.8586001763212505,89.2547214259664,-4.343392633126896,84.3425772,-3.40157616
15.0,0.541553860654,170.0,85.21503651901557,-3.504573155891085,88.4406249223744,-4.20694934061734,83.7145406,-3.28226358
15.0,0.541553860654,180.0,83.92205727348234,-3.236018000105571,87.75632680994174,-4.165057202494917,83.0892621,-3.2353805
15.0,0.541553860654,190.0,82.70773447476014,-3.061969518391063,87.22060173536893,-4.217057795583123,82.4944719,-3.26206814
15.0,0.541553860654,200.0,81.61367798883387,-2.983525340277488,86.83065768460925,-4.358902586332314,81.946734,-3.35999579
15.0,0.541553860654,210.0,80.66494302655165,-2.999216505531513,86.5500587686949,-4.584221623028991,81.45157,-3.52302179
15.0,0.541553860654,220.0,79.89856067428131,-3.1101388902570752,86.3116569223162,-4.877515230055665,80.976801,-3.73779471
15.0,0.541553860654,230.0,79.34110481150931,-3.315732856820339,86.116335783852,-5.231316767740811,80.479877,-3.99148608
15.0,0.541553860654,240.0,79.13868772571287,-3.629109699137219,86.03423702595296,-5.676930884643251,79.9096785,-4.27213443
15.0,0.541553860654,250.0,79.19402680934374,-4.040820625046576,85.95675872191981,-6.16616133237924,78.9572292,-4.50587591
15.0,0.541553860654,260.0,79.38237869854876,-4.537780845670522,85.75044508074204,-6.655308380605391,78.3643762,-4.84480017
15.0,0.541553860654,270.0,79.74858630679803,-5.128325339463677,85.42324521944249,-7.145971219835348,77.9431854,-5.2438011
15.0,0.541553860654,280.0,80.31174901672198,-5.819418558684956,85.00756186496007,-7.625336011167383,77.6085638,-5.6614686
15.0,0.541553860654,290.0,81.00493258259156,-6.585095165277407,84.4749513912926,-8.063606801250566,77.3327207,-6.07683906
15.0,0.541553860654,300.0,81.45421211720668,-7.341067464295289,83.87620723099496,-8.437331598773339,77.0801608,-6.47778677
15.0,0.541553860654,310.0,81.67598336073794,-8.0533508975038,83.34338086765258,-8.741588056611407,76.8116282,-6.83300644
15.0,0.541553860654,320.0,81.70660107420792,-8.648016897673074,82.9532230420552,-8.975932541690083,76.5797949,-7.12968405
15.0,0.541553860654,330.0,81.60235011626735,-9.051110209155777,82.78267258819135,-9.151474095712851,76.4891192,-7.37608543
15.0,0.541553860654,340.0,81.69522704939372,-9.40947240718135,82.85006959788389,-9.281391053998483,76.603602,-7.57444175
15.0,0.541553860654,350.0,81.73108373143018,-9.741632252812511,83.16813725001765,-9.37678712845179,76.9316822,-7.71489291
15.0,0.60965433652,0.0,93.01809619321396,-10.25925924317757,97.74854597257676,-10.76164174818095,91.4670395,-9.03573191
15.0,0.60965433652,10.0,93.60263688208204,-10.360227598653333,98.58671901310878,-10.777845609670372,92.2166803,-9.03597393
15.0,0.60965433652,20.0,94.37751056452797,-10.390980128212403,99.65668539023348,-10.730608427835692,93.1753334,-8.97257929
15.0,0.60965433652,30.0,95.32806331665185,-10.340482970915915,100.9063010400775,-10.623066428876458,94.2824913,-8.8405369
15.0,0.60965433652,40.0,96.48405892716796,-10.21522930834229,102.26781176842007,-10.440127251585965,95.48459,-8.64355184
15.0,0.60965433652,50.0,97.73257477115096,-10.00068059473168,103.59439329568166,-10.14238022502422,96.7497679,-8.39643367
15.0,0.60965433652,60.0,98.90619282485213,-9.641113362480047,104.8270269370542,-9.772229485907175,98.0363862,-8.1132428
15.0,0.60965433652,70.0,99.98615295668306,-9.20162842581566,105.84672775064185,-9.321884364208104,99.1829549,-7.77639287
15.0,0.60965433652,80.0,100.91759994412631,-8.702288403907344,106.52214690606264,-8.813292965356796,100.076417,-7.38210667
15.0,0.60965433652,90.0,101.58380698065655,-8.149642147705308,107.13327573443898,-8.328960332862998,100.701284,-6.94374142
15.0,0.60965433652,100.0,101.72448977788413,-7.518030068025113,107.09544089009972,-7.75320330968901,101.109087,-6.49376436
15.0,0.60965433652,110.0,101.580483925275,-6.87176474960476,106.70512704941926,-7.167928825926999,101.338451,-6.06605633
15.0,0.60965433652,120.0,101.19503759092996,-6.239150546512104,106.0817197643107,-6.6153962823641,101.580938,-5.71843639
15.0,0.60965433652,130.0,100.50450309820168,-5.643029340797212,105.28908230373597,-6.130921614217283,101.504593,-5.38136654
15.0,0.60965433652,140.0,99.66552037000018,-5.105985792415977,104.39266328341368,-5.719711468557629,101.14483,-5.068903
15.0,0.60965433652,150.0,98.52160368622648,-4.6108618377001225,103.46511802067864,-5.39012698028137,100.598565,-4.80271243
15.0,0.60965433652,160.0,97.29516880007982,-4.190295834444174,102.57351768713444,-5.156081232543744,99.9482458,-4.59658437
15.0,0.60965433652,170.0,96.04711677112121,-3.847873550369721,101.78506919762638,-5.021148193836427,99.27131,-4.46371801
15.0,0.60965433652,180.0,94.82974237573353,-3.591896887690981,101.1456140508224,-4.988064288907789,98.6152767,-4.41064075
15.0,0.60965433652,190.0,93.67333471078007,-3.4293356290203842,100.66812001641642,-5.055489854560073,98.008453,-4.43885701
15.0,0.60965433652,200.0,92.62018777126653,-3.3621605477264587,100.34010474157412,-5.219336224140576,97.4644446,-4.5460347
15.0,0.60965433652,210.0,91.69549309436093,-3.3893241326517174,100.12075747656188,-5.473490256912119,96.9738569,-4.72541679
15.0,0.60965433652,220.0,90.93013460656144,-3.510900593771345,99.97421208749276,-5.803187705212717,96.4878033,-4.96354355
15.0,0.60965433652,230.0,90.34889838599027,-3.7263794440764695,99.86838490922734,-6.201820216191507,95.9588594,-5.24848582
15.0,0.60965433652,240.0,90.05836206980143,-4.038906051629601,99.81733878642706,-6.679768606189384,95.355622,-5.56887775
15.0,0.60965433652,250.0,90.03300380425716,-4.449893743865111,99.75955809084816,-7.199370851292819,94.5367131,-5.88123929
15.0,0.60965433652,260.0,90.16134196650096,-4.944395057089554,99.6065486756698,-7.72882383351961,93.8724826,-6.25863246
15.0,0.60965433652,270.0,90.42937707684106,-5.513153673940236,99.3239684940393,-8.258352674437297,93.3192385,-6.67463142
15.0,0.60965433652,280.0,90.77121907460376,-6.156315202193468,98.94244733507486,-8.76976529564723,92.7919188,-7.08884501
15.0,0.60965433652,290.0,91.29003647112454,-6.865627532149625,98.42332695982218,-9.240271353420168,92.2169277,-7.47356024
15.0,0.60965433652,300.0,91.78993773184814,-7.591605082063195,97.87488937412894,-9.652143276033511,91.6138951,-7.81888773
15.0,0.60965433652,310.0,92.1155824120717,-8.282501661562305,97.38226012836144,-10.00648175548703,91.0729561,-8.12446926
15.0,0.60965433652,320.0,92.30865799197012,-8.912874187478018,96.99051678309382,-10.26350026226593,90.7239573,-8.40697987
15.0,0.60965433652,330.0,92.40127212693093,-9.442467227396472,96.79570544729124,-10.462910874601604,90.5764559,-8.64997405
15.0,0.60965433652,340.0,92.46349264172501,-9.816877168063673,96.8474032955025,-10.610566618135705,90.6296445,-8.83586708
15.0,0.60965433652,350.0,92.63810551768458,-10.085818012873077,97.16512849079729,-10.704881661380304,90.903569,-8.95910885
15.0,0.682476017461,0.0,105.42478098400306,-10.920674210975013,112.24497549008106,-11.925012908789634,105.994415,-10.1916902
15.0,0.682476017461,10.0,106.00139854507277,-11.022118501592502,113.07839322804917,-11.92011346459332,106.74642,-10.1852504
15.0,0.682476017461,20.0,106.81713542535319,-11.051154998013486,114.1577370158805,-11.864483310468565,107.727505,-10.1191891
15.0,0.682476017461,30.0,107.73774994970744,-10.953646810500086,115.37024503670398,-11.710663033724556,108.886662,-9.99162552
15.0,0.682476017461,40.0,108.81969213059833,-10.769706960219569,116.6817710272826,-11.476686827183991,110.16211,-9.80279384
15.0,0.682476017461,50.0,109.99322928995366,-10.498383469305478,117.985986021834,-11.163065676777697,111.486518,-9.55624672
15.0,0.682476017461,60.0,111.12834012760739,-10.134477823184035,119.1772340212784,-10.771264510861783,112.789855,-9.25890893
15.0,0.682476017461,70.0,112.18341377829557,-9.695664896675765,120.1472761301566,-10.309260689685456,113.947436,-8.90488094
15.0,0.682476017461,80.0,113.09748490853649,-9.206345107736583,120.8113983491604,-9.785167362572215,114.886839,-8.50032371
15.0,0.682476017461,90.0,113.61712198728901,-8.631806350703823,121.40578079066591,-9.294281208577685,115.599398,-8.06064816
15.0,0.682476017461,100.0,113.85096291004353,-8.019684949568713,121.376802364105,-8.708508599579114,116.094481,-7.60684154
15.0,0.682476017461,110.0,113.78386247250063,-7.386710655530165,121.02201448211156,-8.1196500854537,116.378826,-7.16480487
15.0,0.682476017461,120.0,113.4958021182642,-6.774088372873916,120.4494049246061,-7.565292043987513,116.605217,-6.78740474
15.0,0.682476017461,130.0,112.93690094462933,-6.1981284025773125,119.70586276954477,-7.074676375706044,116.570897,-6.43532308
15.0,0.682476017461,140.0,112.20576538706034,-5.674067013277402,118.87103226712242,-6.663538601098021,116.275268,-6.1148505
15.0,0.682476017461,150.0,111.19285652902987,-5.193274867344074,118.02465475470036,-6.339106975713814,115.803451,-5.84694499
15.0,0.682476017461,160.0,110.08790063854008,-4.785190803823918,117.23282657324248,-6.1122967245699575,115.215206,-5.64195062
15.0,0.682476017461,170.0,108.93784176512473,-4.455312004323676,116.5408392215545,-5.988911389752018,114.579889,-5.5110722
15.0,0.682476017461,180.0,107.80198546220134,-4.208845703082169,115.98492608745735,-5.970835772439313,113.943182,-5.46022334
15.0,0.682476017461,190.0,106.70591793084141,-4.0556362447189755,115.57005782453176,-6.056309257693061,113.337516,-5.49186672
15.0,0.682476017461,200.0,105.68661785297341,-3.9975035831842924,115.28327126771632,-6.240399601913976,112.77266,-5.60367309
15.0,0.682476017461,210.0,104.77340536577898,-4.034407969975017,115.1000087555396,-6.514444897292617,112.235331,-5.7889837
15.0,0.682476017461,220.0,104.00013282154025,-4.166854799538224,114.98264267219884,-6.866667313362494,111.691857,-6.03767617
15.0,0.682476017461,230.0,103.39851720286302,-4.390923282268154,114.8734333769484,-7.291994428598852,111.114378,-6.33951071
15.0,0.682476017461,240.0,103.05092684312207,-4.711485482235616,114.78926880550902,-7.784340267062703,110.485726,-6.68457757
15.0,0.682476017461,250.0,102.94919643359508,-5.129705536690283,114.67723027054365,-8.314591916965375,109.685197,-7.03275652
15.0,0.682476017461,260.0,102.94203977358025,-5.620052152648614,114.47881057939772,-8.855871081630646,108.965439,-7.42797085
15.0,0.682476017461,270.0,103.08816756995444,-6.1844932195397915,114.15761076077888,-9.39469620823653,108.329643,-7.85217505
15.0,0.682476017461,280.0,103.28317282301062,-6.808386569950061,113.71106252320362,-9.907015382410526,107.712632,-8.27182635
15.0,0.682476017461,290.0,103.55964057548944,-7.469702566662645,113.1532606962294,-10.378860051178885,107.081499,-8.66823173
15.0,0.682476017461,300.0,104.02608661492967,-8.179493372136145,112.58128248215196,-10.794194870354238,106.4438,-9.0269861
15.0,0.682476017461,310.0,104.24955081382652,-8.828757830756409,112.0349302946156,-11.146171336400249,105.865067,-9.3408476
15.0,0.682476017461,320.0,104.45220123781584,-9.436745595236534,111.63739174955828,-11.438832309762324,105.436932,-9.61343987
15.0,0.682476017461,330.0,104.58364717377242,-9.957634868852162,111.40726315680683,-11.64652483987203,105.203372,-9.83808594
15.0,0.682476017461,340.0,104.72283446578368,-10.376022678503109,111.40569211470226,-11.786559080826637,105.194308,-10.0080088
15.0,0.682476017461,350.0,104.98707205973406,-10.697532176162303,111.68353068305188,-11.879979538062486,105.436823,-10.1211075
15.0,0.759464686512,0.0,119.11125240096607,-11.394788195186399,127.6880967507339,-12.849672277791589,121.358262,-11.102845
15.0,0.759464686512,10.0,119.72727381316056,-11.506328206414263,128.45780721932118,-12.807636687277766,122.085821,-11.0848496
15.0,0.759464686512,20.0,120.49234046503324,-11.508729860004136,129.4636385491909,-12.701039127472432,123.050071,-11.0096903
15.0,0.759464686512,30.0,121.3868909006173,-11.40293397215624,130.64063501800203,-12.52408535613298,124.198674,-10.8753593
15.0,0.759464686512,40.0,122.42195185877999,-11.20660221461025,131.8787742861828,-12.271097749785511,125.465316,-10.6807785
15.0,0.759464686512,50.0,123.6075908344566,-10.941924973575068,133.13826187064402,-11.94494360060901,126.77827,-10.4287526
15.0,0.759464686512,60.0,124.60122855405704,-10.55579122452844,134.26987386037504,-11.547728301586504,128.066786,-10.1258959
15.0,0.759464686512,70.0,125.67457144367415,-10.136320333932483,135.20183942236898,-11.085627359721364,129.242704,-9.77322225
15.0,0.759464686512,80.0,126.36218252260761,-9.60739789818865,135.8316745628977,-10.56442472649013,130.260454,-9.37858912
15.0,0.759464686512,90.0,126.87662965683208,-9.038342529342916,136.45979678688366,-10.086100609254782,131.085629,-8.95188165
15.0,0.759464686512,100.0,127.09993926133787,-8.424741310929166,136.49067706096795,-9.511973723360668,131.686013,-8.50848831
15.0,0.759464686512,110.0,127.1803356239655,-7.820691349437789,136.22276690053116,-8.939611648755205,132.06072,-8.07288104
15.0,0.759464686512,120.0,126.9103285359841,-7.2236780151983355,135.76509561190906,-8.404502697829034,132.325286,-7.68918869
15.0,0.759464686512,130.0,126.51511213713775,-6.675282789387443,135.13421957335865,-7.93467622859869,132.351724,-7.33613475
15.0,0.759464686512,140.0,125.83338425043928,-6.160155703609253,134.43013426412256,-7.5427226946160895,132.132427,-7.01885832
15.0,0.759464686512,150.0,124.9542585968928,-5.6980338897727405,133.7196409323155,-7.238430403867564,131.738627,-6.75580664
15.0,0.759464686512,160.0,123.9770800261152,-5.307322129196485,133.0628493262778,-7.032662580534411,131.225047,-6.55764854
15.0,0.759464686512,170.0,122.94985488877866,-4.992910080028759,132.49794021902278,-6.930300648818643,130.651536,-6.43432819
15.0,0.759464686512,180.0,121.91709566400267,-4.7626259428234885,132.0482611813824,-6.93313712292445,130.061243,-6.39166533
15.0,0.759464686512,190.0,120.90730778561145,-4.625477348395595,131.71603173273076,-7.038723462119556,129.481882,-6.43153946
15.0,0.759464686512,200.0,119.95442657162512,-4.583412237514656,131.48725969026847,-7.241255823605435,128.919642,-6.55128677
15.0,0.759464686512,210.0,119.08632901827829,-4.636470734691341,131.33858263647338,-7.532508453993898,128.367875,-6.74562821
15.0,0.759464686512,220.0,118.33479081419522,-4.78476926303635,131.23262208778522,-7.9000619691145,127.800281,-7.00496214
15.0,0.759464686512,230.0,117.73432551700442,-5.022879259233876,131.10043398228262,-8.337830350770854,127.187378,-7.31765839
15.0,0.759464686512,240.0,117.32360245273753,-5.349109930649816,130.96360985939458,-8.834635237926724,126.517064,-7.67357719
15.0,0.759464686512,250.0,117.17044634135232,-5.7764088165872804,130.78150741301744,-9.364152351885574,125.702301,-8.03974903
15.0,0.759464686512,260.0,117.08356315699393,-6.267870626257933,130.49774198060302,-9.90077192935532,124.920166,-8.44168936
15.0,0.759464686512,270.0,117.10948980634397,-6.825469826506604,130.13895814334606,-10.43163085240361,124.183116,-8.86242139
15.0,0.759464686512,280.0,117.19867629743877,-7.431449258315033,129.57934461240336,-10.9273964900881,123.468856,-9.2759946
15.0,0.759464686512,290.0,117.3671885554047,-8.07881001678388,128.998025020296,-11.382854942839437,122.769206,-9.66677094
15.0,0.759464686512,300.0,117.53794701565567,-8.718400243640607,128.3288674352936,-11.78015890342482,122.086256,-10.0204485
15.0,0.759464686512,310.0,117.91834429035147,-9.381511113864924,127.7418228657738,-12.117196856148285,121.462303,-10.3269031
15.0,0.759464686512,320.0,117.99989410304586,-9.94035420437181,127.27943076092652,-12.39102795861609,120.980331,-10.5869027
15.0,0.759464686512,330.0,118.23202275652798,-10.459218385303958,126.9943082439426,-12.598874470804608,120.689064,-10.7949108
15.0,0.759464686512,340.0,118.3636224560218,-10.861745415448464,126.9533744756618,-12.74431716460272,120.628493,-10.9478672
15.0,0.759464686512,350.0,118.6555587227988,-11.177418943109771,127.18212209367093,-12.827955392055475,120.828158,-11.0451109
15.0,0.840034413416,0.0,134.33460613216013,-12.159812778628813,144.53920371653854,-13.935628194584432,138.28125,-12.2782147
15.0,0.840034413416,10.0,134.89627986218989,-12.24982653265391,145.2286751379776,-13.867316536403992,138.975917,-12.246584
15.0,0.840034413416,20.0,135.65495591890146,-12.243947014599645,146.14553279726252,-13.734589838065922,139.921188,-12.160496
15.0,0.840034413416,30.0,136.61063942088794,-12.149582442889468,147.24970795694017,-13.537025001754408,141.066542,-12.0187638
15.0,0.840034413416,40.0,137.5961765230123,-11.941274110792328,148.46140566567385,-13.26886624929147,142.347414,-11.8210333
15.0,0.840034413416,50.0,138.57369766932212,-11.628240984557623,149.66202667928303,-12.9348488073604,143.695896,-11.5707689
15.0,0.840034413416,60.0,139.71649948310832,-11.276986033175266,150.76502633710084,-12.534486411146553,145.042489,-11.2736444
15.0,0.840034413416,70.0,140.5714759345873,-10.81000608371138,151.71875091342432,-12.07286408699976,146.313294,-10.9319711
15.0,0.840034413416,80.0,141.27715765900953,-10.28223687738741,152.33896484180565,-11.558609678904697,147.452533,-10.5511711
15.0,0.840034413416,90.0,141.80232556842628,-9.707732022115282,153.08328462589483,-11.100395179621527,148.415946,-10.1396453
15.0,0.840034413416,100.0,142.12455112907503,-9.106350396845803,153.22112842110548,-10.54377166372138,149.164437,-9.71150354
15.0,0.840034413416,110.0,142.26927163702643,-8.512413675419339,153.10430645240947,-9.995351392813763,149.689486,-9.28893542
15.0,0.840034413416,120.0,142.11067934975858,-7.928702588342938,152.81551732062528,-9.485922756300754,150.069289,-8.90874963
15.0,0.840034413416,130.0,141.84595452664863,-7.393688260754867,152.3627069881655,-9.039636129012544,150.227185,-8.56303246
15.0,0.840034413416,140.0,141.28056053237862,-6.890410980664593,151.84124443398795,-8.67348954669543,150.145605,-8.25569445
15.0,0.840034413416,150.0,140.54813020187595,-6.443994590379763,151.30998181432653,-8.394996654784682,149.884317,-8.00383176
15.0,0.840034413416,160.0,139.71562632853718,-6.06943134813795,150.8225497551634,-8.215063227686043,149.489783,-7.81785367
15.0,0.840034413416,170.0,138.81931031336987,-5.775178994076657,150.41010409757715,-8.138423102593123,149.012774,-7.70705185
15.0,0.840034413416,180.0,137.91433033566238,-5.563872232807869,150.0886869916041,-8.16629410119378,148.488498,-7.67623928
15.0,0.840034413416,190.0,137.01281497706782,-5.44557731192059,149.85703337891857,-8.295965359217897,147.943111,-7.72742038
15.0,0.840034413416,200.0,136.1479990144567,-5.423256556506742,149.6963231945242,-8.52066566985455,147.38037,-7.85770223
15.0,0.840034413416,210.0,135.3500871364789,-5.497674819448067,149.5842055798322,-8.831896674889661,146.793545,-8.06144645
15.0,0.840034413416,220.0,134.65163443255307,-5.665912849706439,149.47096324060348,-9.217818140220054,146.162912,-8.32921305
15.0,0.840034413416,230.0,134.08384255795582,-5.922013453404623,149.29490991206723,-9.670539957617278,145.468497,-8.64985215
15.0,0.840034413416,240.0,133.6708069957277,-6.269158404106259,149.08728287807926,-10.17183594951044,144.70405,-9.01278946
15.0,0.840034413416,250.0,133.47858849959462,-6.7132711177544735,148.800519825395,-10.6986635702622,143.810486,-9.38893786
15.0,0.840034413416,260.0,133.2813378414575,-7.21149363454831,148.39596901674986,-11.226945511190795,142.913002,-9.79040299
15.0,0.840034413416,270.0,133.18707798536772,-7.769963441980334,147.9256133455368,-11.746539471869871,142.037193,-10.2023308
15.0,0.840034413416,280.0,133.16650985647095,-8.375160950473777,147.23125112742727,-12.222275297277353,141.171911,-10.6019814
15.0,0.840034413416,290.0,133.15579193438924,-9.00301794077983,146.5157451462821,-12.656776254341551,140.322904,-10.9753381
15.0,0.840034413416,300.0,133.2283742486271,-9.635827601800841,145.7618248545879,-13.028555439905467,139.505232,-11.3096845
15.0,0.840034413416,310.0,133.29144431528982,-10.230705143303679,145.0403502709116,-13.338285382344496,138.765506,-11.5969727
15.0,0.840034413416,320.0,133.48451662440402,-10.807590852107221,144.47209840441982,-13.584807160508488,138.178543,-11.8363608
15.0,0.840034413416,330.0,133.53143237062375,-11.278435467005965,144.10703038509868,-13.76729614652965,137.795735,-12.0238331
15.0,0.840034413416,340.0,133.71268596455644,-11.67465310787992,143.97631021669312,-13.88548970459108,137.656807,-12.1567014
15.0,0.840034413416,350.0,133.9549657892732,-11.968032569189445,144.11265120840707,-13.940746258290512,137.793303,-12.2354589
15.0,0.923572013902,0.0,150.2921074022837,-12.862062789806233,162.15591563757906,-14.973369952455103,155.983333,-13.3778643
15.0,0.923572013902,10.0,150.8037051429424,-12.931662709396901,162.7418570043764,-14.872005680567211,156.621349,-13.328109
15.0,0.923572013902,20.0,151.45990795153062,-12.8956948068065,163.5764141504599,-14.710327299066131,157.521364,-13.2268472
15.0,0.923572013902,30.0,152.24153911146888,-12.755951371765489,164.60838922641835,-14.48904797294592,158.634663,-13.073756
15.0,0.923572013902,40.0,153.18538504661996,-12.536269287830013,165.69809144308843,-14.20398998266895,159.900322,-12.8695407
15.0,0.923572013902,50.0,154.23747424159976,-12.242285761782012,166.82678073455887,-13.856207877558466,161.249333,-12.6167594
15.0,0.923572013902,60.0,155.03844088349825,-11.820537061944655,167.91875621808796,-13.44894753786702,162.622631,-12.3211684
15.0,0.923572013902,70.0,155.82970528756823,-11.34049480387965,168.78585175084802,-12.987179518745608,163.954214,-11.9856816
15.0,0.923572013902,80.0,156.52273526305422,-10.80735595702461,169.45238875322806,-12.481687163981034,165.184785,-11.6151132
15.0,0.923572013902,90.0,157.0120354609005,-10.222137531104327,170.30295413976037,-12.045013983514773,166.260995,-11.2172994
15.0,0.923572013902,100.0,157.44216426665784,-9.639668411578738,170.5323372848468,-11.507613436359092,167.138054,-10.8061156
15.0,0.923572013902,110.0,157.5598685430221,-9.052132797193261,170.56104403502272,-10.98659447257596,167.800858,-10.4012327
15.0,0.923572013902,120.0,157.50950927935196,-8.48472261809943,170.43108917816036,-10.505476759173574,168.298949,-10.0329831
15.0,0.923572013902,130.0,157.34153438097,-7.966212164451429,170.15497173934136,-10.091624085796772,168.582009,-9.70052724
15.0,0.923572013902,140.0,156.89104663040354,-7.4805622445068085,169.81842316718738,-9.75629307417739,168.639686,-9.40988425
15.0,0.923572013902,150.0,156.32285628878427,-7.0582476470650315,169.47461300541968,-9.509301388513263,168.516253,-9.1756612
15.0,0.923572013902,160.0,155.66431185825175,-6.709647353289365,169.16949538429017,-9.361042934424477,168.251675,-9.00803723
15.0,0.923572013902,170.0,154.9462033888278,-6.44303956460497,168.92771607088753,-9.315996797533144,167.888056,-8.91544798
15.0,0.923572013902,180.0,154.2154207951571,-6.261333382087297,168.75939218138907,-9.374966105363844,167.455372,-8.90236601
15.0,0.923572013902,190.0,153.47948088810654,-6.173887703496024,168.65802734209322,-9.534619430550425,166.971529,-8.96971571
15.0,0.923572013902,200.0,152.76538400626606,-6.183139221244575,168.5993840392181,-9.787150547961366,166.440903,-9.11476326
15.0,0.923572013902,210.0,152.09718071885789,-6.289174183234384,168.55860458603613,-10.1232313355058,165.855167,-9.33120724
15.0,0.923572013902,220.0,151.51458155285928,-6.485401186802851,168.47224570385995,-10.53455993341171,165.198198,-9.60951535
15.0,0.923572013902,230.0,151.02128944979825,-6.769811508051811,168.29615288786394,-11.002380770092833,164.45438,-9.93834313
15.0,0.923572013902,240.0,150.62512468796638,-7.1376181200771205,168.0515333566682,-11.511480488817533,163.618686,-10.3059281
15.0,0.923572013902,250.0,150.43740716814912,-7.6022802765117055,167.6935148942279,-12.038298064491824,162.658593,-10.687816
15.0,0.923572013902,260.0,150.19610603052027,-8.113258271492732,167.1904271387567,-12.559083836638605,161.661907,-11.0865059
15.0,0.923572013902,270.0,149.9848647163413,-8.668126415760714,166.6022833969353,-13.064659616987434,160.662399,-11.4885046
15.0,0.923572013902,280.0,149.9002386800652,-9.273264050965718,165.8230254087077,-13.52253897634781,159.662958,-11.8734257
15.0,0.923572013902,290.0,149.74058727544758,-9.88458966040221,164.96175603776624,-13.93050667937746,158.679708,-12.2280596
15.0,0.923572013902,300.0,149.69211404060826,-10.500504125227348,164.10538739889807,-14.275100924901365,157.741611,-12.5419418
15.0,0.923572013902,310.0,149.61961401287286,-11.072286235320485,163.28495228937555,-14.5528221486755,156.890513,-12.8070224
15.0,0.923572013902,320.0,149.62146935897107,-11.596454119856599,162.573254501317,-14.764061156381269,156.198763,-13.0228958
15.0,0.923572013902,330.0,149.69294758954555,-12.0575982559784,162.07349811074417,-14.91114493364244,155.719188,-13.1865236
15.0,0.923572013902,340.0,149.73780470398142,-12.417615057060544,161.82176595194989,-14.993882628320208,155.49404,-13.2965229
15.0,0.923572013902,350.0,149.93593280320945,-12.68882969580972,161.84527274970324,-15.013966869434178,155.554276,-13.3535895
15.0,1.009441716388,0.0,166.40310666955378,-13.215977657326517,180.7925387359414,-15.802817566437676,173.594477,-14.0268967
15.0,1.009441716388,10.0,166.8130867733134,-13.253525697675169,181.1952541756249,-15.659525084258968,174.134421,-13.9544814
15.0,1.009441716388,20.0,167.33190176360998,-13.184387961202797,181.84052223707715,-15.459543487781914,174.934438,-13.8330374
15.0,1.009441716388,30.0,167.94274822619647,-13.011335052206213,182.68615912261123,-15.203946316103949,175.952521,-13.6636599
15.0,1.009441716388,40.0,168.62233702416685,-12.740722459262127,183.6649277367756,-14.891210962835853,177.137385,-13.4479357
15.0,1.009441716388,50.0,169.35630372314176,-12.385835268807437,184.64340261264337,-14.52199356892926,178.433501,-13.1888131
15.0,1.009441716388,60.0,170.1195600182355,-11.96189410177375,185.5576732536416,-14.10105577271542,179.787792,-12.8911844
15.0,1.009441716388,70.0,170.75621168520863,-11.45644422208108,186.37275943808768,-13.63362412289319,181.137424,-12.5585231
15.0,1.009441716388,80.0,171.33851715775077,-10.907671259674702,187.03952814174212,-13.13368877916651,182.413138,-12.196061
15.0,1.009441716388,90.0,171.84742076202622,-10.34492129232118,187.9245227237931,-12.711631534117688,183.554243,-11.8138287
15.0,1.009441716388,100.0,172.13757300848098,-9.76675762539673,188.225502808996,-12.193633468713122,184.5154,-11.4250863
15.0,1.009441716388,110.0,172.30225100578986,-9.1972410563831,188.3646804540796,-11.698855698656615,185.27395,-11.0459873
15.0,1.009441716388,120.0,172.335664624885,-8.661062922545899,188.3378513975364,-11.2553585710286,185.860117,-10.699863
15.0,1.009441716388,130.0,172.14831315035906,-8.153187840299333,188.21483424420765,-10.87623097755541,186.243026,-10.3900863
15.0,1.009441716388,140.0,171.8523221519242,-7.700026075435871,188.0536525226536,-10.57435473903022,186.417045,-10.1239547
15.0,1.009441716388,150.0,171.46575576624588,-7.3133619619297985,187.90194395498588,-10.36325876147452,186.417876,-9.91455185
15.0,1.009441716388,160.0,171.02771428790902,-6.9991001956557,187.79442288853144,-10.251762627009905,186.280767,-9.771548
15.0,1.009441716388,170.0,170.54244453655326,-6.766270370245927,187.7517947921241,-10.244376011337058,186.042692,-9.70300816
15.0,1.009441716388,180.0,170.03144211648336,-6.625589297127905,187.77821743488727,-10.341454443128944,185.725143,-9.71230264
15.0,1.009441716388,190.0,169.51823376230573,-6.580789642742682,187.8610010321584,-10.538975883401214,185.342161,-9.80000388
15.0,1.009441716388,200.0,169.02050539012293,-6.632863600802615,187.96816283500505,-10.827860854054622,184.893968,-9.96265788
15.0,1.009441716388,210.0,168.54172469664346,-6.778772585738905,188.06565101545465,-11.196957082298091,184.365953,-10.1927461
15.0,1.009441716388,220.0,168.10041612536241,-7.016531617402361,188.1015039991597,-11.632331932522556,183.744188,-10.4808286
15.0,1.009441716388,230.0,167.7350803383268,-7.333623756699762,187.9996608840549,-12.124117058811995,183.012225,-10.8148993
15.0,1.009441716388,240.0,167.42658341455328,-7.727231415886716,187.78883288548468,-12.649326485655369,182.164714,-11.1826943
15.0,1.009441716388,250.0,167.17126445314,-8.188268980223599,187.43707658776145,-13.184622349070414,181.182413,-11.5640721
15.0,1.009441716388,260.0,167.06165209102218,-8.725668757170997,186.8990641354837,-13.704811488029028,180.133743,-11.9569084
15.0,1.009441716388,270.0,166.80365596933518,-9.279996568861128,186.2312240038176,-14.19935176160694,179.05145,-12.3475524
15.0,1.009441716388,280.0,166.58448078662047,-9.858191544550099,185.43405069878403,-14.643962961240318,177.953564,-12.7170727
15.0,1.009441716388,290.0,166.42090225408307,-10.455962900763767,184.50333852341177,-15.028225820458175,176.875339,-13.0525453
15.0,1.009441716388,300.0,166.20864057466923,-11.03590457839701,183.51992959092425,-15.34478515578001,175.849533,-13.3438274
15.0,1.009441716388,310.0,166.05665653267738,-11.583123127710783,182.5952360854499,-15.59041187376259,174.922495,-13.5849158
15.0,1.009441716388,320.0,165.94198608512914,-12.073927982107474,181.79175190368747,-15.764316210739423,174.154568,-13.7748993
15.0,1.009441716388,330.0,165.88771934990334,-12.49174660432239,181.1765312526223,-15.871006171891642,173.594693,-13.9119628
15.0,1.009441716388,340.0,165.94115722837452,-12.828541773723346,180.78675785580265,-15.910911632230356,173.283089,-13.9952957
15.0,1.009441716388,350.0,166.11162334694612,-13.072732395590647,180.65439269920327,-15.887293825094511,173.252285,-14.0264113
15.0,1.096990000589,0.0,186.33994400666577,-13.918070801539084,203.262278597123,-16.83462223669233,195.571255,-15.1058355
15.0,1.096990000589,10.0,186.58674915865615,-13.91259462977279,203.41489738406423,-16.64477780477179,195.979811,-15.0073021
15.0,1.096990000589,20.0,186.9143662016705,-13.79966252293354,203.80298308524388,-16.40374930590725,196.662201,-14.8650666
15.0,1.096990000589,30.0,187.30931845310596,-13.58337947789978,204.38891207307893,-16.113903163568736,197.582069,-14.6799807
15.0,1.096990000589,40.0,187.75252170401362,-13.271398339945822,205.11834716802173,-15.777270693519462,198.696051,-14.4546911
15.0,1.096990000589,50.0,188.22070422513283,-12.874563195982248,205.9038183720469,-15.391495725356757,199.949468,-14.1924551
15.0,1.096990000589,60.0,188.72115799926883,-12.416149427444362,206.6741271613204,-14.960808912478695,201.28382,-13.8983825
15.0,1.096990000589,70.0,189.11635338899498,-11.897605527721236,207.38189262418257,-14.495710642720883,202.629148,-13.5770089
15.0,1.096990000589,80.0,189.45801543087,-11.341367267077372,207.98409859635512,-14.00870154948204,203.920375,-13.2353421
15.0,1.096990000589,90.0,189.75770014077517,-10.771493145443038,208.90021529194632,-13.61898438040213,205.096405,-12.8810553
15.0,1.096990000589,100.0,189.8785774778371,-10.190607004713812,209.206864018072,-13.140511502524598,206.108162,-12.5232963
15.0,1.096990000589,110.0,189.90861840613454,-9.62537940443161,209.38726367357185,-12.69010428419417,206.932324,-12.1749961
15.0,1.096990000589,120.0,189.8519574519691,-9.092526612965953,209.46182538050329,-12.284504574958676,207.589193,-11.8558015
15.0,1.096990000589,130.0,189.7290443020983,-8.599902207529276,209.4870935590437,-11.944455079635476,208.061799,-11.5728794
15.0,1.096990000589,140.0,189.5421564302681,-8.163988097959342,209.48538150512604,-11.683962279524934,208.345803,-11.3340069
15.0,1.096990000589,150.0,189.30496545215755,-7.801383774775581,209.52329947554347,-11.516530826819723,208.47592,-11.1523749
15.0,1.096990000589,160.0,189.0357763845662,-7.521434164969194,209.6331837173102,-11.449623468700407,208.481765,-11.0376504
15.0,1.096990000589,170.0,188.75280738204356,-7.331195990419175,209.8326464849888,-11.487695217349511,208.388086,-10.9965952
15.0,1.096990000589,180.0,188.4724379605641,-7.235403548000463,210.11723401820737,-11.630141737442576,208.213126,-11.0325992
15.0,1.096990000589,190.0,188.20777438506656,-7.236458939642631,210.4650431755708,-11.87194982925331,207.962841,-11.1448525
15.0,1.096990000589,200.0,187.96768734048078,-7.334428940007953,210.8145206957548,-12.203127320114584,207.635863,-11.32916
15.0,1.096990000589,210.0,187.75642136605993,-7.527038003950445,211.12706817083,-12.610584239886265,207.216819,-11.5771569
15.0,1.096990000589,220.0,187.57380813365367,-7.809656346462853,211.3536034659073,-13.076969114535611,206.685383,-11.8778597
15.0,1.096990000589,230.0,187.41604335451555,-8.175292152848298,211.4395233810613,-13.581825622992874,206.021106,-12.2181886
15.0,1.096990000589,240.0,187.26649737766783,-8.612769938802032,211.3587361520825,-14.110553111261602,205.214808,-12.5845394
15.0,1.096990000589,250.0,187.14043726595392,-9.104568036735342,211.0626133634798,-14.645794832588727,204.249825,-12.9578792
15.0,1.096990000589,260.0,187.0339518628337,-9.640911761313527,210.5664536509073,-15.16002334443916,203.182624,-13.3342746
15.0,1.096990000589,270.0,186.92974052036817,-10.209722934533005,209.89154000620425,-15.637150452359776,202.046987,-13.7023678
15.0,1.096990000589,280.0,186.82711386336672,-10.797915748261577,209.041955976188,-16.05607315147142,200.867397,-14.0464042
15.0,1.096990000589,290.0,186.65839597299336,-11.376303450557588,208.06593062220728,-16.40568343066383,199.683572,-14.3537677
15.0,1.096990000589,300.0,186.50080071642074,-11.933508130572497,207.0351312027316,-16.681437785094996,198.544414,-14.6152455
15.0,1.096990000589,310.0,186.3469477250104,-12.450077800142838,206.02045825535265,-16.881678175252404,197.501088,-14.8243607
15.0,1.096990000589,320.0,186.20576036670798,-12.914304041518232,205.08653890463373,-17.006330964891323,196.617257,-14.9809472
15.0,1.096990000589,330.0,186.12212585280233,-13.30507839655779,204.30313188520748,-17.06030259195079,195.938291,-15.0836832
15.0,1.096990000589,340.0,186.11028254023944,-13.609042285506165,203.7151544639349,-17.046309745680475,195.505503,-15.1338777
15.0,1.096990000589,350.0,186.1809837988181,-13.81573964048165,203.3622175915519,-16.96971474108187,195.346523,-15.1330256
15.0,1.185550571198,0.0,207.34437316515633,-14.931720614007459,227.54995443774865,-18.39684715662908,218.455813,-16.4329813
15.0,1.185550571198,10.0,207.34026865861358,-14.868899889494935,227.42447183897752,-18.14914752229175,218.72209,-16.3051963
15.0,1.185550571198,20.0,207.40315773374226,-14.700110006352249,227.5492672211436,-17.85522958035988,219.28203,-16.139412
15.0,1.185550571198,30.0,207.50154516689616,-14.428695848954975,227.8944697149594,-17.520322866481028,220.105803,-15.9386338
15.0,1.185550571198,40.0,207.6314865541842,-14.064978542602926,228.41129811264628,-17.147790155852906,221.150227,-15.7058294
15.0,1.185550571198,50.0,207.779494147761,-13.621635748169211,229.0293245475475,-16.73889713108862,222.361596,-15.4444422
15.0,1.185550571198,60.0,207.92751297639262,-13.113523119716211,229.6847007872374,-16.29897333284845,223.678961,-15.1584605
15.0,1.185550571198,70.0,208.06036103558458,-12.558971710070498,230.30371863751944,-15.837098521274784,225.032999,-14.8513846
15.0,1.185550571198,80.0,208.12802718230515,-11.969752883524261,230.85388507362248,-15.363101264534206,226.357635,-14.5284437
15.0,1.185550571198,90.0,208.1545535946693,-11.369281208454222,231.82245265343587,-14.997728858176757,227.592746,-14.1963195
15.0,1.185550571198,100.0,208.14009760652715,-10.776691567321299,232.18746136751224,-14.54037645859692,228.690003,-13.863666
15.0,1.185550571198,110.0,208.11647144322882,-10.203914109988796,232.4597962901269,-14.117132867643562,229.624151,-13.5422212
15.0,1.185550571198,120.0,208.07543073687387,-9.675353920084623,232.6595521310043,-13.744703719575584,230.408996,-13.2497044
15.0,1.185550571198,130.0,208.02748186608625,-9.205985140300413,232.8536699401004,-13.443597283990997,231.029389,-12.9944504
15.0,1.185550571198,140.0,207.9813219414889,-8.807653744560364,233.07761375699,-13.226955409049738,231.48385,-12.78592
15.0,1.185550571198,150.0,207.9105480013715,-8.487429636350958,233.38174433898817,-13.108855760853096,231.794581,-12.636
15.0,1.185550571198,160.0,207.85281538990287,-8.254930818003333,233.78676608093488,-13.096104710859914,231.989514,-12.5548544
15.0,1.185550571198,170.0,207.84327167390055,-8.118039072650854,234.30343336653564,-13.192568532738674,232.086132,-12.5484352
15.0,1.185550571198,180.0,207.87739584333252,-8.078318559967196,234.91569039440216,-13.396261358694495,232.095453,-12.6191887
15.0,1.185550571198,190.0,207.94681210597017,-8.135226904873713,235.5881793369938,-13.700336272651729,232.019125,-12.7655661
15.0,1.185550571198,200.0,208.05574761642765,-8.288854629706723,236.26419503412777,-14.09231643758285,231.844119,-12.9811641
15.0,1.185550571198,210.0,208.20480023138225,-8.537187590518434,236.87909874029376,-14.556232174502629,231.550571,-13.2562178
15.0,1.185550571198,220.0,208.34692920287904,-8.871270406378358,237.35044431156183,-15.071618374494117,231.117928,-13.57868
15.0,1.185550571198,230.0,208.45716227559163,-9.282172999920775,237.6304990049665,-15.6173275266923,230.526232,-13.9346129
15.0,1.185550571198,240.0,208.55330235490842,-9.761950159847418,237.68294888750955,-16.172975561388707,229.756812,-14.3081823
15.0,1.185550571198,250.0,208.6255391248353,-10.29840222461397,237.47667277418108,-16.71554214855861,228.795479,-14.6808808
15.0,1.185550571198,260.0,208.66597455815304,-10.875360303620294,236.9917111939765,-17.226506280274688,227.690277,-15.0460191
15.0,1.185550571198,270.0,208.6775411067976,-11.47003727029538,236.2577745302968,-17.686524208552857,226.474859,-15.3919627
15.0,1.185550571198,280.0,208.63233775007586,-12.069493086313845,235.30596167051144,-18.07904030284153,225.176304,-15.7043787
15.0,1.185550571198,290.0,208.5317452844176,-12.654581688324297,234.19098926946705,-18.394094416646382,223.845739,-15.9742997
15.0,1.185550571198,300.0,208.34607215270663,-13.200758410236281,232.97696494885773,-18.625488499136605,222.538741,-16.1946486
15.0,1.185550571198,310.0,208.14308845495756,-13.699039149736674,231.73370222067865,-18.7701401324891,221.313075,-16.3606307
15.0,1.185550571198,320.0,207.9318108651691,-14.130086569759557,230.5398145019773,-18.832650385682843,220.232124,-16.4716193
15.0,1.185550571198,330.0,207.73217123761648,-14.47943355031962,229.47312344701984,-18.820049740237504,219.35611,-16.5295089
15.0,1.185550571198,340.0,207.55722848382715,-14.734623251360384,228.5902580279176,-18.73816298641537,218.729069,-16.5360128
15.0,1.185550571198,350.0,207.4180361365695,-14.886434728240467,227.94044688600363,-18.59493304361204,218.387335,-16.4947484
15.0,1.274449428801,0.0,229.2101866605605,-16.23834793147543,252.73907889574613,-20.285774090420205,243.44556,-18.3237766
15.0,1.274449428801,10.0,228.84750846963084,-16.099930310785357,252.27608152232645,-19.966621768365112,243.515217,-18.1554049
15.0,1.274449428801,20.0,228.52402319186896,-15.85350624070067,252.0974748452369,-19.61247061261353,243.913702,-17.9574066
15.0,1.274449428801,30.0,228.2416195364974,-15.507912664362394,252.1807200193266,-19.229309448775435,244.614825,-17.7333399
15.0,1.274449428801,40.0,227.99959691586832,-15.075648867095273,252.4736643908966,-18.81907056208908,245.57322,-17.485256
15.0,1.274449428801,50.0,227.79594074558756,-14.569900464786809,252.91674669345292,-18.383558489804045,246.737666,-17.2165129
15.0,1.274449428801,60.0,227.62838890545507,-14.009472491524255,253.44006589036147,-17.928192443709232,248.047044,-16.9304572
15.0,1.274449428801,70.0,227.4953724116929,-13.414335203579732,253.98868307552564,-17.46073653845687,249.431918,-16.6301586
15.0,1.274449428801,80.0,227.39703039883787,-12.804186235073326,254.5143134923396,-16.99060127142394,250.821715,-16.3194357
15.0,1.274449428801,90.0,227.3394904668826,-12.193845733154511,255.5554145744003,-16.645977739208487,252.157031,-16.0048773
15.0,1.274449428801,100.0,227.32195391262863,-11.605712599693932,255.99633969618617,-16.20907118177968,253.38645,-15.6942614
15.0,1.274449428801,110.0,227.35202779463484,-11.057551319471704,256.39482292289904,-15.814418728313774,254.481004,-15.3988881
15.0,1.274449428801,120.0,227.436892157051,-10.564568055668008,256.78633023570745,-15.480661757404278,255.441263,-15.1345447
15.0,1.274449428801,130.0,227.58440338760215,-10.138423916547652,257.2177757136113,-15.225755425415477,256.257313,-14.9113905
15.0,1.274449428801,140.0,227.79866588036353,-9.791453596869486,257.73588368189854,-15.065063030667382,256.927675,-14.7393988
15.0,1.274449428801,150.0,228.0819638625199,-9.532053413937481,258.3762045863916,-15.010079061924923,257.472589,-14.6302741
15.0,1.274449428801,160.0,228.43289154734651,-9.36628421123598,259.15940769945905,-15.068216844019824,257.912825,-14.5930384
15.0,1.274449428801,170.0,228.8447376122404,-9.297797071203812,260.07938791963574,-15.24097503255596,258.261234,-14.633015
15.0,1.274449428801,180.0,229.30553821480225,-9.327911924743571,261.10475528281904,-15.524363864815165,258.517266,-14.7507992
15.0,1.274449428801,190.0,229.79835950507564,-9.455646608802187,262.1818353366468,-15.90880536395286,258.671153,-14.9431994
15.0,1.274449428801,200.0,230.30216915021967,-9.677737184102961,263.2347492007266,-16.37870479981727,258.701602,-15.2026863
15.0,1.274449428801,210.0,230.79322629544112,-9.988654212934136,264.1877847158881,-16.915877116868888,258.575846,-15.5170464
15.0,1.274449428801,220.0,231.2468519754378,-10.38062678476017,264.9492862129097,-17.494972038572467,258.266299,-15.87261
15.0,1.274449428801,230.0,231.63921244528007,-10.843388985565278,265.4522868038291,-18.09044374300255,257.747328,-16.2533447
15.0,1.274449428801,240.0,231.95043535766277,-11.363796968400367,265.64341237067873,-18.680285873050508,257.003695,-16.6427317
15.0,1.274449428801,250.0,232.16388341651333,-11.929102295329088,265.4990591692457,-19.24216152283512,256.024629,-17.0218032
15.0,1.274449428801,260.0,232.26947240371157,-12.52362117653275,265.0068851302188,-19.75319820569578,254.849845,-17.3812436
15.0,1.274449428801,270.0,232.2647328529746,-13.129513372416557,264.1880567644242,-20.193459776366907,253.51717,-17.7096027
15.0,1.274449428801,280.0,232.1550759486294,-13.72538047346949,263.0837558179001,-20.55094746066904,252.057802,-17.9931426
15.0,1.274449428801,290.0,231.94533706688614,-14.296677631580696,261.75293272152743,-20.8167159203856,250.531045,-18.2246663
15.0,1.274449428801,300.0,231.65182073219705,-14.825230515487723,260.2757122512336,-20.98795645322452,248.999262,-18.3988587
15.0,1.274449428801,310.0,231.29300170074188,-15.292522207325591,258.7275463346048,-21.063804322334093,247.528759,-18.5133408
15.0,1.274449428801,320.0,230.88936823492685,-15.681265635602267,257.1975265378794,-21.05014006779483,246.193807,-18.5702417
15.0,1.274449428801,330.0,230.46129774103386,-15.979685878857907,255.766523969676,-20.954841423150643,245.055661,-18.5719116
15.0,1.274449428801,340.0,230.02820065990258,-16.17653190943443,254.51177069298737,-20.788988755430296,244.173623,-18.5237848
15.0,1.274449428801,350.0,229.6067979378167,-16.26402532591447,253.4896602644069,-20.56265986691841,243.589729,-18.4309374
15.0,1.363009999412,0.0,248.1679372141114,-16.902398740635423,275.0081959310916,-21.53883202555137,264.29492,-19.2794548
15.0,1.363009999412,10.0,247.42373103585538,-16.68543219062588,274.1441193242035,-21.13042920619764,264.116787,-19.0578395
15.0,1.363009999412,20.0,246.7290111016872,-16.364029130413453,273.59975029813296,-20.69597455213294,264.296178,-18.8125616
15.0,1.363009999412,30.0,246.09342433022542,-15.947835829272025,273.35785414257447,-20.241204890010213,264.813082,-18.5486447
15.0,1.363009999412,40.0,245.5239403932142,-15.450747771896273,273.3782515182268,-19.771219859632986,265.627261,-18.2691826
15.0,1.363009999412,50.0,245.02589145274501,-14.890852068364566,273.59801899777693,-19.28969232373923,266.687088,-17.9773739
15.0,1.363009999412,60.0,244.60504763044003,-14.287148384509436,273.95470663447526,-18.801373169888823,267.931875,-17.6765783
15.0,1.363009999412,70.0,244.26875395607652,-13.65926942260319,274.3962887864744,-18.31416094975173,269.288184,-17.3688415
15.0,1.363009999412,80.0,244.02891048816647,-13.023529239375506,274.87333412624395,-17.835234696219942,270.690924,-17.0590692
15.0,1.363009999412,90.0,243.889201119221,-12.40378015268575,275.966913693006,-17.500051571959684,272.073775,-16.7521559
15.0,1.363009999412,100.0,243.8624575732295,-11.819086729075838,276.48530916384215,-17.08003633341613,273.38895,-16.4564374
15.0,1.363009999412,110.0,243.95978246902928,-11.286229550855591,277.02798311616465,-16.71441965394366,274.604782,-16.1825332
15.0,1.363009999412,120.0,244.1920894000519,-10.818950033931012,277.63211628642074,-16.42173865603445,275.720165,-15.9456362
15.0,1.363009999412,130.0,244.56304268384022,-10.431168601720705,278.3483028070001,-16.22042363666681,276.728048,-15.7565488
15.0,1.363009999412,140.0,245.07243202484293,-10.132668465590779,279.2169404219655,-16.124706229933228,277.628382,-15.6257007
15.0,1.363009999412,150.0,245.71573223889484,-9.930950013984065,280.270731292816,-16.145913480279496,278.436009,-15.5638413
15.0,1.363009999412,160.0,246.47965005576927,-9.830719562352694,281.5166841438848,-16.289654150089742,279.165431,-15.5791292
15.0,1.363009999412,170.0,247.34283435705274,-9.83407377884339,282.93010468773576,-16.55496311610648,279.821526,-15.6757384
15.0,1.363009999412,180.0,248.27630200349645,-9.940531889711606,284.4586553762493,-16.934965643665922,280.390795,-15.8524133
15.0,1.363009999412,190.0,249.24464226154566,-10.147065884076932,286.0267890306069,-17.416791409913642,280.850057,-16.1037218
15.0,1.363009999412,200.0,250.20795958551628,-10.448138139933343,287.53764442515285,-17.98137852664568,281.161034,-16.4193396
15.0,1.363009999412,210.0,251.12438644915568,-10.835759157308397,288.8940203528548,-18.60643556989532,281.28242,-16.785563
15.0,1.363009999412,220.0,251.95292325580323,-11.299582583963156,289.9942213457602,-19.26359804522031,281.176474,-17.1867182
15.0,1.363009999412,230.0,252.65661560511623,-11.826835143376904,290.7499545594307,-19.9232260382602,280.80766,-17.6045012
15.0,1.363009999412,240.0,253.20536803403925,-12.401570652075016,291.1050939831171,-20.56127545067719,280.154858,-18.0207282
15.0,1.363009999412,250.0,253.57569363581987,-13.00909267475749,291.0336074433043,-21.153533416704505,279.209795,-18.4163521
15.0,1.363009999412,260.0,253.75496237906793,-13.631905297628897,290.52769528221853,-21.6766564558942,278.008882,-18.780456
15.0,1.363009999412,270.0,253.74089154871646,-14.25163142664159,289.6093902335261,-22.10945806666855,276.587747,-19.1003502
15.0,1.363009999412,280.0,253.5466700266814,-14.845038931451898,288.3307004607366,-22.44131080968632,274.988926,-19.3639887
15.0,1.363009999412,290.0,253.18104273240627,-15.398075107342644,286.7580798823729,-22.664139424364887,273.2751,-19.5643105
15.0,1.363009999412,300.0,252.66848931180087,-15.893199256915148,284.9805997867927,-22.776625704972872,271.518321,-19.6977403
15.0,1.363009999412,310.0,252.0383579439924,-16.314237692848845,283.086724997869,-22.78077680805846,269.792287,-19.7632527
15.0,1.363009999412,320.0,251.32172106527932,-16.645898397941952,281.1682237426848,-22.68337940341956,268.178249,-19.764489
15.0,1.363009999412,330.0,250.54940790801007,-16.87652474193384,279.3220670845341,-22.496476179997888,266.751236,-19.7069989
15.0,1.363009999412,340.0,249.74993390093815,-16.99886837997469,277.63776516104235,-22.23455871620852,265.576926,-19.5977855
15.0,1.363009999412,350.0,248.94896919725568,-17.00786982329381,276.18266899692964,-21.9108536357713,264.705664,-19.4440197
15.0,1.450558283611,0.0,268.8075809007178,-18.088739671979145,297.3138169609538,-23.010913749905352,287.257287,-20.884194
15.0,1.450558283611,10.0,267.62910999138865,-17.780750558578923,296.0035414827373,-22.50033024734238,286.799626,-20.598863
15.0,1.450558283611,20.0,266.51572372490824,-17.370622561499644,295.05277068706147,-21.973216556365585,286.734618,-20.2968477
15.0,1.450558283611,30.0,265.48546950898736,-16.870431535825094,294.4481677250494,-21.4364366827546,287.049796,-19.984866
15.0,1.450558283611,40.0,264.55311959881476,-16.2978974687093,294.1593870734942,-20.898822638101628,287.707804,-19.6667526
15.0,1.450558283611,50.0,263.7329565240397,-15.671869897350659,294.13051663421425,-20.364160325181626,288.662262,-19.3467037
15.0,1.450558283611,60.0,263.03952586171624,-15.01285582092194,294.30398713988706,-19.83783421761337,289.847396,-19.0269807
15.0,1.450558283611,70.0,262.4921891332463,-14.339090288003579,294.6339363680693,-19.328213431919863,291.194205,-18.7104754
15.0,1.450558283611,80.0,262.10520740645427,-13.672759187195282,295.06571586492555,-18.839266292791688,292.631386,-18.4006503
15.0,1.450558283611,90.0,261.8933596672298,-13.03616570385879,296.2226285108718,-18.51731531995306,294.096986,-18.1032369
15.0,1.450558283611,100.0,261.87562675902524,-12.44869708868747,296.850060786431,-18.119571983108354,295.539161,-17.8256558
15.0,1.450558283611,110.0,262.0684632452564,-11.92659835481442,297.5779657290802,-17.790397259653364,296.926492,-17.5784939
15.0,1.450558283611,120.0,262.4824165380602,-11.484720491303488,298.4470948892181,-17.54872141486804,298.252278,-17.3758402
15.0,1.450558283611,130.0,263.12038674929545,-11.13588573665282,299.5031300951683,-17.411919243077985,299.509783,-17.2289867
15.0,1.450558283611,140.0,263.9773691373015,-10.889221296350739,300.7898193661576,-17.395104621131253,300.699058,-17.148487
15.0,1.450558283611,150.0,265.03797746244805,-10.750957351349122,302.3255655348121,-17.507439419285603,301.82783,-17.1441824
15.0,1.450558283611,160.0,266.2763064934208,-10.724509041657994,304.1012669001913,-17.75240665055551,302.902099,-17.22311
15.0,1.450558283611,170.0,267.654379663201,-10.810240597616627,306.0649587329333,-18.12499480882281,303.915138,-17.3878449
15.0,1.450558283611,180.0,269.12401001362963,-11.00558110518418,308.14457864889226,-18.61561430386246,304.83933,-17.6348425
15.0,1.450558283611,190.0,270.629026814263,-11.305056917410484,310.2420857482041,-19.20779502718643,305.635616,-17.9561104
15.0,1.450558283611,200.0,272.10840677601334,-11.70035841157954,312.2355797107281,-19.87790595485961,306.253798,-18.3390771
15.0,1.450558283611,210.0,273.5000332046284,-12.180462247078827,314.0116069710703,-20.600086023382584,306.636223,-18.7669113
15.0,1.450558283611,220.0,274.74472318774735,-12.731830234111227,315.4488974459863,-21.33912597444636,306.734608,-19.2214118
15.0,1.450558283611,230.0,275.7918295614773,-13.337066413538569,316.4535777564142,-22.06756208775526,306.507985,-19.6825849
15.0,1.450558283611,240.0,276.59748029577014,-13.979881280522761,316.96227192455166,-22.756265822627213,305.929115,-20.1300913
15.0,1.450558283611,250.0,277.1322726637301,-14.641588754286838,316.94909627348073,-23.379437875734776,304.991592,-20.5442918
15.0,1.450558283611,260.0,277.3809560074534,-15.302475769147327,316.41011217944134,-23.91187871286725,303.727529,-20.912267
15.0,1.450558283611,270.0,277.3460728607877,-15.939899611631349,315.3726848537897,-24.33380830880432,302.180652,-21.221924
15.0,1.450558283611,280.0,277.03937062628813,-16.5352436900946,313.8995699555796,-24.63602817068077,300.398315,-21.4613626
15.0,1.450558283611,290.0,276.4811903409732,-17.071890617897598,312.0622584560465,-24.81016528297501,298.449315,-21.6240904
15.0,1.450558283611,300.0,275.70578078721627,-17.533009390197485,309.9583661675153,-24.85644653642053,296.41828,-21.7088594
15.0,1.450558283611,310.0,274.7541297272219,-17.90396731583842,307.6829105608022,-24.77836965697405,294.388513,-21.7165454
15.0,1.450558283611,320.0,273.6695011117495,-18.171246923102814,305.34325916028337,-24.58687118161588,292.447844,-21.6522329
15.0,1.450558283611,330.0,272.49435552579587,-18.326785195686742,303.0460258830642,-24.29693154511628,290.682927,-21.5242646
15.0,1.450558283611,340.0,271.26890430922236,-18.365599817670642,300.89288903062146,-23.92662524780889,289.16846,-21.3419681
15.0,1.450558283611,350.0,270.02953772537035,-18.285632940711196,298.96014296442286,-23.49205723350528,287.969884,-21.1163091
15.0,1.536427986098,0.0,286.18130197288326,-19.153662814363955,316.0869960907364,-24.2880955871136,305.431588,-22.0527214
15.0,1.536427986098,10.0,284.5758086270589,-18.759159205154443,314.23008964768377,-23.67344613010244,304.637769,-21.6993803
15.0,1.536427986098,20.0,283.0960933065411,-18.268212619500837,312.79500548360767,-23.045776785724872,304.267653,-21.3366347
15.0,1.536427986098,30.0,281.72326274551546,-17.6940523202869,311.7487817779518,-22.422221626402955,304.315606,-20.9720878
15.0,1.536427986098,40.0,280.4800275788206,-17.054851312691667,311.0730951517774,-21.812746623867145,304.755908,-20.6113623
15.0,1.536427986098,50.0,279.3882396717985,-16.370965110010932,310.71523495042004,-21.221159398244943,305.54119,-20.2578853
15.0,1.536427986098,60.0,278.4483781277305,-15.662413256154124,310.6304151355485,-20.65473018617342,306.613318,-19.9149325
15.0,1.536427986098,70.0,277.5575664326055,-14.94182730626595,310.8042184794763,-20.11656776313969,307.903511,-19.5856477
15.0,1.536427986098,80.0,276.92516295385377,-14.250601164274263,311.1676495773817,-19.616800111279783,309.33786,-19.273415
15.0,1.536427986098,90.0,276.57576846362537,-13.608712219940262,312.36841738178856,-19.30738467734379,310.848989,-18.9833347
15.0,1.536427986098,100.0,276.5032690169036,-13.029389314446988,313.10217647981204,-18.93353667597289,312.38729,-18.7236127
15.0,1.536427986098,110.0,276.6368721345376,-12.521547149184476,314.0259059406824,-18.645015058411616,313.919437,-18.5044542
15.0,1.536427986098,120.0,277.08708051152905,-12.107865878457561,315.1816302886271,-18.460717101943697,315.438302,-18.3396446
15.0,1.536427986098,130.0,277.8700786974676,-11.800486734489212,316.61212991314363,-18.397453448271907,316.934839,-18.2395749
15.0,1.536427986098,140.0,278.9797886476379,-11.607655957309762,318.353225053402,-18.46918619776204,318.410618,-18.2147539
15.0,1.536427986098,150.0,280.4137462446271,-11.537507191954958,320.40780473993567,-18.682794074503416,319.871618,-18.2744619
15.0,1.536427986098,160.0,282.1188462413256,-11.589376772518706,322.74521216400206,-19.038678095688145,321.309051,-18.4232199
15.0,1.536427986098,170.0,284.0290615765206,-11.759874608333932,325.28996516539274,-19.52855658644344,322.702625,-18.6618457
15.0,1.536427986098,180.0,286.0766767597751,-12.044322370715639,327.9434128519094,-20.13866800036685,324.012817,-18.9855663
15.0,1.536427986098,190.0,288.1836993433064,-12.434855235406271,330.5825784201651,-20.848216289584613,325.174405,-19.3824524
15.0,1.536427986098,200.0,290.2661837013465,-12.92051001959468,333.06924132191284,-21.63040093886505,326.123939,-19.8379944
15.0,1.536427986098,210.0,292.2392609524103,-13.487404075014826,335.29556988974,-22.45159814446829,326.790039,-20.3322815
15.0,1.536427986098,220.0,293.97275777826894,-14.115578176844044,337.1196234761581,-23.27343114283882,327.11754,-20.844557
15.0,1.536427986098,230.0,295.4139670335078,-14.788867829712983,338.4228820871986,-24.06876283727817,327.060791,-21.3518516
15.0,1.536427986098,240.0,296.53650610380686,-15.488010826328448,339.1332265581136,-24.80531898106602,326.596592,-21.8324281
15.0,1.536427986098,250.0,297.30207944124083,-16.19177494850166,339.2310467196468,-25.457454916038767,325.718992,-22.2655943
15.0,1.536427986098,260.0,297.6806649204825,-16.877831922001793,338.7455280500523,-25.991452478222453,324.45712,-22.6374898
15.0,1.536427986098,270.0,297.5325706620971,-17.51360943821118,337.672900864988,-26.395542828322835,322.850106,-22.9351969
15.0,1.536427986098,280.0,297.0346136761554,-18.091944324804942,336.07363465374937,-26.661111912302243,320.95199,-23.1487174
15.0,1.536427986098,290.0,296.24759252245235,-18.600657537888527,334.0229351869503,-26.78050447572856,318.831046,-23.2720787
15.0,1.536427986098,300.0,295.2191375368757,-19.025162027238927,331.6279849036575,-26.75607404785624,316.575418,-23.3054408
15.0,1.536427986098,310.0,293.96520716979757,-19.34531867004119,328.9887287006639,-26.59274447667922,314.273129,-23.2514879
15.0,1.536427986098,320.0,292.57964796022543,-19.55299799056641,326.22207339818834,-26.30430466392629,312.026276,-23.1190268
15.0,1.536427986098,330.0,291.0668856708588,-19.639213360126682,323.4443995972807,-25.908531778355297,309.92384,-22.9172937
15.0,1.536427986098,340.0,289.46668490408894,-19.600307363029934,320.7722473225302,-25.42740053766181,308.053534,-22.6587258
15.0,1.536427986098,350.0,287.8247343751283,-19.436934976858346,318.2931124560425,-24.88012913804668,306.495174,-22.3575
15.0,1.619965586583,0.0,302.95304050093097,-20.368452192434297,333.4527635595284,-25.57698576051856,323.087869,-23.413971
15.0,1.619965586583,10.0,300.9440742253154,-19.888091702463036,331.0475802317721,-24.84916131292832,321.941397,-22.988289
15.0,1.619965586583,20.0,299.1200472601898,-19.318471006685527,329.11091780584866,-24.11783737910534,321.251535,-22.5603208
15.0,1.619965586583,30.0,297.4286150922882,-18.67119521915261,327.60061532442484,-23.40353921103576,321.022482,-22.1391836
15.0,1.619965586583,40.0,295.89943656944814,-17.966108716851846,326.50883467527007,-22.71715024257803,321.23416,-21.7311196
15.0,1.619965586583,50.0,294.56129158701157,-17.22499429005832,325.7991773432136,-22.065214405813936,321.846255,-21.3405533
15.0,1.619965586583,60.0,293.30967057985606,-16.46242471644506,325.46289219638805,-21.453271199402792,322.804661,-20.9716071
15.0,1.619965586583,70.0,292.064546797651,-15.695931241331799,325.4879637577739,-20.88273723807937,324.036143,-20.6270722
15.0,1.619965586583,80.0,291.14982245340826,-14.973288748484022,325.7828209467555,-20.37238452781064,325.464508,-20.3106254
15.0,1.619965586583,90.0,290.6602626951126,-14.325227275231736,327.0264435322792,-20.0763091156883,327.024379,-20.0281194
15.0,1.619965586583,100.0,290.5238523527349,-13.75259707319248,327.8735545749526,-19.728813646757327,328.665109,-19.7876874
15.0,1.619965586583,110.0,290.5792914977019,-13.25760211115896,329.0076573256907,-19.485370686552105,330.350816,-19.5988473
15.0,1.619965586583,120.0,291.0735853975661,-12.871990323870463,330.464010855454,-19.363380850596045,332.07478,-19.4748883
15.0,1.619965586583,130.0,292.0169120836034,-12.60651649213942,332.27797805800327,-19.378302129375125,333.829392,-19.4261306
15.0,1.619965586583,140.0,293.4014411856808,-12.468567928324129,334.4854522326018,-19.5446163364954,335.612431,-19.4620579
15.0,1.619965586583,150.0,295.1989560196853,-12.462080987181402,337.0682305942361,-19.865805432667216,337.419478,-19.5902314
15.0,1.619965586583,160.0,297.3599370932044,-12.587477975871309,339.9670727790298,-20.337759303361526,339.231947,-19.8141007
15.0,1.619965586583,170.0,299.8350870862165,-12.844898583500232,343.0870204134137,-20.949586669824505,341.014546,-20.132596
15.0,1.619965586583,180.0,302.50400539993916,-13.222480560173071,346.3021700413253,-21.68291053105853,342.704863,-20.5378592
15.0,1.619965586583,190.0,305.258716381341,-13.70878733256614,349.46912054953697,-22.51319279653653,344.228701,-21.016732
15.0,1.619965586583,200.0,307.9975189424084,-14.29113130897619,352.4503434331688,-23.41237174767824,345.502485,-21.5502886
15.0,1.619965586583,210.0,310.54728185941724,-14.950177672670437,355.16390272299924,-24.32738413418018,346.450522,-22.1162329
15.0,1.619965586583,220.0,312.7246439544493,-15.657614515906223,357.37177717141543,-25.23245642233591,347.012897,-22.6903368
15.0,1.619965586583,230.0,314.57302238504025,-16.40171637745905,358.9789578534615,-26.09611148913924,347.144306,-23.246929
15.0,1.619965586583,240.0,316.0243450209556,-17.159400619042795,359.9045247821191,-26.88309358469381,346.814932,-23.7617663
15.0,1.619965586583,250.0,317.03104192031066,-17.906986385105878,360.16779760266945,-27.558695950783232,346.019924,-24.2147978
15.0,1.619965586583,260.0,317.2948085367206,-18.60328775953089,359.762483455158,-28.093019481442965,344.77587,-24.589999
15.0,1.619965586583,270.0,317.0264612527699,-19.238788252745618,358.66801109217727,-28.48055131631877,343.119487,-24.8743659
15.0,1.619965586583,280.0,316.3368445328934,-19.79930357815141,356.9492851663703,-28.70967427508156,341.109675,-25.0597538
15.0,1.619965586583,290.0,315.3458447714024,-20.284136811140254,354.6918628268266,-28.77500274655402,338.813353,-25.1406608
15.0,1.619965586583,300.0,314.0644294647471,-20.670570100843918,352.00475450955946,-28.67939456041526,336.323593,-25.1190906
15.0,1.619965586583,310.0,312.57404452077725,-20.94284200209408,348.9904544917251,-28.42874665685874,333.737744,-25.0003319
15.0,1.619965586583,320.0,310.9042712312135,-21.090981932606535,345.7871917538717,-28.04238679738096,331.162444,-24.7946538
15.0,1.619965586583,330.0,309.0498436668005,-21.10615769501427,342.5167952938168,-27.53997166234561,328.702413,-24.5149197
15.0,1.619965586583,340.0,307.07066834470214,-20.987869888384218,339.3038912459981,-26.945836853454285,326.457319,-24.176217
15.0,1.619965586583,350.0,305.021928237491,-20.739534595358244,336.2518205706496,-26.283294872017027,324.517369,-23.7947141
15.0,1.700535313487,0.0,319.21954672676446,-21.742341301519083,350.12134898132143,-27.00945336469092,339.403652,-24.7743316
15.0,1.700535313487,10.0,316.74204657127734,-21.170043571955173,347.1513534541785,-26.16979932421033,337.893647,-24.2747752
15.0,1.700535313487,20.0,314.59756487585906,-20.522314868304857,344.6965178053853,-25.33075280991859,336.875443,-23.7802039
15.0,1.700535313487,30.0,312.6131011997222,-19.8027038975627,342.71309197534424,-24.522569772721653,336.362054,-23.3010455
15.0,1.700535313487,40.0,310.82471833081064,-19.03264400990368,341.2039719766323,-23.75776179987747,336.341109,-22.8447239
15.0,1.700535313487,50.0,309.2674251509675,-18.235263202442656,340.13413288314126,-23.0423720816984,336.780089,-22.4169334
15.0,1.700535313487,60.0,307.77822799296405,-17.423229627812447,339.56466563114674,-22.381111386678256,337.621187,-22.0212116
15.0,1.700535313487,70.0,306.1914325577855,-16.61091281890103,339.4353229170728,-21.778485709465112,338.792064,-21.6614905
15.0,1.700535313487,80.0,304.94548944553793,-15.845874999904678,339.67207424482825,-21.257459436881465,340.214024,-21.3415906
15.0,1.700535313487,90.0,304.26518828939845,-15.180346784577322,340.9613638271352,-20.97435069849776,341.820548,-21.0674947
15.0,1.700535313487,100.0,304.0920193222069,-14.61491484865842,341.9328591673982,-20.654280346234085,343.559769,-20.8469848
15.0,1.700535313487,110.0,304.1347317086397,-14.136102508588936,343.28016737785373,-20.45604631699287,345.398425,-20.6897264
15.0,1.700535313487,120.0,304.69680018090094,-13.778818136485768,345.0429833746992,-20.39800328781656,347.327105,-20.6079994
15.0,1.700535313487,130.0,305.8279160955117,-13.556099236856797,347.25493041730374,-20.495524754925075,349.335403,-20.6113073
15.0,1.700535313487,140.0,307.51770551496645,-13.474551283845614,349.9311126732321,-20.75963238551418,351.420906,-20.7091942
15.0,1.700535313487,150.0,309.7302673020071,-13.53705073371302,353.04030366469937,-21.192022529405605,353.566028,-20.9072531
15.0,1.700535313487,160.0,312.4032792282712,-13.742639039903956,356.5025649306513,-21.78559189412896,355.742313,-21.2081923
15.0,1.700535313487,170.0,315.44921607368707,-14.086418303181247,360.19673719562525,-22.525311544676185,357.895427,-21.6084224
15.0,1.700535313487,180.0,318.75874611076017,-14.559473492067958,363.9729779130165,-23.388595120583176,359.952128,-22.0985678
15.0,1.700535313487,190.0,322.2061199421828,-15.148868286843763,367.6730446527982,-24.34804576445993,361.82354,-22.6621709
15.0,1.700535313487,200.0,325.50180305747637,-15.826038199562399,371.2430921180755,-25.35412750722756,363.419037,-23.2770747
15.0,1.700535313487,210.0,328.44857331861175,-16.56510203058946,374.433882018803,-26.371950414756284,364.660343,-23.9173944
15.0,1.700535313487,220.0,331.1017275816708,-17.356090920156404,377.044588803175,-27.36823683642496,365.485058,-24.5549886
15.0,1.700535313487,230.0,333.3595674264407,-18.174112609301595,378.955047559951,-28.30367168993829,365.845489,-25.1624731
15.0,1.700535313487,240.0,335.1407766474858,-18.993076443542066,380.1397597428765,-29.13890489639237,365.695003,-25.7137977
15.0,1.700535313487,250.0,336.00848584392537,-19.764042282807942,380.634714905402,-29.827458781246083,365.017127,-26.1872596
15.0,1.700535313487,260.0,336.1446711967247,-20.472520527276444,380.2976154823048,-30.36576637445233,363.823433,-26.5664813
15.0,1.700535313487,270.0,335.75917976193335,-21.107785637941156,379.1698610130008,-30.73656969162709,362.146825,-26.8386197
15.0,1.700535313487,280.0,334.9281588227259,-21.659616525374446,377.3138642631158,-30.92748718621344,360.036123,-26.9941924
15.0,1.700535313487,290.0,333.778267264741,-22.128627104691162,374.8233050166594,-30.934880941623685,357.569817,-27.0310788
15.0,1.700535313487,300.0,332.3851089165585,-22.485185423427676,371.8176245912517,-30.764113757648044,354.841069,-26.9519458
15.0,1.700535313487,310.0,330.71418202790744,-22.712526217779793,368.4129022204877,-30.424574556628148,351.959244,-26.7651576
15.0,1.700535313487,320.0,328.74058640123883,-22.797756716011406,364.74568159033606,-29.9360486479592,349.038358,-26.4827733
15.0,1.700535313487,330.0,326.53694883488885,-22.739083659901336,360.9559270282372,-29.322976012774262,346.200621,-26.1214578
15.0,1.700535313487,340.0,324.17326829360866,-22.538804045624218,357.18106348891405,-28.61310207560612,343.560408,-25.6992723
15.0,1.700535313487,350.0,321.71452112465875,-22.203190526614183,353.53431998245,-27.83252590242698,341.219311,-25.234401
15.0,1.777523982538,0.0,337.31331944723354,-23.13680232149733,367.75667939188793,-28.29416641604671,357.446813,-26.1215632
15.0,1.777523982538,10.0,334.3531608455485,-22.46191992305312,364.2808257303075,-27.335086875392268,355.576826,-25.5441275
15.0,1.777523982538,20.0,331.7441363499067,-21.71625416838539,361.329792084696,-26.389058746698662,354.239598,-24.9801858
15.0,1.777523982538,30.0,329.3732484969536,-20.909122168449382,358.90007340682706,-25.487961342652525,353.45513,-24.4415378
15.0,1.777523982538,40.0,327.2350098727645,-20.06031601668112,356.995295160736,-24.64389775706269,353.213831,-23.9361955
15.0,1.777523982538,50.0,325.3729808161203,-19.194670272715044,355.595620766878,-23.86499289969882,353.483572,-23.4700355
15.0,1.777523982538,60.0,323.59654764590636,-18.324304877362714,354.8388682244988,-23.150480134737705,354.208033,-23.047534
15.0,1.777523982538,70.0,321.75773134484444,-17.46556313242313,354.54391542593066,-22.51728467167217,355.31282,-22.6725085
15.0,1.777523982538,80.0,320.3366300494577,-16.668542408995883,354.71611032792725,-21.98753813171736,356.718754,-22.3485689
15.0,1.777523982538,90.0,319.4180047508763,-15.960631194581016,356.0436229523403,-21.71662940790177,358.366386,-22.0827388
15.0,1.777523982538,100.0,319.24376890811305,-15.393594573363316,357.1305730123384,-21.423982447503025,360.19948,-21.8813614
15.0,1.777523982538,110.0,319.39398071508595,-14.929670990588711,358.6874319957639,-21.271160646786324,362.18921,-21.7545275
15.0,1.777523982538,120.0,320.15015612645783,-14.601820353448911,360.7527539334667,-21.27626541879859,364.324769,-21.7139696
15.0,1.777523982538,130.0,321.5820455406578,-14.424362925114934,363.3601062136853,-21.454873865369123,366.595447,-21.7693363
15.0,1.777523982538,140.0,323.67293678344834,-14.40326198110458,366.5095200606247,-21.815561099357968,368.989697,-21.9289739
15.0,1.777523982538,150.0,326.37606538231097,-14.54042209494361,370.1613914748968,-22.35919816046213,371.484769,-22.1984067
15.0,1.777523982538,160.0,329.6138652942935,-14.833510357410884,374.2039061010387,-23.07349385825504,374.039975,-22.578841
15.0,1.777523982538,170.0,333.27967864157586,-15.27577769762443,378.4957666362911,-23.94057981731572,376.589191,-23.0649851
15.0,1.777523982538,180.0,337.2419754326615,-15.855923678186924,382.8635592398288,-24.933963653677807,379.047101,-23.6449134
15.0,1.777523982538,190.0,341.22433762957144,-16.548512308185682,387.1656679913481,-26.021208962400824,381.312885,-24.2986063
15.0,1.777523982538,200.0,344.9298344264863,-17.322093602260864,391.3277106097249,-27.141361546432293,383.287887,-25.0003254
15.0,1.777523982538,210.0,348.41852525527287,-18.16833937330419,394.9869759158751,-28.267880155528392,384.880812,-25.7194032
15.0,1.777523982538,220.0,351.55411321744623,-19.060540824476984,397.98595239130486,-29.359242657589583,386.025163,-26.4260463
15.0,1.777523982538,230.0,354.2179545353025,-19.969868078557248,400.1905158841858,-30.37178071570277,386.646202,-27.0897791
15.0,1.777523982538,240.0,355.9877924872775,-20.847237949216833,401.6832004658365,-31.24509128551005,386.686716,-27.6828326
15.0,1.777523982538,250.0,356.8179125179342,-21.662436796033475,402.2768195815425,-31.96394941051217,386.120707,-28.1815512
15.0,1.777523982538,260.0,357.0245702521611,-22.40792776549317,401.9431104289918,-32.511404749427605,384.951792,-28.5676896
15.0,1.777523982538,270.0,356.6193337069143,-23.0600798573321,400.7111031385686,-32.866477254855255,383.212276,-28.8280485
15.0,1.777523982538,280.0,355.7841980147122,-23.63041218064602,398.6596080281088,-33.019663064848885,380.954646,-28.9538034
15.0,1.777523982538,290.0,354.6401393386754,-24.089258860511517,395.893267818124,-32.96947502210946,378.264362,-28.9441797
15.0,1.777523982538,300.0,353.0745172125438,-24.40924145490991,392.5364635262081,-32.72242983218743,375.243947,-28.8036939
15.0,1.777523982538,310.0,351.06700552541434,-24.575219926148222,388.71921792477104,-32.291427743241734,372.015389,-28.5434347
15.0,1.777523982538,320.0,348.70159961094583,-24.583946728719265,384.58191487752174,-31.698083644902287,368.710688,-28.1793325
15.0,1.777523982538,330.0,346.0636677672943,-24.436780521053887,380.2817851347677,-30.971691717346072,365.461367,-27.7300865
15.0,1.777523982538,340.0,343.2358928481311,-24.139418045258694,375.95985085690063,-30.14163683139741,362.401627,-27.2180543
15.0,1.777523982538,350.0,340.29556778581247,-23.701599208471052,371.7447642441837,-29.238320587134783,359.648351,-26.6646713
15.0,1.850345663479,0.0,354.7578536771752,-24.62425418987271,384.2977468717179,-29.588511737592924,373.963542,-27.3848706
15.0,1.850345663479,10.0,351.31623843672753,-23.842946694441938,380.2994213323309,-28.51384661631668,371.721712,-26.7265181
15.0,1.850345663479,20.0,348.14814228789766,-22.989160006121683,376.8550995720882,-27.459087925217915,370.052475,-26.0903795
15.0,1.850345663479,30.0,345.38417117652716,-22.09159550775082,373.9802838544785,-26.46317835242724,368.986014,-25.4905968
15.0,1.850345663479,40.0,342.8924058904277,-21.16210201607773,371.6909692747264,-25.540227029914764,368.51578,-24.9358481
15.0,1.850345663479,50.0,340.7252348897531,-20.227228688703264,369.9792857810956,-24.695134507427067,368.608658,-24.4317813
15.0,1.850345663479,60.0,338.7931361143407,-19.305687177632926,368.99697287271823,-23.931257347898534,369.207198,-23.9830183
15.0,1.850345663479,70.0,336.74542131130625,-18.402537369319344,368.5351547775488,-23.26769359828941,370.235465,-23.5930784
15.0,1.850345663479,80.0,335.1951724617588,-17.57616819925167,368.63225751326326,-22.72733125145573,371.618637,-23.2660676
15.0,1.850345663479,90.0,334.21045257975857,-16.85044784198529,369.9922117929686,-22.46778644073937,373.292806,-23.0076524
15.0,1.850345663479,100.0,333.86049848764776,-16.24784624997282,371.187919938545,-22.20143861424282,375.20976,-22.8252252
15.0,1.850345663479,110.0,334.2432306789457,-15.80742993440849,372.9452716958727,-22.09237131985473,377.33963,-22.7282114
15.0,1.850345663479,120.0,335.2320272877835,-15.511775149388505,375.3099640556093,-22.16022191140611,379.675336,-22.7291024
15.0,1.850345663479,130.0,336.99487636305344,-15.382586113525475,378.3226097146521,-22.42227967262216,382.200366,-22.8366119
15.0,1.850345663479,140.0,339.5075081009185,-15.425207764362531,381.9554120922804,-22.88218521526824,384.90013,-23.0592788
15.0,1.850345663479,150.0,342.7115488237358,-15.640586379757826,386.1627417961112,-23.540572934833023,387.74455,-23.4019123
15.0,1.850345663479,160.0,346.5139474602123,-16.025001574984703,390.8124949322098,-24.382364374156072,390.688951,-23.8657111
15.0,1.850345663479,170.0,350.7891709133996,-16.569800381717908,395.731627285382,-25.384520067345463,393.652957,-24.4428119
15.0,1.850345663479,180.0,355.2379327173274,-17.250135788890802,400.7259942213948,-26.51720245243972,396.533587,-25.1170326
15.0,1.850345663479,190.0,359.6000975763903,-18.03967920496955,405.7337301298135,-27.728893112012862,399.227148,-25.8661813
15.0,1.850345663479,200.0,363.8699789359056,-18.927214604561065,410.4444202694297,-28.97518925975044,401.619661,-26.6593457
15.0,1.850345663479,210.0,367.88062115409724,-19.885184513330305,414.57728053296665,-30.216323490394974,403.617152,-27.4638648
15.0,1.850345663479,220.0,371.47675287216407,-20.882723211646564,417.95963679392224,-31.406356768499453,405.117139,-28.2450093
15.0,1.850345663479,230.0,374.21772217548573,-21.86887407541104,420.5458542237097,-32.48089700821936,406.027999,-28.9701443
15.0,1.850345663479,240.0,375.9151671562329,-22.803115354304587,422.2526602801977,-33.39997466889176,406.282646,-29.609263
15.0,1.850345663479,250.0,376.91758485379506,-23.676865173932086,422.9172466976356,-34.148464659278126,405.840792,-30.1355655
15.0,1.850345663479,260.0,377.2050512257139,-24.46128561945834,422.54765424783614,-34.70058192147284,404.704419,-30.5300758
15.0,1.850345663479,270.0,376.92993161995,-25.161856197914304,421.18117925671805,-35.03594421049888,402.900184,-30.7779897
15.0,1.850345663479,280.0,376.30964706799637,-25.75223246866802,418.9114049594637,-35.1476574264927,400.490015,-30.8722141
15.0,1.850345663479,290.0,375.0501317262744,-26.18985242264589,415.8474055798218,-35.03493801082033,397.563761,-30.812655
15.0,1.850345663479,300.0,373.1938723723691,-26.460887073534412,412.12778186953807,-34.707711402877415,394.23789,-30.6066382
15.0,1.850345663479,310.0,370.8298883953265,-26.559570693336486,407.90070171463896,-34.1834666882898,390.644653,-30.2674066
15.0,1.850345663479,320.0,368.0548090685125,-26.4855983692828,403.2920949662557,-33.48166531739751,386.934925,-29.8150992
15.0,1.850345663479,330.0,364.9671510840089,-26.24372830879923,398.48019115454014,-32.63750342582948,383.256907,-29.2723198
15.0,1.850345663479,340.0,361.66280659512637,-25.843308946886467,393.6195173187444,-31.68441226236993,379.757979,-28.6644325
15.0,1.850345663479,350.0,358.232009908099,-25.297791033208348,388.84719225687473,-30.655849298757506,376.574501,-28.017184
15.0,1.918446139346,0.0,370.49819222944274,-26.103701971052214,398.39458401234725,-30.72703270596954,388.219821,-28.531173
15.0,1.918446139346,10.0,366.58848745460324,-25.215718395611056,393.8888794680189,-29.541614886610944,385.589288,-27.7883951
15.0,1.918446139346,20.0,362.82042488578435,-24.250376246791983,389.977312481049,-28.382951847753123,383.575672,-27.0781705
15.0,1.918446139346,30.0,359.6813723815565,-23.264439369636918,386.6748543465014,-27.29572279793176,382.212399,-26.4152837
15.0,1.918446139346,40.0,356.85715685796805,-22.257342766045475,384.0039376058578,-26.294815660382245,381.497788,-25.8093948
15.0,1.918446139346,50.0,354.4088045085608,-21.257237303639858,382.0041831467721,-25.38663492266761,381.400619,-25.2666141
15.0,1.918446139346,60.0,352.39583985905904,-20.29211825527101,380.7801078278703,-24.575392698836925,381.857645,-24.7902817
15.0,1.918446139346,70.0,350.2060619079692,-19.351731867145695,380.1515894313749,-23.88289806249712,382.797646,-24.385014
15.0,1.918446139346,80.0,348.560797711841,-18.50157411802529,380.1597813628518,-23.33059924094248,384.139051,-24.053073
15.0,1.918446139346,90.0,347.56615314452625,-17.767632903847705,381.5399264715241,-23.08161995366301,385.830049,-23.8020811
15.0,1.918446139346,100.0,347.2857768323477,-17.170957715270365,382.8305286052055,-22.84064408039057,387.818101,-23.6380046
15.0,1.918446139346,110.0,347.768354745465,-16.729144148794926,384.779924938733,-22.77571241506021,390.079711,-23.5712185
15.0,1.918446139346,120.0,348.95617476983506,-16.458256352837783,387.4379127357974,-22.90726486011099,392.603966,-23.6134018
15.0,1.918446139346,130.0,351.0624170801407,-16.38127532559369,390.84040543044426,-23.25208559608677,395.382339,-23.775194
15.0,1.918446139346,140.0,354.00107693059,-16.491014647175735,394.9573484902064,-23.81406585604687,398.390495,-24.0638561
15.0,1.918446139346,150.0,357.7018646220724,-16.78742881067203,399.7217518345247,-24.59056410608849,401.593368,-24.4840101
15.0,1.918446139346,160.0,362.0564649871492,-17.265388308106395,404.9759452649184,-25.5626431940826,404.936546,-25.0354611
15.0,1.918446139346,170.0,366.70999486036084,-17.89829822926166,410.51879870023896,-26.70262121328877,408.332381,-25.7085762
15.0,1.918446139346,180.0,371.55680268722824,-18.674249156836314,416.1621075042573,-27.97283718550524,411.664896,-26.4836164
15.0,1.918446139346,190.0,376.4761453304628,-19.5761277000405,421.831857624504,-29.310600250563063,414.813411,-27.3329595
15.0,1.918446139346,200.0,381.2789787430988,-20.577037260017935,427.0603368734664,-30.67941096246864,417.664701,-28.2235668
15.0,1.918446139346,210.0,385.77907179237985,-21.645488252958568,431.63565593912114,-32.03066778526027,420.091809,-29.1172457
15.0,1.918446139346,220.0,389.5133004077868,-22.729428229496648,435.3780057096108,-33.3071231693983,421.973284,-29.9776686
15.0,1.918446139346,230.0,392.1685907844937,-23.779956330857004,438.330852304335,-34.42989916445975,423.192458,-30.767185
15.0,1.918446139346,240.0,394.1036485891877,-24.786699600530852,440.1619428490458,-35.38995387223344,423.672389,-31.4535847
15.0,1.918446139346,250.0,395.31750708354195,-25.72778265893918,440.86885513514113,-36.16021902424127,423.361597,-32.0074551
15.0,1.918446139346,260.0,395.84825527688645,-26.57862551312114,440.43379968605313,-36.70792780018392,422.260836,-32.409181
15.0,1.918446139346,270.0,395.9390117843274,-27.320804000126984,438.9254149578972,-37.01870629922405,420.397253,-32.643888
15.0,1.918446139346,280.0,395.2135553300665,-27.902310677878752,436.4410287355472,-37.08607132274992,417.830837,-32.7037149
15.0,1.918446139346,290.0,393.73312349202627,-28.306598473314622,433.10256715298016,-36.91210758759963,414.66566,-32.5911254
15.0,1.918446139346,300.0,391.5819736277572,-28.523783108753584,429.0540861997917,-36.50827621232553,411.033799,-32.3167747
15.0,1.918446139346,310.0,388.8601766929087,-28.550517994517534,424.4436485925248,-35.89275167369753,407.072165,-31.894892
15.0,1.918446139346,320.0,385.67658112107944,-28.38957943543259,419.4087172343258,-35.08864215725895,402.95006,-31.3502574
15.0,1.918446139346,330.0,382.14259195528956,-28.049268964400586,414.1280591943205,-34.1325886421194,398.830024,-30.7088466
15.0,1.918446139346,340.0,378.3672418092106,-27.542732850459327,408.76475166953855,-33.06110911452302,394.879215,-30.0007292
15.0,1.918446139346,350.0,374.45382929618114,-26.887274519407033,403.4703584076569,-31.912203188280472,391.249358,-29.2550498
15.0,1.981307124396,0.0,383.98417388158475,-27.46100374843151,409.1431513271592,-31.519776589431032,399.598851,-29.4302038
15.0,1.981307124396,10.0,379.61896852971046,-26.46724101813877,404.1946757265,-30.232531430925743,396.583992,-28.6037131
15.0,1.981307124396,20.0,375.427055831272,-25.406526688336374,399.8503762937471,-28.981348687917585,394.228564,-27.8202651
15.0,1.981307124396,30.0,371.7988850269488,-24.32991243244479,396.1429134933246,-27.81175513676061,392.567086,-27.0945846
15.0,1.981307124396,40.0,368.656339762811,-23.24837650811132,393.1114311942691,-26.74157611703397,391.602649,-26.4373963
15.0,1.981307124396,50.0,365.9445016832933,-22.187402200544543,390.8573452350891,-25.773486681325185,391.306703,-25.8552842
15.0,1.981307124396,60.0,363.7305161708187,-21.176003064556465,389.3894960799371,-24.91959060642684,391.616271,-25.3520453
15.0,1.981307124396,70.0,361.5908627688395,-20.214395600738104,388.59852281901095,-24.20276527970721,392.451122,-24.930181
15.0,1.981307124396,80.0,359.88166493963524,-19.34743535912236,388.5078208620066,-23.63969217686632,393.744852,-24.594723
15.0,1.981307124396,90.0,358.9089662114166,-18.61253269609585,389.8986001843194,-23.401580468628925,395.436738,-24.3506313
15.0,1.981307124396,100.0,358.7374298725203,-18.030431130923805,391.2805752403424,-23.18731794619257,397.483407,-24.2051026
15.0,1.981307124396,110.0,359.4143370089151,-17.61828846342183,393.4222613452743,-23.167934059914,399.867662,-24.1692685
15.0,1.981307124396,120.0,360.9631164464219,-17.38933965422869,396.3725638848047,-23.363632017902347,402.575075,-24.2539219
15.0,1.981307124396,130.0,363.3317481743313,-17.349159750543134,400.1706255438036,-23.792332612258168,405.599495,-24.4704837
15.0,1.981307124396,140.0,366.6193286533315,-17.516620105693423,404.7760601282432,-24.45664812214869,408.915164,-24.8265466
15.0,1.981307124396,150.0,370.73888331414605,-17.8916580196465,410.1011903638864,-25.35099455564004,412.48182,-25.3264525
15.0,1.981307124396,160.0,375.4182547766938,-18.448903951810966,415.9582858732574,-26.45170161514375,416.230263,-25.9674201
15.0,1.981307124396,170.0,380.54235741478675,-19.178838325088346,422.1076317157972,-27.724209760058404,420.063166,-26.7377777
15.0,1.981307124396,180.0,385.9299689488526,-20.062947478375303,428.4041243684149,-29.115340234370496,423.851879,-27.6137128
15.0,1.981307124396,190.0,391.3813978061659,-21.07661574623334,434.6252893133454,-30.57584419167608,427.467796,-28.5639422
15.0,1.981307124396,200.0,396.68909624391995,-22.189467104536817,440.3152693641535,-32.05232456276452,430.78201,-29.5511972
15.0,1.981307124396,210.0,401.41018792997863,-23.352165424322678,445.24915962948745,-33.49209078764944,433.632638,-30.5327502
15.0,1.981307124396,220.0,405.0499680766341,-24.50552105793162,449.3561775396584,-34.81674562613416,435.878431,-31.4687134
15.0,1.981307124396,230.0,408.05396612614686,-25.651410855537087,452.47489112575,-35.985305945660905,437.387533,-32.318258
15.0,1.981307124396,240.0,410.30275377285284,-26.747498479489764,454.36415394286365,-36.96742750846233,438.070104,-33.0463212
15.0,1.981307124396,250.0,411.8090853544884,-27.757574143245343,455.04994470455887,-37.74095763803427,437.87853,-33.6241383
15.0,1.981307124396,260.0,412.77774576029316,-28.66589016542399,454.51351327046245,-38.27189547714159,436.799217,-34.028877
15.0,1.981307124396,270.0,412.8082774974071,-29.414050440332023,452.8519323807416,-38.551647503421776,434.864945,-34.2466008
15.0,1.981307124396,280.0,411.936038017125,-29.978777428129998,450.1664979668019,-38.57478568158672,432.14945,-34.2717119
15.0,1.981307124396,290.0,410.2286702929477,-30.344225343804094,446.5892568271245,-38.3458220697711,428.758675,-34.106716
15.0,1.981307124396,300.0,407.7790494124522,-30.50217702173416,442.2609713996903,-37.87428462324881,424.835022,-33.7645558
15.0,1.981307124396,310.0,404.69761938669654,-30.45179981379822,437.330164945999,-37.18081086003357,420.531573,-33.2633127
15.0,1.981307124396,320.0,401.1049089774367,-30.19906589900813,431.9324115870373,-36.288774909438175,416.019878,-32.6288125
15.0,1.981307124396,330.0,397.1248946094809,-29.755959786861148,426.2515397384066,-35.236948182066875,411.484086,-31.8924187
15.0,1.981307124396,340.0,392.84651426745063,-29.132256927244253,420.449914859099,-34.06279386862869,407.101828,-31.0868696
15.0,1.981307124396,350.0,388.42754471103603,-28.35851941506373,414.6896988659577,-32.80806350359368,403.042643,-30.2453728
15.0,2.038450208578,0.0,395.051099857995,-28.574805005536174,415.6853021796547,-31.682365057696448,407.53657,-29.8759307
15.0,2.038450208578,10.0,390.19926491770093,-27.469277009008536,410.4391899913908,-30.30919298384021,404.180116,-28.9743935
15.0,2.038450208578,20.0,385.5463377308566,-26.30513394873957,405.74450382825216,-28.992443729047235,401.513236,-28.12361
15.0,2.038450208578,30.0,381.4126670213752,-25.131346894223586,401.7054689442634,-27.765040580865275,399.57637,-27.3395374
15.0,2.038450208578,40.0,377.9845672365441,-23.985678552841474,398.38444692257184,-26.646006527176628,398.382539,-26.6349336
15.0,2.038450208578,50.0,375.0051721066564,-22.866662053644955,395.9535205871812,-25.6232041332927,397.902082,-26.0167292
15.0,2.038450208578,60.0,372.5846966896328,-21.811878734600892,394.2566262859005,-24.73716347301284,398.063087,-25.4881849
15.0,2.038450208578,70.0,370.4058682616064,-20.828444296883703,393.3141417405182,-24.00480087275061,398.791346,-25.0525026
15.0,2.038450208578,80.0,368.63917314971684,-19.950295686426916,393.1156756187097,-23.43454109991733,400.023101,-24.7142759
15.0,2.038450208578,90.0,367.7001594315515,-19.22078043898211,394.5012274282504,-23.207136591568528,401.704925,-24.4786589
15.0,2.038450208578,100.0,367.6534933154123,-18.660006260567176,395.9571193479797,-23.018938033581104,403.799789,-24.3529396
15.0,2.038450208578,110.0,368.5437014204301,-18.284365651635387,398.27108988494274,-23.04259291630056,406.287599,-24.3467481
15.0,2.038450208578,120.0,370.3886731069847,-18.106246680083665,401.4991490217424,-23.29953364654811,409.167485,-24.4730124
15.0,2.038450208578,130.0,373.17358863287393,-18.1337020257786,405.67067234998166,-23.80610465096758,412.42575,-24.7418885
15.0,2.038450208578,140.0,376.8461529237826,-18.37003681992566,410.7431382375928,-24.565370608952914,416.037061,-25.1615953
15.0,2.038450208578,150.0,381.3139749370259,-18.81330562020085,416.5782897128735,-25.562737766010383,419.953806,-25.7360771
15.0,2.038450208578,160.0,386.4447650443912,-19.455753878546204,422.97927088336655,-26.77412628067964,424.095487,-26.4612249
15.0,2.038450208578,170.0,392.0697396565434,-20.283289651908603,429.6545249297637,-28.15520900394696,428.348206,-27.3222525
15.0,2.038450208578,180.0,397.9902575476072,-21.27511335319029,436.4333869867952,-29.6483420474204,432.565438,-28.2910166
15.0,2.038450208578,190.0,403.98731645467166,-22.403652953371157,443.0682383188274,-31.193555981670965,436.610323,-29.3330736
15.0,2.038450208578,200.0,409.76441665150486,-23.63094914380474,449.0832132153248,-32.73825306680573,440.331571,-30.4061143
15.0,2.038450208578,210.0,414.4179158830709,-24.876148904784763,454.24074230355126,-34.225913310865,443.545883,-31.4637799
15.0,2.038450208578,220.0,418.4735883692524,-26.136450624899258,458.4784304318957,-35.57285699381259,446.08894,-32.4615695
15.0,2.038450208578,230.0,421.7817451605227,-27.36799552964391,461.6307639320742,-36.747527345100615,447.822428,-33.3573192
15.0,2.038450208578,240.0,424.3075203963266,-28.53319437626832,463.4782272598557,-37.71897891885633,448.651531,-34.1149077
15.0,2.038450208578,250.0,426.3361463374959,-29.61882757005285,464.0731578131902,-38.47031340895038,448.527006,-34.7050188
15.0,2.038450208578,260.0,427.33883386949077,-30.552838492256527,463.4088989970178,-38.970052927494045,447.439952,-35.1058373
15.0,2.038450208578,270.0,427.31313953862315,-31.303846809018246,461.6010355916372,-39.21375494104301,445.429155,-35.3041385
15.0,2.038450208578,280.0,426.2973276969458,-31.848200522869877,458.7568894252029,-39.19734904355254,442.575688,-35.295566
15.0,2.038450208578,290.0,424.36450875582074,-32.17070964308334,455.0109351280758,-38.92613472248584,438.995708,-35.084756
15.0,2.038450208578,300.0,421.68272458872406,-32.27055101559192,450.4966564891213,-38.409864755358825,434.834092,-34.6852864
15.0,2.038450208578,310.0,418.33103618790324,-32.14599228640314,445.3524778746434,-37.66554878603625,430.245817,-34.116173
15.0,2.038450208578,320.0,414.28328523851326,-31.79197092059041,439.71954390509,-36.71861454267289,425.415801,-33.406516
15.0,2.038450208578,330.0,409.6728374546315,-31.219609127264057,433.7642922752975,-35.604883531268435,420.52963,-32.5886385
15.0,2.038450208578,340.0,404.908493124459,-30.480290301564192,427.6555124522524,-34.36401192782736,415.777973,-31.6984224
15.0,2.038450208578,350.0,399.993033720715,-29.58895548301251,421.556719295437,-33.03902526005866,411.346903,-30.772775
15.0,2.089440498517,0.0,403.58392273760904,-29.28905802336886,416.085525141976,-30.64324720814207,411.542437,-29.6373393
15.0,2.089440498517,10.0,398.1901002973803,-28.064598140128926,410.626116356329,-29.25174549056493,407.922217,-28.6762417
15.0,2.089440498517,20.0,393.01814947573206,-26.790672386355116,405.7235460720685,-27.92213271057672,405.009578,-27.7704477
15.0,2.089440498517,30.0,388.4486332392167,-25.522674029435905,401.49297961279336,-26.67307784051972,402.860786,-26.9393242
15.0,2.089440498517,40.0,384.6251062843423,-24.296501288008272,398.107161282147,-25.50583494842306,401.490027,-26.1969658
15.0,2.089440498517,50.0,381.33005585924724,-23.117097736229237,395.4819582127983,-24.47265782808698,400.84817,-25.550417
15.0,2.089440498517,60.0,378.6582294670659,-22.017574975594254,393.57714654876463,-23.57504450708431,400.869491,-25.0041247
15.0,2.089440498517,70.0,376.17010681488193,-20.999544507332434,392.4824145560909,-22.84038884584093,401.483118,-24.5601953
15.0,2.089440498517,80.0,374.3126613194467,-20.112248287731738,392.11559668938526,-22.291209133060963,402.635484,-24.2231903
15.0,2.089440498517,90.0,373.38437896999346,-19.391182496919782,393.4113059913347,-22.09538102510041,404.288327,-23.998952
15.0,2.089440498517,100.0,373.4502841964585,-18.855529895863103,394.8661569148709,-21.949823503921525,406.402648,-23.8921927
15.0,2.089440498517,110.0,374.5519950247249,-18.520627373562924,397.3116079808484,-22.01697655234049,408.973346,-23.9138396
15.0,2.089440498517,120.0,376.7012587456524,-18.397752317738103,400.8148689753836,-22.317681398505,412.004637,-24.0767189
15.0,2.089440498517,130.0,379.87403930143006,-18.49381460327914,405.3928015761797,-22.86476176391247,415.481206,-24.3906462
15.0,2.089440498517,140.0,384.0060317222371,-18.810914054802158,410.9810174605814,-23.665046014275955,419.372788,-24.8638098
15.0,2.089440498517,150.0,388.99043293837326,-19.345762491789838,417.26070144245,-24.73232652061624,423.61684,-25.4990799
15.0,2.089440498517,160.0,394.6786264531796,-20.08902280562677,424.1127260027261,-26.014846357629903,428.115946,-26.2911169
15.0,2.089440498517,170.0,400.8841515598631,-21.02467360125864,431.1842431400903,-27.45444497982776,432.730125,-27.2220539
15.0,2.089440498517,180.0,407.3899594093706,-22.129552005165554,438.2091880453679,-29.00929401538124,437.299361,-28.2623022
15.0,2.089440498517,190.0,413.95855850832226,-23.373244759309696,445.0041224047227,-30.58432989460305,441.66846,-29.3735602
15.0,2.089440498517,200.0,419.87217135676804,-24.690583713274272,451.1386702544434,-32.127641437514306,445.675112,-30.5088633
15.0,2.089440498517,210.0,424.9645786099868,-26.039741556067398,456.3302834624792,-33.596398250121446,449.127082,-31.6176483
15.0,2.089440498517,220.0,429.40320328773174,-27.39524081874089,460.37453359520623,-34.933369269737625,451.848614,-32.6530892
15.0,2.089440498517,230.0,433.0268884218507,-28.70953576896863,463.3569570289989,-36.06703261064191,453.694093,-33.571723
15.0,2.089440498517,240.0,436.144115633923,-29.967988295457364,465.0276377860933,-36.97966293709205,454.57575,-34.3389148
15.0,2.089440498517,250.0,438.33930255172766,-31.10382720068538,465.4454894930123,-37.67399280284968,454.450271,-34.9266162
15.0,2.089440498517,260.0,439.41363202589343,-32.06603418914048,464.622473179036,-38.12359561785419,453.313079,-35.3135096
15.0,2.089440498517,270.0,439.3632479747865,-32.82157543304401,462.68002787980623,-38.32595643378398,451.22536,-35.4914413
15.0,2.089440498517,280.0,438.22784986620366,-33.34614966362219,459.7286468104635,-38.27837346188047,448.266949,-35.4559277
15.0,2.089440498517,290.0,436.33626744022206,-33.64655433650793,455.9004563169135,-37.98597320036742,444.555912,-35.2122046
15.0,2.089440498517,300.0,433.4783814076928,-33.690770304481426,451.3263244038378,-37.45834176492455,440.23777,-34.7741655
15.0,2.089440498517,310.0,429.7149104767842,-33.47677647148022,446.1191603007092,-36.70668275435838,435.469898,-34.1615045
15.0,2.089440498517,320.0,425.1767547821767,-33.01426716739216,440.4195194871344,-35.75612780876273,430.434231,-33.4028847
15.0,2.089440498517,330.0,420.0067119444666,-32.32141541972553,434.37344752480016,-34.63793392189805,425.317585,-32.5307463
15.0,2.089440498517,340.0,414.5309639811282,-31.443917244753873,428.1529003270703,-33.392361040048485,420.314691,-31.581726
15.0,2.089440498517,350.0,409.07502697957915,-30.427424923996913,421.937909146516,-32.052814174147585,415.620607,-30.595221
15.0,2.133889927319,0.0,407.34538686382683,-29.54719276257878,407.33814470684297,-28.21734265695912,409.482506,-28.6941428
15.0,2.133889927319,10.0,401.41459061552723,-28.208189342172524,401.9015744818518,-26.883055684517743,405.820839,-27.7207477
15.0,2.133889927319,20.0,395.72403430350266,-26.829463618280947,397.1329130066048,-25.563959628772096,402.858433,-26.8017355
15.0,2.133889927319,30.0,390.78460766965844,-25.47763367691472,392.95830768785896,-24.323758760940024,400.639749,-25.9564344
15.0,2.133889927319,40.0,386.5553464683695,-24.17591361787952,389.46895961030174,-23.191766472919195,399.151129,-25.1990613
15.0,2.133889927319,50.0,382.9094213566482,-22.936759252081202,386.7046459860746,-22.19078844355704,398.358651,-24.5398268
15.0,2.133889927319,60.0,379.93878707253333,-21.796231594159654,384.4947255917028,-21.36550819117178,398.210896,-23.9842068
15.0,2.133889927319,70.0,377.03210080202547,-20.74431585346965,383.1443560708567,-20.69805822642672,398.658507,-23.5359426
15.0,2.133889927319,80.0,375.06956025988165,-19.853587852422617,382.6352812436915,-20.189785705060533,399.667487,-23.2002793
15.0,2.133889927319,90.0,374.1370961246613,-19.145935617065437,383.89137808176855,-20.009330601987656,401.218244,-22.9835293
15.0,2.133889927319,100.0,374.30004081784136,-18.639348879820822,385.3749533619895,-19.88837332049832,403.291903,-22.8914384
15.0,2.133889927319,110.0,375.5968710091917,-18.347877345368655,387.91308928707394,-19.981588611441747,405.898672,-22.9355573
15.0,2.133889927319,120.0,378.0328578333952,-18.281508683619126,391.5694409576179,-20.30824213188705,409.038589,-23.1268253
15.0,2.133889927319,130.0,381.5744246621335,-18.44589604249492,396.34293229051445,-20.877874120058635,412.706238,-23.4768616
15.0,2.133889927319,140.0,386.1450681606514,-18.841894243370422,402.17488512623385,-21.69175341223301,416.855097,-23.9915779
15.0,2.133889927319,150.0,391.62364041416987,-19.464912683449207,408.8420503132099,-22.72430412290172,421.401224,-24.6723362
15.0,2.133889927319,160.0,397.8456112444665,-20.30415435611195,416.0893209943858,-23.951822078447943,426.211208,-25.5102096
15.0,2.133889927319,170.0,404.60764168094744,-21.341871595551453,423.32168420849536,-25.373087923572086,431.11215,-26.4840947
15.0,2.133889927319,180.0,411.6754350922566,-22.552814716983885,430.41497683004985,-26.888347403777463,435.903482,-27.5588026
15.0,2.133889927319,190.0,418.79444048678397,-23.904065070587222,437.0243269414466,-28.430316066902108,440.408041,-28.6928758
15.0,2.133889927319,200.0,424.957406573895,-25.31086635405752,442.8981684925663,-29.92361854865265,444.455646,-29.8368268
15.0,2.133889927319,210.0,430.47915638954413,-26.75687988621911,447.8845871721357,-31.292243288273124,447.889681,-30.9411637
15.0,2.133889927319,220.0,435.2974402483396,-28.200985967978692,451.6629684693227,-32.5168802761474,450.544818,-31.9599305
15.0,2.133889927319,230.0,439.3534100853716,-29.600538979866332,454.24186196298047,-33.57949587549238,452.28737,-32.8525298
15.0,2.133889927319,240.0,442.88517832636063,-30.934240306637733,455.5172800708139,-34.433368983043884,453.041256,-33.587
15.0,2.133889927319,250.0,445.26375399139835,-32.11630473823416,455.6646563555242,-35.06046342775169,452.784399,-34.1401036
15.0,2.133889927319,260.0,446.43300370251495,-33.1039164446446,454.6882819701377,-35.444943160474985,451.535494,-34.4956171
15.0,2.133889927319,270.0,446.38642585643026,-33.862328996492536,452.6622944742121,-35.60518503521053,449.355616,-34.6455674
15.0,2.133889927319,280.0,445.4500512425799,-34.39104561450749,449.7035309112264,-35.541035872284,446.33228,-34.5878827
15.0,2.133889927319,290.0,443.42389051991626,-34.65208803149165,445.9264849255299,-35.25448942883204,442.580806,-34.3276993
15.0,2.133889927319,300.0,440.2715412651564,-34.6284455750768,441.458339079316,-34.75454855268703,438.243484,-33.8784962
15.0,2.133889927319,310.0,436.1293347263634,-34.32631380780901,436.3867173027612,-34.04685067827679,433.472847,-33.2589108
15.0,2.133889927319,320.0,431.15290546879476,-33.761881116816085,430.8449731619856,-33.154049524720214,428.435871,-32.493874
15.0,2.133889927319,330.0,425.48077252883763,-32.95384297222277,425.0161802044311,-32.0825133068565,423.321289,-31.6160917
15.0,2.133889927319,340.0,419.35672611190887,-31.944389060858146,419.0789799165854,-30.86617076470429,418.317339,-30.6612126
15.0,2.133889927319,350.0,413.37560553324096,-30.805979623603402,413.1090985763197,-29.55728294767118,413.60505,-29.6657731
15.0,2.171460207989,0.0,397.9729492855483,-29.233760511579725,381.5537646883442,-24.50813576947358,402.842634,-29.0719333
15.0,2.171460207989,10.0,391.8120958210663,-27.83659489269007,376.6159298516798,-23.274683130159204,399.117788,-28.0900274
15.0,2.171460207989,20.0,385.9048081068678,-26.40997097149937,372.126183476888,-22.083882941484067,396.084961,-27.1671368
15.0,2.171460207989,30.0,380.64922252394757,-25.013476319581933,368.11012511900896,-20.97239388762459,393.808786,-26.3242373
15.0,2.171460207989,40.0,376.2617098524205,-23.68960925912348,364.5448073772348,-19.993872297316628,392.30388,-25.5751596
15.0,2.171460207989,50.0,372.52871359901377,-22.448804442909722,361.65642530180895,-19.12149507408728,391.524359,-24.9269068
15.0,2.171460207989,60.0,369.53276541890773,-21.31843261621472,359.45505449346587,-18.363573799720324,391.416867,-24.3854418
15.0,2.171460207989,70.0,366.67881244489405,-20.28718984421715,358.0916476405952,-17.751575005722717,391.92592,-23.9546887
15.0,2.171460207989,80.0,364.75184998724853,-19.423978057061035,357.5714453316328,-17.29176003178531,393.005763,-23.6387415
15.0,2.171460207989,90.0,363.9044659667131,-18.753131483279553,358.74744245264884,-17.136811720796672,394.630684,-23.4444878
15.0,2.171460207989,100.0,364.1977397090736,-18.291026646182505,360.182801129359,-17.047043269786037,396.783275,-23.3795834
15.0,2.171460207989,110.0,365.6637564689978,-18.050123745160736,362.6873835909289,-17.153992594660185,399.452473,-23.452919
15.0,2.171460207989,120.0,368.29973085480606,-18.038913847167866,366.32561065793954,-17.474541244013796,402.644858,-23.6777725
15.0,2.171460207989,130.0,372.0629719278003,-18.261674309630592,371.0420393773495,-18.021253881516724,406.341533,-24.0636936
15.0,2.171460207989,140.0,376.867481020724,-18.717996304971752,376.7563737792721,-18.7939732233629,410.483277,-24.6138404
15.0,2.171460207989,150.0,382.5829023022646,-19.402102988324785,383.26249404160905,-19.765485226134235,414.992661,-25.3280547
15.0,2.171460207989,160.0,389.03636602007015,-20.302041212102015,390.3003648579484,-20.905975524078777,419.736077,-26.1926148
15.0,2.171460207989,170.0,396.01748802626884,-21.39889074194131,397.4569807778351,-22.156196370923634,424.566969,-27.1852332
15.0,2.171460207989,180.0,403.2864485281646,-22.666177802167343,404.3415848366897,-23.48259548204074,429.311398,-28.2694916
15.0,2.171460207989,190.0,410.1861191387586,-24.046206700964415,410.4918760002235,-24.86095167055589,433.814418,-29.4042166
15.0,2.171460207989,200.0,416.35189967037576,-25.488412908834242,415.8120097095587,-26.187323297240013,437.895274,-30.5420838
15.0,2.171460207989,210.0,421.99796740522373,-26.971185372826902,420.1403948514532,-27.42016174206306,441.352749,-31.6343486
15.0,2.171460207989,220.0,426.9202436460777,-28.44407949596467,423.3377312895739,-28.50283028552434,444.020965,-32.6369813
15.0,2.171460207989,230.0,431.507372345001,-29.89718751103096,425.489183542062,-29.402831393163293,445.775375,-33.5112559
15.0,2.171460207989,240.0,435.0885818304829,-31.24166162376453,426.43064168826686,-30.11624698266435,446.541833,-34.2258615
15.0,2.171460207989,250.0,437.489278072067,-32.42297033402863,426.2957601347716,-30.646705885858257,446.298416,-34.7581212
15.0,2.171460207989,260.0,438.65228111445424,-33.39766443385994,425.1307883967024,-30.97839203972103,445.060992,-35.0918494
15.0,2.171460207989,270.0,439.0469599760067,-34.171961928725636,423.0668721401557,-31.113718453032416,442.894822,-35.2200213
15.0,2.171460207989,280.0,438.1557305747628,-34.67404974474533,420.2200972868585,-31.0538554157582,439.892514,-35.1415152
15.0,2.171460207989,290.0,435.9967161908344,-34.88404418581518,416.68697104620986,-30.797918864725617,436.165645,-34.8609048
15.0,2.171460207989,300.0,432.6792376382634,-34.79860314303905,412.5903390007037,-30.35476966411045,431.84844,-34.3906588
15.0,2.171460207989,310.0,428.3260125759335,-34.42248378434206,407.99243631728086,-29.724601465226737,427.081243,-33.7477796
15.0,2.171460207989,320.0,423.0998761126474,-33.775290186344954,403.00522182223904,-28.92538529020129,422.034037,-32.9594732
15.0,2.171460207989,330.0,417.18906635045835,-32.888421698450365,397.7125168962137,-27.974032295260628,416.882371,-32.0568531
15.0,2.171460207989,340.0,410.77227961732547,-31.79698427458886,392.264924851166,-26.90541195905169,411.816426,-31.0765708
15.0,2.171460207989,350.0,404.2376422178734,-30.558872143305607,386.7811227456064,-25.741688947884565,407.037431,-30.0600231
15.0,2.201865408009,0.0,350.4951208480306,-27.224397952581437,332.7823024958992,-22.23149529081993,373.92971,-31.3179718
15.0,2.201865408009,10.0,344.86343357113145,-25.950895930176497,328.58714022406,-21.160782331457707,369.745838,-30.2316537
15.0,2.201865408009,20.0,339.8277592332753,-24.687793398549257,324.7262440767725,-20.11585372122695,366.181071,-29.2169951
15.0,2.201865408009,30.0,335.1699083277357,-23.442046943557123,321.2723549945665,-19.12126248401884,363.340735,-28.2997863
15.0,2.201865408009,40.0,331.0057440305141,-22.24776453806449,318.27664004506136,-18.205689244758435,361.27803,-27.4957889
15.0,2.201865408009,50.0,327.879610752294,-21.166989202251404,315.6882553965983,-17.42238800947322,360.009187,-26.8154409
15.0,2.201865408009,60.0,325.48962151795655,-20.197044914969215,313.727364022184,-16.74719815237302,359.49446,-26.2606294
15.0,2.201865408009,70.0,323.8534125169013,-19.357526784478438,312.50064130038965,-16.20308610337385,359.684381,-25.8328412
15.0,2.201865408009,80.0,323.0309934716708,-18.668665660009705,312.0374321426812,-15.799682921401857,360.528043,-25.5345817
15.0,2.201865408009,90.0,322.7055170688689,-18.12680216919229,313.0861874074883,-15.669595221155635,361.974499,-25.3688512
15.0,2.201865408009,100.0,323.2786082585289,-17.76742446203804,314.4137857040413,-15.602140442274944,363.97713,-25.3399161
15.0,2.201865408009,110.0,324.85240243910295,-17.605421969950186,316.6895648049311,-15.71947487707332,366.512144,-25.4564512
15.0,2.201865408009,120.0,327.4109692883546,-17.64696235386847,319.95782221730366,-16.0356966189099,369.571018,-25.7296279
15.0,2.201865408009,130.0,330.9046760743281,-17.894365757939816,324.1945426826513,-16.5550662051065,373.140992,-26.1679876
15.0,2.201865408009,140.0,335.2474756611503,-18.34556309002849,329.3076564986373,-17.271572076713284,377.205266,-26.777584
15.0,2.201865408009,150.0,340.29943744526656,-18.990331876156862,335.0971565488881,-18.162412408774923,381.730477,-27.5589001
15.0,2.201865408009,160.0,345.93148014876135,-19.821030877870136,341.31685954783507,-19.197247471524808,386.645017,-28.5026088
15.0,2.201865408009,170.0,351.46328431344205,-20.78990981216622,347.5169211828473,-20.346173492477845,391.827398,-29.5871836
15.0,2.201865408009,180.0,357.04242752835796,-21.89094898296887,353.3239599009728,-21.562650705565147,397.093531,-30.7764695
15.0,2.201865408009,190.0,362.52422147153516,-23.09630524803711,358.5636765768075,-22.762902492918965,402.201466,-32.0219213
15.0,2.201865408009,200.0,367.7123551173418,-24.369522833074836,363.0043344633394,-23.897817772165155,406.871353,-33.2660975
15.0,2.201865408009,210.0,372.83420026246046,-25.700542275121386,366.6073435145738,-24.92052898712957,410.841989,-34.4511794
15.0,2.201865408009,220.0,377.4351923432306,-27.026201710913757,369.2400987274497,-25.79832618907597,413.91071,-35.5261325
15.0,2.201865408009,230.0,381.2074222739682,-28.286337911300794,370.8715273933476,-26.53798822700545,415.936762,-36.4470579
15.0,2.201865408009,240.0,384.139048177028,-29.446709874203933,371.483288508641,-27.11732461262361,416.853942,-37.181597
15.0,2.201865408009,250.0,386.5663565850049,-30.502363902301187,371.18104202039353,-27.538146466602427,416.678269,-37.7101286
15.0,2.201865408009,260.0,387.84126047616513,-31.365228057439385,370.02589089911817,-27.791825218624894,415.490459,-38.024557
15.0,2.201865408009,270.0,387.94893423437594,-32.00373883396326,368.1403967310933,-27.88313894776445,413.395287,-38.1214513
15.0,2.201865408009,280.0,386.9171690117892,-32.39562775089026,365.6389056887279,-27.816984993754925,410.51327,-38.0027031
15.0,2.201865408009,290.0,384.81168965648925,-32.528871659738044,362.5926174772635,-27.59016970485096,406.974082,-37.6766775
15.0,2.201865408009,300.0,381.7299989948292,-32.40196583067519,359.1024571818329,-27.20926513727281,402.895791,-37.1552654
15.0,2.201865408009,310.0,377.79444056178005,-32.023551344492844,355.2189480522965,-26.67354769829124,398.387184,-36.4545369
15.0,2.201865408009,320.0,373.145150785271,-31.4114879814673,351.022803373695,-25.994661617776668,393.557064,-35.596988
15.0,2.201865408009,330.0,367.9334809730664,-30.59150339349499,346.56819960334246,-25.18278754601073,388.524019,-34.6116086
15.0,2.201865408009,340.0,362.31632660035405,-29.595567036071646,341.9774515526763,-24.26674264461509,383.439871,-33.5372571
15.0,2.201865408009,350.0,356.4516276768973,-28.460135340437926,337.32452866989865,-23.268765848165387,378.467744,-32.4144507
15.0,2.224874125444,0.0,259.6788660486476,-22.056307073055244,252.68215565295915,-19.57346311697889,291.388198,-29.030794
15.0,2.224874125444,10.0,255.81353027432192,-21.147886160000763,249.6362292353944,-18.79593734603872,288.457007,-28.0603879
15.0,2.224874125444,20.0,252.14145367301006,-20.229289007161743,246.8613788037967,-18.0152255104956,285.827821,-27.1437587
15.0,2.224874125444,30.0,248.75463182251997,-19.32713464905376,244.3327761328229,-17.261718601350953,283.550328,-26.3021859
15.0,2.224874125444,40.0,245.94559677268646,-18.48361592356993,242.1231353771713,-16.55727926295937,281.718854,-25.5558559
15.0,2.224874125444,50.0,243.82783433406132,-17.722720175892285,240.2984771575124,-15.908750933111946,280.411258,-24.9197195
15.0,2.224874125444,60.0,242.2142601562268,-17.04250248174843,238.9997260943381,-15.339246869575511,279.66431,-24.4014873
15.0,2.224874125444,70.0,241.1549789319265,-16.459751527424395,238.2118774636639,-14.878042005670643,279.490153,-24.0059226
15.0,2.224874125444,80.0,240.75387116793422,-15.993337961186402,237.9846164587743,-14.540041219073958,279.883548,-23.736417
15.0,2.224874125444,90.0,241.11115707340352,-15.659798889450247,238.85325042924987,-14.439597337495426,280.833711,-23.5971502
15.0,2.224874125444,100.0,242.05230984560197,-15.454663908919947,239.94219522561727,-14.397530328442263,282.327255,-23.5930131
15.0,2.224874125444,110.0,243.56102373848813,-15.383116277933462,241.7257722104457,-14.518276228628812,284.36671,-23.7330703
15.0,2.224874125444,120.0,245.5959864833074,-15.446015411161428,244.2337246604931,-14.813915801856233,286.955054,-24.0270989
15.0,2.224874125444,130.0,248.1274028484996,-15.647701854111252,247.43557110731132,-15.285549567694927,290.08492,-24.4827031
15.0,2.224874125444,140.0,251.08867756337344,-15.985466421698558,251.2452988197512,-15.92390472080658,293.730544,-25.1041519
15.0,2.224874125444,150.0,254.39466169300812,-16.453020510815552,255.49338280441663,-16.703663126668573,297.827432,-25.8879413
15.0,2.224874125444,160.0,257.94359539259364,-17.040200807977772,260.04899973710167,-17.59270594719786,302.253909,-26.8196807
15.0,2.224874125444,170.0,261.74691436239766,-17.742096672399775,264.6260518729494,-18.520221189536137,306.806497,-27.8683877
15.0,2.224874125444,180.0,265.71813866549246,-18.543888201761643,268.9197999334909,-19.458098169135408,311.213777,-28.9875762
15.0,2.224874125444,190.0,269.5966033204554,-19.414035809754854,272.69087004502944,-20.35691596531772,315.180749,-30.1218003
15.0,2.224874125444,200.0,273.2451869660242,-20.326164402036433,275.83611460430615,-21.179962987063966,318.465133,-31.2152152
15.0,2.224874125444,210.0,276.6424272744942,-21.260233573315492,278.3538155477392,-21.895935676394988,320.976545,-32.2273668
15.0,2.224874125444,220.0,279.9456506759043,-22.209872904010467,280.0932787455464,-22.506847261836537,322.692015,-33.1260627
15.0,2.224874125444,230.0,282.6580368949304,-23.110034624320136,281.0707304765288,-23.00458109754009,323.62186,-33.8849138
15.0,2.224874125444,240.0,284.69129811497356,-23.928446029349587,281.3090191815211,-23.381210358070344,323.781151,-34.4808345
15.0,2.224874125444,250.0,285.9705974210129,-24.633448265617186,280.89448358619256,-23.64118249376105,323.186527,-34.8937691
15.0,2.224874125444,260.0,286.42205748412783,-25.192092463843867,279.884038480689,-23.781709274645475,321.905176,-35.1178899
15.0,2.224874125444,270.0,286.1107746195864,-25.59354855022433,278.3659053682106,-23.80682014337244,320.030121,-35.155819
15.0,2.224874125444,280.0,285.06825291114035,-25.82495291874882,276.4462304530175,-23.726771324408816,317.661428,-35.0138523
15.0,2.224874125444,290.0,283.34631567503897,-25.879411248100514,274.1613259017017,-23.53528384272065,314.900025,-34.70169
15.0,2.224874125444,300.0,281.0167369045226,-25.75699506225787,271.59388301711255,-23.239442849493543,311.828577,-34.2279483
15.0,2.224874125444,310.0,278.16674679549004,-25.46447673270694,268.7662322783599,-22.836288239487725,308.520381,-33.602866
15.0,2.224874125444,320.0,274.8944592357737,-25.01471273317587,265.7429945871036,-22.334953226799826,305.042409,-32.8403797
15.0,2.224874125444,330.0,271.3045754838346,-24.42575462007575,262.5386331328969,-21.7365739351162,301.472826,-31.9623107
15.0,2.224874125444,340.0,267.50463349945665,-23.719779863233892,259.25685337082865,-21.06557939208879,297.917321,-31.0028608
15.0,2.224874125444,350.0,263.6019678943976,-22.921935440628403,255.93808184042663,-20.335079366464893,294.501687,-30.0055422
15.0,2.240311250063,0.0,153.62287724758318,-14.259411717248419,187.35151499762068,-25.007185607075275,182.717118,-22.8492554
15.0,2.240311250063,10.0,151.72165031056952,-13.775485490940904,187.13931252605616,-24.265173323402944,182.476943,-22.4485214
15.0,2.240311250063,20.0,149.95748631703495,-13.287730671411216,186.90820471198083,-23.533878821137808,182.285374,-22.0531338
15.0,2.240311250063,30.0,148.37502674361568,-12.810218104028236,186.43237951167453,-22.81817004560241,182.129619,-21.6739026
15.0,2.240311250063,40.0,146.98663592395204,-12.352611990530963,185.87448740378383,-22.152411204729464,182.050857,-21.3232544
15.0,2.240311250063,50.0,145.84589065974683,-11.929381868276577,185.06988620060736,-21.540258121208087,182.110479,-21.0136939
15.0,2.240311250063,60.0,144.99588884217823,-11.55286265073162,184.6011870608993,-21.03364912816267,182.353145,-20.7555723
15.0,2.240311250063,70.0,144.46321679967943,-11.232550527708563,184.3020759726423,-20.6061802145244,182.808917,-20.5587177
15.0,2.240311250063,80.0,144.2910462573027,-10.978390267379801,184.2925912368732,-20.29818070024613,183.494917,-20.4328751
15.0,2.240311250063,90.0,144.58963116691513,-10.804891102345701,185.07533168849423,-20.24651203624621,184.421674,-20.3884122
15.0,2.240311250063,100.0,145.2103112051743,-10.704229182603624,186.0156825745865,-20.25705038789812,185.59206,-20.4339348
15.0,2.240311250063,110.0,146.14151597883225,-10.679194581423967,187.46983010041853,-20.447140246272745,187.00343,-20.5767763
15.0,2.240311250063,120.0,147.36310320776994,-10.731185208896147,189.4449540991844,-20.825553701668827,188.646106,-20.8227225
15.0,2.240311250063,130.0,148.84499243651658,-10.859875313582943,191.91967790263053,-21.393494244560213,190.495107,-21.1729991
15.0,2.240311250063,140.0,150.5470381916429,-11.063050107184072,194.7139956853869,-22.12134068299421,192.50042,-21.6215874
15.0,2.240311250063,150.0,152.4196355191316,-11.336475709258577,197.5746866489777,-22.96191047720579,194.574496,-22.1507976
15.0,2.240311250063,160.0,154.4049492763963,-11.673790813099627,200.5617609909548,-23.91326644690949,196.591831,-22.7335991
15.0,2.240311250063,170.0,156.5318761069707,-12.074434946504573,202.8308915742483,-24.88819485190045,198.391462,-23.3358246
15.0,2.240311250063,180.0,158.74687987217763,-12.529465352997217,204.5610708681044,-25.865878913814463,199.798653,-23.9206312
15.0,2.240311250063,190.0,160.89515279257157,-13.019222400543448,205.2789220596569,-26.74062347500456,200.659447,-24.4531441
15.0,2.240311250063,200.0,162.9016334023198,-13.528832598455985,205.4721460315311,-27.52062074373081,200.925611,-24.9088476
15.0,2.240311250063,210.0,164.69590621536764,-14.04202652740662,205.1608752155184,-28.14439875744995,200.637978,-25.274051
15.0,2.240311250063,220.0,166.18177476100385,-14.537357820138379,204.51177658772943,-28.64860231433281,199.876787,-25.543737
15.0,2.240311250063,230.0,167.33464993103837,-15.001014742137082,203.54924796982235,-29.01109536857338,198.739608,-25.720465
15.0,2.240311250063,240.0,168.1254192777113,-15.417757954370224,202.3217057728641,-29.25432531495009,197.323829,-25.8105192
15.0,2.240311250063,250.0,168.53115184242935,-15.772783738220374,200.89035143545905,-29.371594653057368,195.720772,-25.8223233
15.0,2.240311250063,260.0,168.4995684871339,-16.048335598903545,199.31726348942595,-29.37086714017978,194.0111,-25.7641535
15.0,2.240311250063,270.0,167.9019180371025,-16.218521988567897,197.65663162567628,-29.2752477187047,192.266354,-25.6439947
15.0,2.240311250063,280.0,166.99514538591075,-16.304595504852223,195.97469246662047,-29.097517989018986,190.55023,-25.4687748
15.0,2.240311250063,290.0,165.81384348002874,-16.304035570493337,194.32576890691533,-28.83758824409433,188.920752,-25.2453872
15.0,2.240311250063,300.0,164.40137853256076,-16.217822449195495,192.7652985413237,-28.501911481473588,187.429389,-24.9802046
15.0,2.240311250063,310.0,162.80676633652052,-16.05000787293597,191.336745832905,-28.091353941621914,186.11998,-24.6797132
15.0,2.240311250063,320.0,161.08246652921918,-15.807405415205691,190.08444429430165,-27.61078212366527,185.023865,-24.3499016
15.0,2.240311250063,330.0,159.28232840523947,-15.499170534839738,189.044673762758,-27.03385894214897,184.154411,-23.9966795
15.0,2.240311250063,340.0,157.45980002586845,-15.136310347472783,188.235328898667,-26.402736536931588,183.501506,-23.6241782
15.0,2.240311250063,350.0,155.61266993550626,-14.724925979995668,187.6713088215437,-25.718351608231004,183.033133,-23.2368493
15.0,2.248059296027,0.0,51.29265581290405,-5.358072037737807,61.151102952710005,-10.0176404264757,57.8113553,-7.76249663
15.0,2.248059296027,10.0,50.91538842456117,-5.238387065159553,61.02222787834865,-9.852167354357094,57.8934469,-7.65992147
15.0,2.248059296027,20.0,50.58487687848416,-5.116209117972779,60.95800888078927,-9.709123506529526,58.0512205,-7.56667458
15.0,2.248059296027,30.0,50.32052654151825,-4.99693665208372,60.98078029621854,-9.593157615895215,58.2669174,-7.48360202
15.0,2.248059296027,40.0,50.12896785444456,-4.883894939159569,61.09307303859694,-9.522244677057731,58.5258861,-7.41149585
15.0,2.248059296027,50.0,50.01520827571048,-4.780198775191228,61.29007167692617,-9.474496980830423,58.8182252,-7.35160369
15.0,2.248059296027,60.0,49.9237675942774,-4.6819201935588755,61.57844240908324,-9.42952107585274,59.138606,-7.30552501
15.0,2.248059296027,70.0,49.89065256603841,-4.5957645037715995,61.91818869149383,-9.406429806199007,59.485567,-7.2750953
15.0,2.248059296027,80.0,49.947760994999435,-4.5275522989804005,62.30698841330197,-9.408117167397082,59.8605941,-7.2624204
15.0,2.248059296027,90.0,50.0952284124504,-4.479189694435267,62.76469992835655,-9.444279106668022,60.2665941,-7.26981833
15.0,2.248059296027,100.0,50.33082557802439,-4.452093632542943,63.21821150079355,-9.492096809812702,60.7058279,-7.2996338
15.0,2.248059296027,110.0,50.64976171047194,-4.447159970066878,63.67554945435476,-9.576945605545337,61.1772456,-7.35376206
15.0,2.248059296027,120.0,51.04455134548365,-4.464733845938762,64.13504782693404,-9.69502842800557,61.6736047,-7.43324908
15.0,2.248059296027,130.0,51.50498053076873,-4.504581844935261,64.61305653678808,-9.828913167389295,62.178519,-7.5372753
15.0,2.248059296027,140.0,52.018203873098884,-4.565867384169799,65.08884061595383,-9.987143759573884,62.6656904,-7.66279873
15.0,2.248059296027,150.0,52.56899524613403,-4.6471328745311915,65.56104755235049,-10.16094360966833,63.1018165,-7.80435365
15.0,2.248059296027,160.0,53.14016225305231,-4.746294079681533,66.02666926992761,-10.327094582301646,63.4521085,-7.9544207
15.0,2.248059296027,170.0,53.71311897433809,-4.860653246010548,66.45259922411964,-10.510874074039714,63.6888057,-8.10455202
15.0,2.248059296027,180.0,54.268594847831515,-4.986937639940514,66.81648929526061,-10.7114930772267,63.7972572,-8.24680729
15.0,2.248059296027,190.0,54.78744173441244,-5.121368897355298,67.06154949089523,-10.904510142288204,63.7777517,-8.37508305
15.0,2.248059296027,200.0,55.23974733555412,-5.258398555402173,67.17994146406167,-11.076533221225944,63.6430209,-8.48562079
15.0,2.248059296027,210.0,55.535799858495864,-5.384847291327168,67.07063740004062,-11.215032424556966,63.4109652,-8.57623238
15.0,2.248059296027,220.0,55.74624065384758,-5.5058402389331045,66.85054430710353,-11.317487865979666,63.0919414,-8.64465661
15.0,2.248059296027,230.0,55.863797690331495,-5.617308982345938,66.52385962249797,-11.384304975691494,62.6960815,-8.6895315
15.0,2.248059296027,240.0,55.88470217727693,-5.715478300243796,66.11195197636538,-11.415765638542858,62.236883,-8.71074129
15.0,2.248059296027,250.0,55.80882909012754,-5.797032709199792,65.6510071842384,-11.416432033190125,61.7303861,-8.7090693
15.0,2.248059296027,260.0,55.604169173180466,-5.853107434374984,65.20693603668985,-11.39423231430522,61.1942917,-8.68599002
15.0,2.248059296027,270.0,55.314798970913785,-5.888092704961252,64.70577844709472,-11.341476680347816,60.647343,-8.64340809
15.0,2.248059296027,280.0,54.95622737104304,-5.901832299980971,64.16826373712414,-11.261286608844308,60.1083989,-8.58342793
15.0,2.248059296027,290.0,54.541180735228465,-5.894093848030418,63.61211902648532,-11.155598783580231,59.5954717,-8.5082015
15.0,2.248059296027,300.0,54.08391320615874,-5.8653960978185005,63.05434116651072,-11.026850438221452,59.1247597,-8.4199307
15.0,2.248059296027,310.0,53.59957203309613,-5.8169536552987795,62.5082632967036,-10.876648125797924,58.710472,-8.32082197
15.0,2.248059296027,320.0,53.10358196955421,-5.750593571400396,62.07681303457216,-10.718060946721414,58.3642413,-8.21326339
15.0,2.248059296027,330.0,52.611087386620895,-5.668653420829548,61.74100595932982,-10.54984321737488,58.0954593,-8.10009552
15.0,2.248059296027,340.0,52.136481382072176,-5.573870799508171,61.48067676723928,-10.37348366877172,57.9111967,-7.98454794
15.0,2.248059296027,350.0,51.69303877033618,-5.469272867306939,61.29648651882508,-10.19464524405368,57.8153979,-7.86996703
20.0,0.211940703974,0.0,3.2896038345884397,1.2836819143727949,7.252600817825553,2.86509982601692,8.00940471,2.8745862
20.0,0.211940703974,10.0,3.364491596908434,1.31448239050243,7.336397708411565,3.011022617849974,8.09785721,3.0130307
20.0,0.211940703974,20.0,3.449312863503205,1.3851141459816767,7.44776888052552,3.2352024506744463,8.21559234,3.23395882
20.0,0.211940703974,30.0,3.542534298041411,1.4954088555143785,7.587594309668666,3.5365334504309742,8.36275575,3.53578324
20.0,0.211940703974,40.0,3.642658548640895,1.6444896862497635,7.755325765182062,3.9125143771758033,8.53923077,3.91629464
20.0,0.211940703974,50.0,3.7480302376776566,1.8305767836027578,7.951988147717523,4.359695371420251,8.74107659,4.37154892
20.0,0.211940703974,60.0,3.8566212480584414,2.0507770244974988,8.171871616174974,4.870735768920356,8.96961416,4.89517939
20.0,0.211940703974,70.0,3.96586394686188,2.300871469533514,8.405673113498796,5.43577542114308,9.21982369,5.47787344
20.0,0.211940703974,80.0,4.072592147524349,2.5751396667014568,8.646797588865773,6.042190090192598,9.47988503,6.10589504
20.0,0.211940703974,90.0,4.173121464605382,2.866277431574014,8.907472731896535,6.680091854727895,9.73861645,6.76129923
20.0,0.211940703974,100.0,4.26346331905329,3.1654623452714308,9.131279344633557,7.310952188759725,9.99435298,7.42477605
20.0,0.211940703974,110.0,4.339634112136998,3.462598704251159,9.332680616494404,7.91901977790832,10.2768424,8.08559903
20.0,0.211940703974,120.0,4.398002920673335,3.74674051652385,9.50406265111778,8.477438223896833,10.4980798,8.69206236
20.0,0.211940703974,130.0,4.435619470854128,4.006659473648193,9.632114482711788,8.95915531373979,10.6666942,9.2215554
20.0,0.211940703974,140.0,4.4504749238012655,4.231502904194454,9.71474456154041,9.343055786076336,10.7793419,9.65053424
20.0,0.211940703974,150.0,4.441664987322693,4.411476934385042,9.78582266178629,9.61781527975904,10.8390207,9.95859957
20.0,0.211940703974,160.0,4.409443037840932,4.538490616415541,9.779643889823468,9.74076593089083,10.8399675,10.1284179
20.0,0.211940703974,170.0,4.3551673113365785,4.6067042116051775,9.71421890683198,9.73983232622625,10.7836077,10.151817
20.0,0.211940703974,180.0,4.281159361641838,4.612935976682177,9.603168772244697,9.597847897928354,10.6738993,10.0282733
20.0,0.211940703974,190.0,4.19050022449048,4.556894551117167,9.450957287924991,9.324832182022174,10.5183281,9.76604963
20.0,0.211940703974,200.0,4.0867956872888564,4.4412172761867605,9.26563004978554,8.93736020215564,10.3250056,9.38116079
20.0,0.211940703974,210.0,3.9739424875730047,4.27130817569811,9.056681906634152,8.456571598933827,10.1021153,8.89495337
20.0,0.211940703974,220.0,3.8559230473520603,4.054983064658162,8.833038054135256,7.906409566800256,9.85761342,8.33092176
20.0,0.211940703974,230.0,3.736647715780271,3.801943701317838,8.601244733899021,7.312048020648511,9.60312743,7.71396763
20.0,0.211940703974,240.0,3.6198512277235295,3.523118341582645,8.344240934011383,6.692125120317524,9.34582077,7.06975151
20.0,0.211940703974,250.0,3.5090358836547364,3.2299222877539773,8.114967395346634,6.087979751172234,9.08834922,6.4207747
20.0,0.211940703974,260.0,3.4074407451695894,2.933507774245514,7.911940981319156,5.495662385334318,8.80888157,5.7799783
20.0,0.211940703974,270.0,3.318008126700073,2.6440847161161143,7.726899946747756,4.9421236976176655,8.57612266,5.18274951
20.0,0.211940703974,280.0,3.243320515542059,2.370397014803983,7.565576667519832,4.439626084280925,8.38251916,4.6404355
20.0,0.211940703974,290.0,3.185495647051897,2.1194261152681686,7.429413504088984,3.995111971701162,8.22068398,4.159264
20.0,0.211940703974,300.0,3.1460525079752206,1.8963587141765939,7.319094406629325,3.6147608007239,8.09202253,3.74596538
20.0,0.211940703974,310.0,3.125786876936056,1.7048008001524089,7.23842595712604,3.303603379336597,7.99975993,3.40524103
20.0,0.211940703974,320.0,3.1247073208113325,1.54716009757081,7.187121141951682,3.0638962240222427,7.94285231,3.14018469
20.0,0.211940703974,330.0,3.1420711129746883,1.4250781590643553,7.163367582982967,2.8982781532060056,7.91545141,2.95302732
20.0,0.211940703974,340.0,3.1765271097837973,1.3397930605191377,7.1665692876287,2.809106510850549,7.91770605,2.84570558
20.0,0.211940703974,350.0,3.2263348660676465,1.2923553795307527,7.196181085759207,2.7978094720045696,7.94865551,2.8187576
20.0,0.219688749936,0.0,4.650345544261263,1.9481661079825627,7.410695604991719,3.1082929413953053,8.15764033,3.11989323
20.0,0.219688749936,10.0,4.698950621063412,1.9836475566331224,7.498032881321052,3.258337963337166,8.25017645,3.26194644
20.0,0.219688749936,20.0,4.765745875156369,2.076864761650787,7.614268232951332,3.488959311030728,8.37327025,3.48860467
20.0,0.219688749936,30.0,4.850272986735316,2.227575941571393,7.760139151488327,3.799081523790335,8.52677787,3.79827975
20.0,0.219688749936,40.0,4.952114714088469,2.4349645288828974,7.934771004171471,4.186120365558756,8.71018681,4.18877602
20.0,0.219688749936,50.0,5.0705332044574725,2.6973634594088596,8.1391741573985,4.646521094700742,8.91917015,4.6560155
20.0,0.219688749936,60.0,5.204082172135183,3.011867248873497,8.367047165184998,5.172586015583521,9.15497096,5.19341354
20.0,0.219688749936,70.0,5.350293768382858,3.373853679478812,8.60834380449428,5.753982045579554,9.41238491,5.79132777
20.0,0.219688749936,80.0,5.505523227993941,3.7764933814191464,8.8562767329401,6.377618593263491,9.67881012,6.43547968
20.0,0.219688749936,90.0,5.6649929230635765,4.210367670076423,9.123134145940918,7.033168338789291,9.94269368,7.1073508
20.0,0.219688749936,100.0,5.823027622627945,4.663320519577771,9.351171863186789,7.680855285854572,10.2027446,7.78723722
20.0,0.219688749936,110.0,5.973432363714993,5.12063629493655,9.555503643278556,8.30464105972852,10.4920092,8.46508572
20.0,0.219688749936,120.0,6.109944036094285,5.565575189792958,9.728668928682389,8.877045332286434,10.7163064,9.08629707
20.0,0.219688749936,130.0,6.226687655193224,5.9802341018404785,9.856791854320283,9.3703389066475,10.8854986,9.62807324
20.0,0.219688749936,140.0,6.318581508487689,6.346648415582783,9.938513507896223,9.763229063527987,10.9968221,10.0664569
20.0,0.219688749936,150.0,6.381653961501732,6.648017564059073,10.013541653611185,10.045555369203411,11.0541432,10.3809687
20.0,0.219688749936,160.0,6.413253191225424,6.869924735559856,10.005401840415068,10.170751600373762,11.0517817,10.553992
20.0,0.219688749936,170.0,6.412146880115098,7.0014253816663965,9.936882053055212,10.169885033213284,10.9914892,10.5773317
20.0,0.219688749936,180.0,6.3785211606015375,7.035896060691596,9.82248267383506,10.024136820381289,10.8774739,10.4504449
20.0,0.219688749936,190.0,6.313896692776101,6.9715608350224825,9.66651328214734,9.744155367691384,10.7174702,10.1817948
20.0,0.219688749936,200.0,6.220984570071603,6.811643887652582,9.477415461641977,9.34707823617572,10.5198709,9.78775509
20.0,0.219688749936,210.0,6.103505622945746,6.56413178231325,9.264893643931996,8.854456792281738,10.2929516,9.29018947
20.0,0.219688749936,220.0,5.965993628614881,6.241164762884798,9.037794878354951,8.2906622583003,10.044565,8.71303207
20.0,0.219688749936,230.0,5.81359636706653,5.858111687042875,8.802284353951983,7.6812706119742655,9.78629369,8.0815356
20.0,0.219688749936,240.0,5.651879515704978,5.432415517911967,8.537482483123656,7.044356396283329,9.52523205,7.42184411
20.0,0.219688749936,250.0,5.486629069112285,4.9823232656679055,8.303769111948466,6.424230380836569,9.2635082,6.75685026
20.0,0.219688749936,260.0,5.323641267528512,4.525632645836871,8.09728759314921,5.815456494497693,8.97688781,6.09909157
20.0,0.219688749936,270.0,5.168488460679153,4.078593206621583,7.907735652862524,5.24635709931144,8.73861338,5.48619247
20.0,0.219688749936,280.0,5.026257926750489,3.655087044719999,7.741792594205047,4.729564470649293,8.54064891,4.92976858
20.0,0.219688749936,290.0,4.901278776360857,3.266178704872338,7.60079260080028,4.272113120306417,8.37471855,4.43613877
20.0,0.219688749936,300.0,4.796875001678713,2.9200645734348876,7.485536719412049,3.880501299655848,8.24222172,4.01221557
20.0,0.219688749936,310.0,4.715200028868776,2.6223769471493967,7.40056484932023,3.560105988923885,8.14685366,3.66287809
20.0,0.219688749936,320.0,4.6572072431594425,2.3767264520554425,7.345899802777681,3.313272297223632,8.08791894,3.39129502
20.0,0.219688749936,330.0,4.622785189480972,2.1853248508817633,7.319883684956629,3.142733473439522,8.05942409,3.19964162
20.0,0.219688749936,340.0,4.611041656182398,2.049537737072871,7.322144893100881,3.0508931607177945,8.06177237,3.0898917
20.0,0.219688749936,350.0,4.620675290839748,1.9702706423355498,7.352245718496595,3.0391688596942834,8.09406942,3.06248374
20.0,0.235125874557,0.0,4.303483905554514,2.0455099922230255,5.988409155217177,2.7899055439230462,6.49907277,2.78986028
20.0,0.235125874557,10.0,4.328915929022775,2.0761107600866415,6.061341237344954,2.9121267037517904,6.57623555,2.90487514
20.0,0.235125874557,20.0,4.37415422947019,2.1620697559311433,6.158618464823383,3.1001590163987145,6.67863699,3.08825194
20.0,0.235125874557,30.0,4.439194648031499,2.303247177246475,6.280625149387373,3.3531824904719816,6.80563381,3.33876411
20.0,0.235125874557,40.0,4.52399238065422,2.4991442092462277,6.426157839450114,3.669005521243484,6.95644831,3.65469403
20.0,0.235125874557,50.0,4.628127627488379,2.7486044865050965,6.596055582768621,4.044718977132136,7.12703476,4.03266284
20.0,0.235125874557,60.0,4.750454571017583,3.0493816274047485,6.78447324510336,4.473745499735892,7.31843515,4.46729739
20.0,0.235125874557,70.0,4.888821022090936,3.3976039902410275,6.982286120896892,4.947327294655167,7.52626447,4.95061002
20.0,0.235125874557,80.0,5.039927041448976,3.787221639570315,7.1840843180683445,5.454627548009026,7.7397179,5.47081784
20.0,0.235125874557,90.0,5.199354115226049,4.209559500999693,7.399416158711904,5.986995291834643,7.9493973,6.01277824
20.0,0.235125874557,100.0,5.3617557771605,4.653105441110867,7.58140340419088,6.511787515649544,8.1545691,6.56073229
20.0,0.235125874557,110.0,5.521169726145589,5.103629786164998,7.743008204442128,7.016324573456193,8.38530445,7.10808764
20.0,0.235125874557,120.0,5.671397398401628,5.544675907340979,7.878772458089737,7.478485796241924,8.5614144,7.60843822
20.0,0.235125874557,130.0,5.806398215458591,5.958398104451193,7.976903171587872,7.875883371361919,8.69139662,8.04380713
20.0,0.235125874557,140.0,5.920656237582191,6.326668226020696,8.037896279602938,8.19196350780815,8.77427485,8.39527421
20.0,0.235125874557,150.0,6.00949047030505,6.632334590509475,8.104289674235199,8.421624128835425,8.81411302,8.64685153
20.0,0.235125874557,160.0,6.069292676119446,6.86049813046045,8.094305212751062,8.521415018231371,8.80690432,8.784721
20.0,0.235125874557,170.0,6.0976866992081975,6.9996700084041255,8.03660495053773,8.520889081562798,8.75441965,8.80249093
20.0,0.235125874557,180.0,6.093610857511635,7.04268944816118,7.94300970726744,8.402755606882458,8.66026843,8.69976043
20.0,0.235125874557,190.0,6.057330149147309,6.987306910322477,7.816771544764784,8.176417805848894,8.53077571,8.48324003
20.0,0.235125874557,200.0,5.990388054746678,6.83637264333203,7.665087998794367,7.855920233053893,8.37281378,8.16617286
20.0,0.235125874557,210.0,5.895508668606093,6.597610672831718,7.495834672722036,7.458523514062779,8.19287224,7.76613009
20.0,0.235125874557,220.0,5.776458864551601,6.283000051285994,7.315590301436921,7.003547617503582,7.99674374,7.30219199
20.0,0.235125874557,230.0,5.6378775351514845,5.907825272163067,7.128361562566416,6.511227537427288,7.79334857,6.79430071
20.0,0.235125874557,240.0,5.485075382854361,5.489492759127261,6.910220355332427,5.994003163229664,7.58801302,6.26329244
20.0,0.235125874557,250.0,5.323805553964502,5.04623687347575,6.723587058706187,5.491662648262394,7.3814925,5.7273367
20.0,0.235125874557,260.0,5.160004350599705,4.59585352308926,6.559365396866569,4.997198809340225,7.15233531,5.19544936
20.0,0.235125874557,270.0,4.999504291187997,4.1545987931615755,6.406413366791754,4.53463653333061,6.96182729,4.69989166
20.0,0.235125874557,280.0,4.8477303088998696,3.736370982482942,6.271558186772256,4.114163500441601,6.80399219,4.2501047
20.0,0.235125874557,290.0,4.709403387809427,3.352255366521241,6.155454749492587,3.74130803763417,6.67115815,3.85118192
20.0,0.235125874557,300.0,4.5882906433044175,3.0104538825784646,6.058900007720436,3.4216358822703743,6.56439411,3.50863205
20.0,0.235125874557,310.0,4.48704942596346,2.7165551252977664,5.986707403456872,3.159924151452072,6.48723347,3.22654033
20.0,0.235125874557,320.0,4.407207139781036,2.4740395114098885,5.939363971050413,2.958186398271767,6.43954674,3.0074606
20.0,0.235125874557,330.0,4.3492940812348975,2.2848799530427994,5.915804199595819,2.818742863241092,6.41656887,2.85307531
20.0,0.235125874557,340.0,4.3131087301635676,2.150103726321873,5.916099757595306,2.743565228544657,6.41890517,2.76488083
20.0,0.235125874557,350.0,4.2980570037803885,2.0702240856725527,5.94011311183527,2.733751922295118,6.44600887,2.74314999
20.0,0.258134591992,0.0,2.928107020100192,1.636051540024488,3.967135196163873,2.0864879341774216,4.08012749,2.04270853
20.0,0.258134591992,10.0,2.9397360698109547,1.656659719179119,4.01751952871692,2.167043172275829,4.13119352,2.11712986
20.0,0.258134591992,20.0,2.966545794033676,1.716751519332511,4.084888634789532,2.291108604991909,4.19854199,2.23553662
20.0,0.258134591992,30.0,3.0085431766424056,1.8162786605546652,4.169303565233086,2.4581154454081813,4.28145737,2.39714755
20.0,0.258134591992,40.0,3.0656298164900555,1.954988482348185,4.269466060918096,2.666461405018796,4.37909555,2.60088303
20.0,0.258134591992,50.0,3.1373998588437573,2.1321816958755155,4.3861510514968085,2.914169795595857,4.4884958,2.84450941
20.0,0.258134591992,60.0,3.222932444577531,2.3463744023926854,4.51461456203038,3.196554556402241,4.61042886,3.12447236
20.0,0.258134591992,70.0,3.3206304390429757,2.5948961290572443,4.64753601843053,3.5073746476461696,4.74208804,3.43550114
20.0,0.258134591992,80.0,3.4281438293055757,2.8734878127294774,4.781577363592752,3.8393554933139336,4.87601437,3.76979319
20.0,0.258134591992,90.0,3.5423939384390275,3.175985048548532,4.922630024835457,4.186587150918835,5.00622173,4.11748882
20.0,0.258134591992,100.0,3.659691786276857,3.494172060908204,5.039243793825404,4.527330784769872,5.13127586,4.46843665
20.0,0.258134591992,110.0,3.77592767562954,3.817869817186467,5.141108083661098,4.853777106867628,5.26985684,4.81921863
20.0,0.258134591992,120.0,3.886802256375224,4.135284717023139,5.225357738590957,5.151805053703522,5.37651003,5.13946678
20.0,0.258134591992,130.0,3.988070456435619,4.43360270450923,5.283294156184007,5.406916395648935,5.45278222,5.41724705
20.0,0.258134591992,140.0,4.07577524314918,4.699776382388959,5.317578213401347,5.609273495071494,5.49895506,5.6407204
20.0,0.258134591992,150.0,4.146454936178137,4.921425286269597,5.372830327405535,5.760699193195286,5.51841902,5.80015232
20.0,0.258134591992,160.0,4.1973138380018815,5.087754274019269,5.361685911838809,5.823777516455333,5.50900293,5.88703395
20.0,0.258134591992,170.0,4.226350654068743,5.190392230404129,5.321983055131144,5.823446425847014,5.47220002,5.89743389
20.0,0.258134591992,180.0,4.23244261302379,5.224061939955964,5.259191061777943,5.746334283014245,5.41050397,5.83116463
20.0,0.258134591992,190.0,4.21538563069672,5.18701022763039,5.175960353925155,5.599709765640694,5.3280035,5.69243688
20.0,0.258134591992,200.0,4.175892491777478,5.081152956834516,5.077480324547966,5.392834554561674,5.22907442,5.48966989
20.0,0.258134591992,210.0,4.11555195211765,4.911919469089773,4.968947950750234,5.136654260513954,5.1177254,5.23419637
20.0,0.258134591992,220.0,4.036751963186406,4.687812565202592,4.85399409382386,4.843248171594162,4.9970263,4.93795746
20.0,0.258134591992,230.0,3.942570027167584,4.419730097529569,4.733941141269917,4.525096869642042,4.87244964,4.61345623
20.0,0.258134591992,240.0,3.8366333005600275,4.120119686885381,4.582069977842685,4.186838272300354,4.7472346,4.27383881
20.0,0.258134591992,250.0,3.722950979124605,3.8020562625047467,4.462608162451905,3.860539551647856,4.62114356,3.93050234
20.0,0.258134591992,260.0,3.605722420132229,3.478340700339979,4.357380586883693,3.5381026413108514,4.48245149,3.58873074
20.0,0.258134591992,270.0,3.4891271554273353,3.160714976941094,4.257280304698362,3.236111182839894,4.36401364,3.26970796
20.0,0.258134591992,280.0,3.377107902333743,2.8592738868850636,4.168235672162038,2.960922918892221,4.26575195,2.98010391
20.0,0.258134591992,290.0,3.27316449149532,2.5821256590210644,4.089866155410781,2.7159250720043224,4.1828804,2.72336404
20.0,0.258134591992,300.0,3.1801833801825823,2.335316061613219,4.022907371264535,2.5051365747959244,4.11588093,2.5029278
20.0,0.258134591992,310.0,3.1003305356146735,2.122988342820188,3.971969609826236,2.332219147666469,4.06741466,2.32152242
20.0,0.258134591992,320.0,3.0350308650502758,1.9477136663845327,3.9377858674865007,2.19870445879316,4.03782033,2.18085028
20.0,0.258134591992,330.0,2.985042921458934,1.8109042111078335,3.919879706132568,2.106294790432543,4.02390144,2.08193424
20.0,0.258134591992,340.0,2.950615678031072,1.7132213453885246,3.918659204901973,2.056363406312689,4.02626345,2.02568657
20.0,0.258134591992,350.0,2.9316917443934716,1.6549134624274084,3.934230639647042,2.049618764253616,4.04471184,2.01219118
20.0,0.28853979201,0.0,4.669498108881339,2.2271642072971627,6.731097546965656,2.8698328469139898,6.39314356,2.73567874
20.0,0.28853979201,10.0,4.690461804418541,2.25193270175349,6.819668000977248,2.965265974973116,6.481431,2.82293854
20.0,0.28853979201,20.0,4.739676786448732,2.323823469617543,6.937674318104594,3.111855965290166,6.59876339,2.96112639
20.0,0.28853979201,30.0,4.81688568022452,2.4427142986330344,7.085385801552085,3.308914900618865,6.7436957,3.14934166
20.0,0.28853979201,40.0,4.921457901230252,2.6082411691856304,7.259930589892271,3.554099807480313,6.91412375,3.38622396
20.0,0.28853979201,50.0,5.05216301605128,2.8193709822994175,7.464532783718654,3.845250036605375,7.10481889,3.66910939
20.0,0.28853979201,60.0,5.206700273952769,3.074152529870687,7.688804343019576,4.176238809843565,7.3167573,3.99383661
20.0,0.28853979201,70.0,5.381425083068104,3.3692380170872838,7.915859410914122,4.5386539984205205,7.54527066,4.35415959
20.0,0.28853979201,80.0,5.571885136545315,3.6990846282993655,8.14190334604776,4.924004466219749,7.77708412,4.74076336
20.0,0.28853979201,90.0,5.771781705311234,4.056278542978986,8.37509433831494,5.325241480480661,8.00214251,5.14205923
20.0,0.28853979201,100.0,5.974181360586527,4.431216353948242,8.55996889412224,5.715912102463754,8.20595382,5.54515846
20.0,0.28853979201,110.0,6.172122321356616,4.811366898041593,8.716818643874468,6.088428720251339,8.38860048,5.94347088
20.0,0.28853979201,120.0,6.358947680848454,5.182510322761719,8.843215987436567,6.4266399268881225,8.55660842,6.31092481
20.0,0.28853979201,130.0,6.526203262835446,5.531074468822513,8.919827973354929,6.715728185325442,8.67548245,6.62954694
20.0,0.28853979201,140.0,6.669060427989532,5.8411879254407655,8.961652129917061,6.943127828475639,8.74658973,6.88321934
20.0,0.28853979201,150.0,6.782244984281513,6.098972629033666,9.122460614487895,7.129234609590071,8.77301171,7.06359727
20.0,0.28853979201,160.0,6.862490082448863,6.291917289663613,9.088065817481311,7.198633399867472,8.75133574,7.16157042
20.0,0.28853979201,170.0,6.907018581807789,6.410809183742345,9.021255040164045,7.197370478407346,8.68666008,7.17214903
20.0,0.28853979201,180.0,6.914840202659481,6.4495949778350825,8.913132098856986,7.106508692614643,8.58380297,7.09516262
20.0,0.28853979201,190.0,6.885969228230205,6.406297738724407,8.77356237966172,6.937138853305563,8.44936578,6.93532018
20.0,0.28853979201,200.0,6.821658255681,6.283034386409498,8.612018357210252,6.700282408248456,8.29023728,6.70217497
20.0,0.28853979201,210.0,6.723627458395639,6.086209399279983,8.437500287948714,6.407594665320652,8.11123148,6.40944533
20.0,0.28853979201,220.0,6.595342182868356,5.825276488182165,8.253639498668024,6.070992782826004,7.91534896,6.07067138
20.0,0.28853979201,230.0,6.441296327127524,5.512457634170245,8.057265947654251,5.7059932298629805,7.7138369,5.69756868
20.0,0.28853979201,240.0,6.265918289223599,5.162432552168887,7.752938936865971,5.306223093527333,7.51077481,5.30727687
20.0,0.28853979201,250.0,6.075699280448705,4.789883257050569,7.565295924760558,4.930598010601246,7.30704251,4.91267561
20.0,0.28853979201,260.0,5.876383657168145,4.410296286955968,7.394748098152321,4.558743862824159,7.11501703,4.52235772
20.0,0.28853979201,270.0,5.676851674806322,4.035639182985215,7.22948316053544,4.210203191423736,6.91778112,4.15354154
20.0,0.28853979201,280.0,5.481802115827269,3.679943405834133,7.081978622689749,3.891780109444397,6.74404467,3.8175414
20.0,0.28853979201,290.0,5.2985644129106015,3.351948384799786,6.948288823113264,3.606632564653102,6.59646546,3.51994897
20.0,0.28853979201,300.0,5.1327577172319145,3.05912861877655,6.8304617044000535,3.360000019439988,6.47573207,3.26449113
20.0,0.28853979201,310.0,4.988626948808656,2.8067881190203705,6.740732423905629,3.1572153425116105,6.3866199,3.05448369
20.0,0.28853979201,320.0,4.869388154498862,2.5982137686980424,6.680526089974529,3.0004143334218667,6.33072336,2.89199681
20.0,0.28853979201,330.0,4.77710601962778,2.4352581596161906,6.648739635535937,2.891951862531261,6.3025492,2.77810457
20.0,0.28853979201,340.0,4.712814740395285,2.318905196256885,6.646293377909482,2.833503423936416,6.30334736,2.71386624
20.0,0.28853979201,350.0,4.676948501638671,2.2494817534754197,6.673348302856291,2.825923826253954,6.33305586,2.69925388
20.0,0.326110072682,0.0,10.808936140033264,3.1525654655836917,15.397091722950911,3.960962694579407,14.3612952,3.80668098
20.0,0.326110072682,10.0,10.869821305031762,3.184708859167975,15.591781259299047,4.075208923505515,14.5751573,3.91443323
20.0,0.326110072682,20.0,10.999441889349013,3.2755047503809585,15.840743682540449,4.249868253330518,14.8606451,4.08412895
20.0,0.326110072682,30.0,11.195366289238859,3.4248773080473973,16.148043923756617,4.4843089572262205,15.2128102,4.31401265
20.0,0.326110072682,40.0,11.453905121149232,3.631236734172979,16.50541096608688,4.774909837457443,15.6213752,4.60311376
20.0,0.326110072682,50.0,11.7643988026545,3.8973342236882447,16.936562370286342,5.121336310700865,16.0708201,4.94827239
20.0,0.326110072682,60.0,12.123662845124837,4.213268370079481,17.40482781615305,5.514012329425836,16.5597175,5.34202664
20.0,0.326110072682,70.0,12.514830197974874,4.578254928532177,17.847534346192152,5.94867070724344,17.0647482,5.78557063
20.0,0.326110072682,80.0,12.922116931477323,4.984999902933591,18.26802034298421,6.400107963469625,17.5777441,6.24911668
20.0,0.326110072682,90.0,13.32828733303148,5.423496277344173,18.68533928416962,6.874007843329703,18.0528997,6.7376262
20.0,0.326110072682,100.0,13.715576711986834,5.881378502412695,18.953276361236657,7.331438952728864,18.3984775,7.2212751
20.0,0.326110072682,110.0,14.069943386530301,6.3426221502099756,19.152068923333456,7.7676029734960865,18.399844,7.68004672
20.0,0.326110072682,120.0,14.377513094525503,6.79112310614052,19.287826708313062,8.164004268524868,18.6074922,8.11551365
20.0,0.326110072682,130.0,14.629482524355046,7.209407865118505,19.30364576370681,8.498169197482213,18.7324472,8.49321611
20.0,0.326110072682,140.0,14.822830719671188,7.5792337510433185,19.29330332303314,8.765613355572725,18.7597712,8.7935516
20.0,0.326110072682,150.0,14.955291689511755,7.885143248091986,20.30813922960813,9.038167795916056,18.7002505,9.00523941
20.0,0.326110072682,160.0,15.029927333857616,8.113083499613206,20.138414488168817,9.122582801396966,18.5589585,9.11819883
20.0,0.326110072682,170.0,15.051678878232346,8.251994142822772,19.99225739757681,9.12075514562231,18.3609866,9.12786838
20.0,0.326110072682,180.0,15.023577903925526,8.295920604237494,19.749069449811355,9.010165553056424,18.1239795,9.03470784
20.0,0.326110072682,190.0,14.9504099986545,8.242385323967333,19.46127727246268,8.80749041770847,17.8635314,8.84419936
20.0,0.326110072682,200.0,14.834963188773967,8.093852037317545,19.151189002726245,8.525001929776762,17.5898499,8.56715503
20.0,0.326110072682,210.0,14.676789351051566,7.8578915574235175,18.83764403001385,8.178087326594484,17.3031072,8.21878946
20.0,0.326110072682,220.0,14.477997715385813,7.544768673688571,18.505191734546607,7.78062931347851,16.9917143,7.81474257
20.0,0.326110072682,230.0,14.235370993958686,7.170056539823987,18.121544445470377,7.345214416562722,16.6654107,7.36944156
20.0,0.326110072682,240.0,13.95421174744728,6.748274985860325,17.002785384071732,6.827982067116277,16.3384107,6.9032329
20.0,0.326110072682,250.0,13.63552081239671,6.29824229675599,16.735471835213307,6.381341812123741,16.0213595,6.43010662
20.0,0.326110072682,260.0,13.287773394606239,5.836318378726036,16.462502406022534,5.9417297559136415,15.925054,5.97424772
20.0,0.326110072682,270.0,12.918243558286939,5.3805671838685045,16.1858897175556,5.536065212925805,15.5667931,5.5282276
20.0,0.326110072682,280.0,12.54100446265514,4.9450636109294726,15.939466207795457,5.156875658272287,15.1796258,5.12306405
20.0,0.326110072682,290.0,12.171256992513504,4.541636014901284,15.698401658456154,4.821432128278114,14.8570458,4.75483456
20.0,0.326110072682,300.0,11.824201574388391,4.179615119136656,15.46882454957849,4.529417351675462,14.5804709,4.44508315
20.0,0.326110072682,310.0,11.508167842586923,3.8710879352577257,15.305427404837426,4.290712150310211,14.3679981,4.18933422
20.0,0.326110072682,320.0,11.247788335328908,3.609132942749812,15.208346719823126,4.107088841106869,14.2287987,3.99216922
20.0,0.326110072682,330.0,11.038705500673464,3.4086973396463764,15.168691229940295,3.980702995609756,14.1545942,3.85453275
20.0,0.326110072682,340.0,10.894783659755857,3.2645872132013007,15.1872889749316,3.914115781678909,14.149938,3.77729703
20.0,0.326110072682,350.0,10.817206319153819,3.1793246045218666,15.262096726274748,3.907297377033274,14.217577,3.76085928
20.0,0.370559501483,0.0,20.647255489561225,4.041779348862007,28.188968375141787,4.873138278351738,25.0404381,4.71012706
20.0,0.370559501483,10.0,20.775761056497043,4.07986932353299,28.54203923569516,5.002422632605518,25.3844306,4.83037827
20.0,0.370559501483,20.0,20.99302645781859,4.185891760331239,28.966977087494385,5.199345939401289,25.8132905,5.02023456
20.0,0.370559501483,30.0,21.290868369293698,4.357734095623166,29.49790534209973,5.466071393760163,26.3004621,5.27838074
20.0,0.370559501483,40.0,21.650087558680895,4.594868316768721,30.10038652475097,5.793481386780262,26.8092956,5.59859027
20.0,0.370559501483,50.0,22.045373928144734,4.894322616171628,30.925439744583887,6.188266354643299,27.2927852,5.98074017
20.0,0.370559501483,60.0,22.44522450458343,5.251474552350329,31.823368214396965,6.632985828473266,27.6862893,6.41268893
20.0,0.370559501483,70.0,22.81927226983238,5.657156556166081,32.53935546841466,7.11571494932451,27.9484828,6.88527399
20.0,0.370559501483,80.0,23.129735127631758,6.104953552003901,33.13472735292647,7.619707469155873,28.0668958,7.38658899
20.0,0.370559501483,90.0,23.175111950907752,6.519185901688733,33.67761214206602,8.13890601919964,27.7473143,7.80705785
20.0,0.370559501483,100.0,26.78121662936464,2.7052836052336375,33.776175821981575,8.632621764203565,27.5983964,8.84932843
20.0,0.370559501483,110.0,29.645349863726498,0.8667285491854589,33.758182494284746,9.093032407747456,33.9244966,0.951865489
20.0,0.370559501483,120.0,30.968497687046796,0.9835653340587548,33.645478444597195,9.439745917659138,35.0155307,1.0575146
20.0,0.370559501483,130.0,31.91177983976814,1.2378480864243275,33.29469637517206,9.759491277071298,35.8627416,1.23330153
20.0,0.370559501483,140.0,32.59990270031152,1.5211333669912686,33.43721846298369,10.441234828118576,36.3016289,1.46747664
20.0,0.370559501483,150.0,33.2935512295737,1.7420012965757963,36.33057509137706,1.5411127046568944,36.4381969,1.69026101
20.0,0.370559501483,160.0,33.79258953113604,1.9178863549167566,36.10672882210534,1.7162645907524243,36.5079943,1.82158397
20.0,0.370559501483,170.0,34.05002837967897,2.03882805543808,35.93678429454624,1.7574666463840491,36.3560706,1.88886386
20.0,0.370559501483,180.0,34.06384748527647,2.0964713310654,35.5034717261586,1.7418337857094863,35.9551496,1.89039504
20.0,0.370559501483,190.0,33.83593189357867,2.0880890514757726,34.92756806799275,1.6528282324084458,35.3271173,1.82492991
20.0,0.370559501483,200.0,33.37764097810395,2.0141085747174987,34.26176649055937,1.4921384366314907,34.507585,1.6980637
20.0,0.370559501483,210.0,32.70982295621277,1.8774342478726131,33.57675790060264,1.2670870627329356,33.5958786,1.51303197
20.0,0.370559501483,220.0,31.856784179862863,1.6859690661886626,32.774098560754304,1.0351368849476448,32.7430564,1.25501333
20.0,0.370559501483,230.0,30.844596311455913,1.4588085708967162,31.74065565966316,0.9275931032992192,31.6783011,1.01843062
20.0,0.370559501483,240.0,29.90796476288197,1.1720779694802268,29.897595894054486,8.056000272469376,30.3548782,0.880673816
20.0,0.370559501483,250.0,28.837568095729875,0.9095961900050594,29.78674202722953,7.574311271844439,28.5211682,1.44243976
20.0,0.370559501483,260.0,27.4584072543172,0.8021565120084109,29.589227771571405,7.099599290844538,23.9160823,6.96947738
20.0,0.370559501483,270.0,21.843229712586076,6.458280942754137,29.279864475386365,6.645481686308753,24.5444677,6.59110504
20.0,0.370559501483,280.0,21.74313244192712,6.0068308258749745,28.98038053977189,6.227973234890109,24.6037008,6.15360529
20.0,0.370559501483,290.0,21.668199783707333,5.598303346071228,28.592111173056413,5.847180574143143,24.6395475,5.76181458
20.0,0.370559501483,300.0,21.45293797406682,5.199703277248257,28.119951412360297,5.513499476351576,24.6421185,5.42107779
20.0,0.370559501483,310.0,21.21518134525762,4.851945784981378,27.83246297019128,5.241551592415795,24.5907831,5.13704712
20.0,0.370559501483,320.0,20.98682041947404,4.561490162115964,27.705718853359546,5.033045882960852,24.5536428,4.91766827
20.0,0.370559501483,330.0,20.79650760220758,4.331912484830823,27.68609699417374,4.89130251972186,24.5611468,4.76217107
20.0,0.370559501483,340.0,20.663346736292052,4.169296641751005,27.76687854518176,4.818117604498919,24.6282012,4.67614244
20.0,0.370559501483,350.0,20.610544702407893,4.071988541195212,27.92897172137573,4.811412593289791,24.7839404,4.65851075
20.0,0.421549791422,0.0,39.45102556655464,-5.628220132518197,41.19242311574569,-5.727010674783546,41.068125,-5.73672242
20.0,0.421549791422,10.0,39.769530536127306,-5.672266794573042,41.85974488420593,-5.764541567621262,41.74364,-5.78892884
20.0,0.421549791422,20.0,40.4130004735515,-5.730331090007439,42.72270574653817,-5.769329639372619,42.5859048,-5.80084068
20.0,0.421549791422,30.0,41.29629644040942,-5.766142233553949,43.91930177554977,-5.746513108285387,43.8002381,-5.81461157
20.0,0.421549791422,40.0,42.28817037239358,-5.738978494746945,45.36649278501327,-5.677476597267021,45.4853134,-5.83943626
20.0,0.421549791422,50.0,43.757327080018676,-5.708785925668724,47.60244418382578,-5.845426671302824,47.4364673,-5.85754498
20.0,0.421549791422,60.0,45.55545078171802,-5.641749653660867,50.32528947102963,-5.831390726984753,50.4683534,-6.19741356
20.0,0.421549791422,70.0,48.619481044533096,-5.97033120829222,52.685432743126434,-5.234686466760201,53.4756231,-6.53612068
20.0,0.421549791422,80.0,51.873856196898906,-6.176350383547898,54.82737978267403,-4.433956773976413,57.0890014,-6.57516989
20.0,0.421549791422,90.0,54.96617055482862,-5.9273575627586395,56.84271897112598,-3.749411439015296,60.1175858,-6.30769882
20.0,0.421549791422,100.0,57.433442458934046,-5.207298015012531,57.5796180667943,-3.375263419401425,62.6059594,-5.65516265
20.0,0.421549791422,110.0,59.82101588871845,-4.52811008653654,58.28032034847533,-2.955099544958984,64.4852728,-4.7904808
20.0,0.421549791422,120.0,62.12664026973648,-4.087866526043876,59.74028183216203,-1.852072304024884,66.475406,-4.31990763
20.0,0.421549791422,130.0,62.111102302296985,-3.6011835682252378,60.04359593365092,-1.1606104376482345,66.6454504,-3.9456874
20.0,0.421549791422,140.0,62.379813237417146,-2.992327890572532,60.01106994454428,-0.6918809699569929,66.2014313,-3.70836753
20.0,0.421549791422,150.0,63.70642454824268,-2.287329963080088,61.3277050706393,-0.7854523301884658,66.7176305,-3.41265737
20.0,0.421549791422,160.0,64.16390394727244,-1.7130371379038811,60.7216886375642,-0.4306236967694875,67.2761186,-3.11412701
20.0,0.421549791422,170.0,63.95140541808991,-1.3132940733402607,60.30994893269292,-0.3216344997794862,67.2044991,-2.9111279
20.0,0.421549791422,180.0,63.33113321331746,-1.0684777657898348,59.592549966224986,-0.2994936742128904,66.5667776,-2.81977816
20.0,0.421549791422,190.0,62.54568010002887,-0.947341514535832,58.78784654947668,-0.4173870443669836,65.423671,-2.84961502
20.0,0.421549791422,200.0,61.6355874080665,-0.9528985315607272,57.88752025986457,-0.6396044098739919,63.7964466,-2.99085691
20.0,0.421549791422,210.0,60.76172399502183,-1.113637753215246,56.946885072457576,-0.9629590633791576,61.7354088,-3.21387297
20.0,0.421549791422,220.0,60.00220765625651,-1.49915848017484,55.91317047713191,-1.3783642535893146,60.1634742,-3.41010619
20.0,0.421549791422,230.0,58.81911265815908,-2.20490961229455,54.43619658726062,-2.072062413465565,59.7380413,-3.60334501
20.0,0.421549791422,240.0,56.38928506889103,-2.7258621079007193,51.86114102855546,-2.4273335714774267,58.1253338,-3.92093608
20.0,0.421549791422,250.0,54.352952833070105,-3.060466654079739,50.772937535647145,-2.957218657212325,55.736539,-4.35870662
20.0,0.421549791422,260.0,54.57034633624538,-3.6372907929187694,49.95335547898565,-3.2497515510985777,53.6944678,-5.17786005
20.0,0.421549791422,270.0,52.501123266273176,-4.332086847376612,48.330443582142834,-3.940320948192204,51.1808145,-5.63592587
20.0,0.421549791422,280.0,50.35551631012803,-5.148695130636231,46.693167713134926,-4.755282843697315,48.3450385,-5.7710979
20.0,0.421549791422,290.0,47.74421222565319,-5.657006241558615,44.81983552764535,-5.326822881579101,45.6529914,-5.6088204
20.0,0.421549791422,300.0,44.80132981011815,-5.501454181981906,42.87417880846161,-5.26239813011359,43.2767629,-5.30793474
20.0,0.421549791422,310.0,42.3352591333624,-5.257674305697628,41.6583577479006,-5.299949038884187,41.915922,-5.33326706
20.0,0.421549791422,320.0,41.06200486058536,-5.375508134026841,40.988621181080205,-5.440583079839332,40.9738018,-5.40686812
20.0,0.421549791422,330.0,40.16158990769407,-5.466091745138234,40.658559795140434,-5.541880866967229,40.4911943,-5.49345787
20.0,0.421549791422,340.0,39.74710734047912,-5.56428651011265,40.6096279271295,-5.623227739487959,40.4887367,-5.60609876
20.0,0.421549791422,350.0,39.47770832613535,-5.608207155951549,40.77159289925807,-5.677912150785985,40.6484541,-5.67573479
20.0,0.478692875603,0.0,66.81554699320063,-10.01239050922001,63.81802923226934,-7.975113483401123,63.5040458,-9.19611993
20.0,0.478692875603,10.0,67.42162325663965,-10.13440776640113,64.90661058426336,-7.886331560702888,64.4180311,-9.26446665
20.0,0.478692875603,20.0,68.53636742905222,-10.213356552544377,66.24037172118393,-7.768192188666505,66.1004016,-9.22806215
20.0,0.478692875603,30.0,70.26918951197638,-10.308472122603407,67.81830043895515,-7.642879923854636,68.5201713,-9.03676748
20.0,0.478692875603,40.0,70.7912340320155,-10.292263446567183,69.53908813088653,-7.537909624368193,71.1919983,-8.76702614
20.0,0.478692875603,50.0,71.24972602504687,-9.963463662790081,71.57969404213542,-7.398455438993529,73.6846249,-8.49419631
20.0,0.478692875603,60.0,74.36964309329379,-9.420100167144327,73.61189057903445,-7.141439032513731,75.3975143,-8.17818854
20.0,0.478692875603,70.0,76.98842989197281,-8.857946325072533,75.32903448791473,-6.754747046610526,76.7811551,-7.61317839
20.0,0.478692875603,80.0,78.68264588149701,-8.429889149703852,76.69246243445177,-6.295628873669432,77.6038702,-6.86888771
20.0,0.478692875603,90.0,80.15602331828394,-7.8444055080324775,77.81333001752223,-5.824764398609525,77.8827551,-6.09046347
20.0,0.478692875603,100.0,81.12965351642407,-7.134258566944682,78.05970683755062,-5.21818813838422,77.5374352,-5.2874363
20.0,0.478692875603,110.0,81.27644770887127,-6.327865727212364,77.97986370339214,-4.63696537423829,77.3440567,-4.64261958
20.0,0.478692875603,120.0,80.68040101293974,-5.480295433067121,77.76154952839228,-4.146300526597481,76.6082256,-4.00516631
20.0,0.478692875603,130.0,79.68927264600394,-4.682524210460584,76.9484574851016,-3.6456431689957065,75.7331687,-3.46737549
20.0,0.478692875603,140.0,78.28020317609077,-3.9540212111532345,75.95306968143636,-3.220175493180621,74.6912347,-2.99790876
20.0,0.478692875603,150.0,76.46102339568304,-3.291783902080292,75.72470411164588,-3.026354307990879,73.4832117,-2.59323364
20.0,0.478692875603,160.0,74.58785705363218,-2.7281184119843656,74.42987304775937,-2.721918731367196,72.3423531,-2.30432584
20.0,0.478692875603,170.0,72.73907004438838,-2.280907405507288,73.67549908259174,-2.610593501110245,71.3041334,-2.12817686
20.0,0.478692875603,180.0,70.7746719552551,-1.9360678442929795,72.83319861891466,-2.567276152223425,70.4236142,-2.06134657
20.0,0.478692875603,190.0,68.93416114741096,-1.7020016962668347,72.1335967451438,-2.6258793329225085,69.7557407,-2.10529486
20.0,0.478692875603,200.0,67.31031612288876,-1.580009468916165,71.56302802396492,-2.7791484400062827,69.2836781,-2.25580413
20.0,0.478692875603,210.0,66.02254222736524,-1.5780701096094842,71.13200868701706,-3.0229834224842893,68.9703564,-2.50840012
20.0,0.478692875603,220.0,65.0677673978819,-1.6890911171789453,70.79179677279932,-3.337872676052081,68.8338735,-2.86148331
20.0,0.478692875603,230.0,64.44347179384293,-1.9099000123008685,70.38125163295491,-3.6990586682390014,68.713522,-3.26981953
20.0,0.478692875603,240.0,64.06271582676126,-2.240094353372374,69.37247736854317,-3.994929474387092,68.6888039,-3.75843449
20.0,0.478692875603,250.0,64.0925703638618,-2.7061354937387274,69.12688140997598,-4.516309007614912,68.8213638,-4.36614131
20.0,0.478692875603,260.0,64.63532306905049,-3.311339502498361,68.66762374045841,-5.035637403493122,68.690428,-4.98128037
20.0,0.478692875603,270.0,65.39328568617822,-4.052166187222206,67.9989811980869,-5.526577944559847,68.528579,-5.6468792
20.0,0.478692875603,280.0,66.59191764265063,-5.012459676354418,67.20588655683333,-6.01214671472469,68.2048547,-6.35092212
20.0,0.478692875603,290.0,67.66191280008303,-6.077158358250501,66.20692210622475,-6.431838772693943,67.7129971,-7.03830711
20.0,0.478692875603,300.0,68.05116725015361,-7.096876900049406,65.09323416881666,-6.755791487712874,67.0591176,-7.51242345
20.0,0.478692875603,310.0,68.16591688390325,-7.924488937923463,64.17178291591382,-7.011852380667349,66.0814474,-7.94289653
20.0,0.478692875603,320.0,66.93019050299284,-9.021977829988552,63.56196258876312,-7.212790052583728,64.5661475,-8.31661243
20.0,0.478692875603,330.0,65.24868994518106,-9.41503483458931,63.14985054479573,-7.476470581972663,63.3176177,-8.67583764
20.0,0.478692875603,340.0,65.64473103594759,-9.54899768030888,63.004259939783545,-7.729371249273574,62.6362781,-8.9522032
20.0,0.478692875603,350.0,66.60623366193366,-9.793618268319824,63.18044362763771,-7.921348560485815,62.8714685,-9.09666882
20.0,0.541553860654,0.0,75.53046425829814,-10.160665747398149,79.18448157672016,-9.52667172106059,73.6099917,-7.97813818
20.0,0.541553860654,10.0,76.04617739350353,-10.259869998808819,80.30090614647195,-9.52283538872162,74.5483908,-8.0000119
20.0,0.541553860654,20.0,77.20994439185621,-10.185431703520726,81.75882368524397,-9.417623068068464,75.7428103,-7.93535944
20.0,0.541553860654,30.0,78.92027140915528,-9.975991138981769,83.41950560036724,-9.322713645599212,77.0485372,-7.73871992
20.0,0.541553860654,40.0,80.99494137573973,-9.697739493949912,85.23936428482311,-9.181152636652866,78.4841908,-7.45214084
20.0,0.541553860654,50.0,82.86181891021776,-9.376465538839126,87.2185415661594,-8.943771595373017,80.0534433,-7.12304225
20.0,0.541553860654,60.0,84.52351279122034,-9.073921605800818,89.06258228918132,-8.546259583538639,81.3955041,-6.68483315
20.0,0.541553860654,70.0,86.21445298622865,-8.622223256801199,90.58450665581624,-8.033205688718418,82.4209523,-6.16839938
20.0,0.541553860654,80.0,87.59671716455004,-8.00912276254331,91.6626288746259,-7.441917663033153,83.2574742,-5.62562572
20.0,0.541553860654,90.0,88.54406471065292,-7.3137808721614705,92.43721800016742,-6.8395952648995575,83.9188203,-5.08051861
20.0,0.541553860654,100.0,88.75587838848774,-6.514924495822442,92.36809333059124,-6.122841515748806,84.3609457,-4.5626024
20.0,0.541553860654,110.0,88.43381324972081,-5.684249240614674,91.88768069251373,-5.425985436850176,85.0589999,-4.18276326
20.0,0.541553860654,120.0,87.73004882865945,-4.894237964215955,91.10064780750992,-4.7970048690201965,84.9375171,-3.72080501
20.0,0.541553860654,130.0,86.53002654030658,-4.137836260467895,89.84901499437855,-4.201521793666664,84.5349728,-3.28181289
20.0,0.541553860654,140.0,84.97046768714057,-3.4391991709928713,88.46179953398591,-3.697828143052458,83.8932456,-2.887716
20.0,0.541553860654,150.0,83.4035891545104,-2.8376130817394727,87.53016480325478,-3.371163370291633,83.1639429,-2.58139279
20.0,0.541553860654,160.0,81.63315949226772,-2.32911986445076,86.06975808995941,-3.0414967978204075,82.3239067,-2.3558561
20.0,0.541553860654,170.0,79.72855786414709,-1.9178085651918098,85.13267145827646,-2.9027732860958864,81.4619644,-2.21580357
20.0,0.541553860654,180.0,77.89678431013303,-1.6137618611261937,84.27193577685422,-2.8609469877804568,80.6411116,-2.16356943
20.0,0.541553860654,190.0,76.16483338730355,-1.4140771921612878,83.65648159499206,-2.9405843766365543,79.8912082,-2.19829566
20.0,0.541553860654,200.0,74.6490592028362,-1.3214852151831906,83.25126363713525,-3.1319998053877374,79.2163017,-2.31717587
20.0,0.541553860654,210.0,73.41480969794814,-1.3356620574392954,83.04542144562849,-3.431766222670722,78.5970421,-2.51609257
20.0,0.541553860654,220.0,72.52281849281272,-1.4591758005424853,82.99073335907308,-3.8150635666275297,77.9776642,-2.78504099
20.0,0.541553860654,230.0,72.03465630451917,-1.704355805713179,82.96241104453345,-4.268134409313517,77.4213125,-3.12613403
20.0,0.541553860654,240.0,71.87871043781095,-2.0578422955216973,82.5902657908634,-4.722996812968933,76.9869655,-3.52890836
20.0,0.541553860654,250.0,71.875725261407,-2.5078314493228513,82.62769899213068,-5.33803537106886,76.4488555,-3.9453654
20.0,0.541553860654,260.0,72.22085222284112,-3.0848246092479563,82.42546556140609,-5.955477907205165,75.4096387,-4.29525231
20.0,0.541553860654,270.0,72.99548223933682,-3.7807099430385644,82.09580686023492,-6.5733949924474855,74.7735973,-4.7626332
20.0,0.541553860654,280.0,73.82754837532984,-4.570896711716403,81.55928108339594,-7.177628590667543,74.2986089,-5.28404151
20.0,0.541553860654,290.0,74.87382242225613,-5.501665111462964,80.813097887112,-7.728803279663066,73.9197653,-5.81390509
20.0,0.541553860654,300.0,75.90231072832864,-6.50482374930374,79.96076051504438,-8.199772544679343,73.5239636,-6.32518188
20.0,0.541553860654,310.0,76.43038395734975,-7.455845929856369,79.16192766456268,-8.55172852518745,73.0316594,-6.76463727
20.0,0.541553860654,320.0,76.42681606817122,-8.199711057059854,78.59305146000453,-8.810002438098753,72.6410301,-7.14836527
20.0,0.541553860654,330.0,76.42334581929967,-8.731698311860114,78.25031369962547,-9.053523276327608,72.5297257,-7.49430912
20.0,0.541553860654,340.0,76.1379427563135,-9.353912006879233,78.17294563445778,-9.29644605265722,72.619951,-7.74018661
20.0,0.541553860654,350.0,75.6527761451419,-9.862068856701875,78.47058195801311,-9.450280139649076,72.9603282,-7.891378
20.0,0.60965433652,0.0,87.27116765072356,-10.009445115547416,93.02185667403756,-10.6621452741406,86.8542032,-9.06409201
20.0,0.60965433652,10.0,87.94949365228176,-10.146902909684478,94.14907522586628,-10.684334564716252,87.8620021,-9.08214271
20.0,0.60965433652,20.0,89.03103220880536,-10.166032686921382,95.59026014224662,-10.671516972539957,89.1901519,-9.02800029
20.0,0.60965433652,30.0,90.2582758250453,-10.109815123691751,97.30523964814697,-10.602681535123914,90.764707,-8.89116529
20.0,0.60965433652,40.0,91.6990616746066,-9.969968548952046,99.21138544099811,-10.416958773955477,92.4891351,-8.6676524
20.0,0.60965433652,50.0,93.42669779931445,-9.739552230810656,101.15417855196851,-10.10294849859153,94.2220922,-8.35139132
20.0,0.60965433652,60.0,95.03644613539743,-9.308319194908993,102.9340316381506,-9.651734749067275,95.9591118,-7.98255038
20.0,0.60965433652,70.0,96.5231393479688,-8.767630107002075,104.38586092205884,-9.08958328128,97.5246219,-7.55409608
20.0,0.60965433652,80.0,97.74963950396453,-8.148712673532216,105.35466547306646,-8.440022892371838,98.713589,-7.0442311
20.0,0.60965433652,90.0,98.41028907912786,-7.420842980446866,105.99742199821668,-7.783566313283964,99.558437,-6.48076539
20.0,0.60965433652,100.0,98.54932520931285,-6.628853361923532,105.81045930469774,-7.016506851681974,100.112845,-5.916015
20.0,0.60965433652,110.0,98.31940858374978,-5.8362402166160505,105.18471803424804,-6.264252065174024,100.621102,-5.43581462
20.0,0.60965433652,120.0,97.69638015258171,-5.078671937970292,104.20123223401582,-5.574983435183576,100.48055,-4.92226171
20.0,0.60965433652,130.0,96.51991634435029,-4.336520560439155,102.84095637523536,-4.939016542268793,99.9182402,-4.42737916
20.0,0.60965433652,140.0,95.13772457596227,-3.6585377895337086,101.35462971327468,-4.401807908124997,99.1618288,-3.98896551
20.0,0.60965433652,150.0,93.72333705352753,-3.0771809886073345,100.16500753706543,-4.021988606463251,98.3557014,-3.63809563
20.0,0.60965433652,160.0,92.0403518491595,-2.580302830613069,98.75360822763776,-3.693119435640677,97.4753331,-3.37710176
20.0,0.60965433652,170.0,90.24706504073667,-2.1798293797871144,97.77331078883044,-3.541927570225772,96.57513,-3.21316848
20.0,0.60965433652,180.0,88.50521382075044,-1.884710410508557,96.9581936042752,-3.50751644906714,95.708553,-3.14947721
20.0,0.60965433652,190.0,86.8636134592849,-1.6951088338839775,96.4205493268065,-3.605551352265598,94.9140623,-3.18681556
20.0,0.60965433652,200.0,85.39726823908126,-1.6122397081362296,96.11225954815691,-3.824602746152547,94.1918991,-3.32100832
20.0,0.60965433652,210.0,84.19166384050398,-1.6380131241547284,96.01575128403152,-4.153220949911446,93.5305301,-3.54536699
20.0,0.60965433652,220.0,83.26413553605133,-1.7714658738154623,96.07204247199525,-4.576473392847223,92.9394008,-3.85209117
20.0,0.60965433652,230.0,82.75653856553382,-2.0314067542874334,96.161396370466,-5.080422290981846,92.4886282,-4.23932401
20.0,0.60965433652,240.0,82.57135748861465,-2.4015160358067265,96.03592644408634,-5.617026249386793,92.0725043,-4.6840765
20.0,0.60965433652,250.0,82.49263175225954,-2.863841761402779,96.10472520287496,-6.275079871435684,91.4864956,-5.1513149
20.0,0.60965433652,260.0,82.66817422361841,-3.437523868802007,95.97192412881336,-6.943110244761498,90.5742796,-5.59558194
20.0,0.60965433652,270.0,83.26125620804828,-4.117152022940238,95.72135462991214,-7.6154617251747,89.8123244,-6.10433254
20.0,0.60965433652,280.0,83.95708543037411,-4.882619818942977,95.21392256487847,-8.262360430416448,89.1408567,-6.63520777
20.0,0.60965433652,290.0,84.69771126050374,-5.728011815537871,94.5087531049948,-8.85618060901213,88.4023318,-7.1300034
20.0,0.60965433652,300.0,85.63838598745188,-6.664891343172633,93.70434251795116,-9.372874261926055,87.5666876,-7.56767344
20.0,0.60965433652,310.0,86.32466257002565,-7.578635257735815,92.93093615018222,-9.785344354984108,86.8331468,-7.96937387
20.0,0.60965433652,320.0,86.59915375680878,-8.386434620615077,92.30768672131455,-10.087443521289726,86.3262415,-8.34062478
20.0,0.60965433652,330.0,86.70411775849183,-9.060833809669822,91.96738224604373,-10.291430287229732,86.0015208,-8.63286179
20.0,0.60965433652,340.0,86.64945439472348,-9.488632515707796,91.95344716174866,-10.451971145112823,85.9339163,-8.84181788
20.0,0.60965433652,350.0,86.84897191185706,-9.784736653710494,92.28297321443311,-10.586199926823555,86.200372,-8.98125922
20.0,0.682476017461,0.0,99.1573898034272,-10.592098656228897,107.2264116793127,-11.80894076407002,101.045052,-10.1647792
20.0,0.682476017461,10.0,99.86685947566738,-10.71436780488566,108.33591227641016,-11.835522385793602,102.050545,-10.1679536
20.0,0.682476017461,20.0,100.880523398347,-10.73892291706896,109.79552866582748,-11.785993995632827,103.393758,-10.1002034
20.0,0.682476017461,30.0,102.229879499767,-10.689163732651934,111.55556848621671,-11.672143270808611,105.005524,-9.95724115
20.0,0.682476017461,40.0,103.70026682092566,-10.484326016765895,113.4373931015205,-11.429533764623343,106.801738,-9.73947997
20.0,0.682476017461,50.0,105.27759836405248,-10.146576861670638,115.349815023805,-11.068540250238083,108.648464,-9.43888325
20.0,0.682476017461,60.0,106.81952392851491,-9.69718595828328,117.07443102364518,-10.592781675634216,110.440431,-9.06432194
20.0,0.682476017461,70.0,108.25253466302885,-9.16230785309992,118.4694486905148,-10.016295743206385,112.016072,-8.6147058
20.0,0.682476017461,80.0,109.3612118498417,-8.529284730615094,119.38669019388608,-9.347646495439257,113.272555,-8.09428976
20.0,0.682476017461,90.0,109.9274098991912,-7.791946535671989,120.03951364215816,-8.681187978889673,114.235159,-7.52972897
20.0,0.682476017461,100.0,110.14205759418988,-7.016336152314071,119.86712735812114,-7.903496739622277,114.872695,-6.95070782
20.0,0.682476017461,110.0,110.0224213398424,-6.25412265891602,119.2665884091981,-7.139206823262864,115.373395,-6.43472375
20.0,0.682476017461,120.0,109.53477772067819,-5.516989922936573,118.30257780119564,-6.436155871248957,115.338354,-5.90899972
20.0,0.682476017461,130.0,108.52579906977847,-4.794645809622352,117.03568458302792,-5.796186881066163,114.901139,-5.41210006
20.0,0.682476017461,140.0,107.32398144700043,-4.132008778743187,115.6337548813772,-5.256033430028935,114.20642,-4.9688809
20.0,0.682476017461,150.0,106.02048518078936,-3.553284002002996,114.43254817616508,-4.863679787159541,113.416192,-4.60805763
20.0,0.682476017461,160.0,104.53414825361546,-3.0676713837209437,113.17687900171128,-4.555033842214729,112.562302,-4.33807796
20.0,0.682476017461,170.0,102.8632346269407,-2.672977408625157,112.25808808843584,-4.406465041097263,111.688555,-4.16875121
20.0,0.682476017461,180.0,101.2180827444173,-2.382973714620619,111.53808975921083,-4.386702856433145,110.838793,-4.10521696
20.0,0.682476017461,190.0,99.66368192669628,-2.2004628769569483,111.0837441754174,-4.504312702389504,110.044623,-4.14815254
20.0,0.682476017461,200.0,98.25886697232968,-2.126738580962855,110.85000819571928,-4.742394621046511,109.311669,-4.29274009
20.0,0.682476017461,210.0,97.05353262371892,-2.162072019538386,110.80707758904286,-5.09135679020292,108.648809,-4.53186661
20.0,0.682476017461,220.0,96.15978570145859,-2.317085869910398,110.8875954761218,-5.54210950597655,108.062281,-4.85468964
20.0,0.682476017461,230.0,95.61487387911849,-2.593547073027558,110.96041239604926,-6.076457576471898,107.541686,-5.25264052
20.0,0.682476017461,240.0,95.35261943730708,-2.9802090692858814,110.89759133221588,-6.656426110748163,107.004282,-5.71012358
20.0,0.682476017461,250.0,95.09210742477536,-3.452817447724438,110.87274957959556,-7.331977321268543,106.337906,-6.20351337
20.0,0.682476017461,260.0,95.13141493697766,-4.031683922861763,110.68759517781064,-8.020208256987804,105.430821,-6.69249701
20.0,0.682476017461,270.0,95.55519158166675,-4.71058363216827,110.37316131638804,-8.707196717248564,104.575953,-7.21994962
20.0,0.682476017461,280.0,96.08094144990953,-5.4673950550963495,109.79224057492604,-9.359500791856652,103.789814,-7.75855931
20.0,0.682476017461,290.0,96.63598271306235,-6.284488564624111,109.0402792321546,-9.95567965902495,102.975977,-8.26723992
20.0,0.682476017461,300.0,97.24500767157662,-7.146529967041011,108.19790750421248,-10.47605704639738,102.100902,-8.72246281
20.0,0.682476017461,310.0,97.85171525895497,-8.009980764148171,107.38132270022106,-10.914531475569763,101.287181,-9.12329246
20.0,0.682476017461,320.0,98.2265572835099,-8.802875095728506,106.70320051363676,-11.236181314451692,100.647381,-9.46806698
20.0,0.682476017461,330.0,98.41124629003498,-9.477537808134215,106.27626287552124,-11.466888439149708,100.244593,-9.74550258
20.0,0.682476017461,340.0,98.51428193805131,-9.999842054311054,106.20263833245184,-11.636319012373477,100.148966,-9.95355117
20.0,0.682476017461,350.0,98.74988051164948,-10.371142296744463,106.5100861165798,-11.740814439565447,100.399952,-10.0905765
20.0,0.759464686512,0.0,112.47280810227583,-11.04077422738238,122.4430130955595,-12.7551927897059,116.073921,-11.0065357
20.0,0.759464686512,10.0,113.21155555259926,-11.171077091596446,123.50820998266228,-12.738466769105012,117.051487,-10.9930034
20.0,0.759464686512,20.0,114.23281285138218,-11.183098954171689,124.89554407974306,-12.628955571683244,118.380905,-10.9136958
20.0,0.759464686512,30.0,115.48941863138717,-11.071241258940766,126.56960211218302,-12.440489886488272,119.983893,-10.763042
20.0,0.759464686512,40.0,116.83585126709913,-10.818534878139223,128.3919029440583,-12.158784043613712,121.769347,-10.5387032
20.0,0.759464686512,50.0,118.38101115546024,-10.479047306812616,130.22118906341487,-11.778259715498208,123.604371,-10.233702
20.0,0.759464686512,60.0,119.78607095796065,-10.017301734535586,131.88394225125913,-11.297217445007282,125.377733,-9.85535696
20.0,0.759464686512,70.0,121.0739423357038,-9.463976302151597,133.2402787457663,-10.720139183035409,126.986492,-9.41056285
20.0,0.759464686512,80.0,121.93700986897113,-8.795395236025875,134.08496810828663,-10.056428316984592,128.368933,-8.90637563
20.0,0.759464686512,90.0,122.52502946867942,-8.068229992245875,134.82056838348382,-9.407067834548288,129.467639,-8.35682814
20.0,0.759464686512,100.0,122.81188763157888,-7.315813693259145,134.72984956593623,-8.645568716937879,130.224099,-7.78885247
20.0,0.759464686512,110.0,122.80339294762034,-6.586051654590943,134.23320232265192,-7.904061514726902,130.777646,-7.26607408
20.0,0.759464686512,120.0,122.34881510717332,-5.858598356207543,133.4012405598646,-7.218398967164369,130.849374,-6.74292413
20.0,0.759464686512,130.0,121.50299421350245,-5.159171817961775,132.3150312490474,-6.601864333355391,130.535471,-6.25128696
20.0,0.759464686512,140.0,120.4881678171311,-4.512815767120697,131.09015792961048,-6.081774848674076,129.95704,-5.81457575
20.0,0.759464686512,150.0,119.32788234468696,-3.947804903732276,130.0097772515791,-5.6986910684260605,129.252952,-5.45881078
20.0,0.759464686512,160.0,117.99417998372441,-3.4777315468404857,128.9539979014451,-5.422326372459782,128.468735,-5.19363431
20.0,0.759464686512,170.0,116.4729416954129,-3.097976159647889,128.1603674788876,-5.29269797290358,127.656722,-5.03030579
20.0,0.759464686512,180.0,114.96063840771824,-2.822657901296856,127.57141696923844,-5.295250402261204,126.854045,-4.97435243
20.0,0.759464686512,190.0,113.51893244491957,-2.6555226044824773,127.22140726739131,-5.430868614481725,126.091846,-5.02698785
20.0,0.759464686512,200.0,112.20391184418887,-2.5985891426320866,127.06478005425454,-5.688826304526148,125.377165,-5.18276365
20.0,0.759464686512,210.0,111.06312733221667,-2.6524958776151384,127.06177111579623,-6.060935972081755,124.719484,-5.4335914
20.0,0.759464686512,220.0,110.23280828558504,-2.8319571482236814,127.1395277798955,-6.531312745450603,124.106822,-5.76762184
20.0,0.759464686512,230.0,109.6945852810011,-3.129904664708786,127.1642715839766,-7.0836853380205325,123.521218,-6.17588708
20.0,0.759464686512,240.0,109.34651112441026,-3.5341386715541288,127.0827736439947,-7.6851911143803955,122.899682,-6.64472939
20.0,0.759464686512,250.0,109.02412601908694,-4.024624820442082,126.93559408239058,-8.36054907541588,122.152475,-7.150497
20.0,0.759464686512,260.0,108.91489214971769,-4.605843800173904,126.65178272334428,-9.049732120346766,121.195015,-7.65754367
20.0,0.759464686512,270.0,109.21928945567925,-5.289375728287497,126.2069125649408,-9.727399917846286,120.238238,-8.18945397
20.0,0.759464686512,280.0,109.57984359591894,-6.032775600859608,125.54400256188616,-10.3642369758673,119.313439,-8.72078756
20.0,0.759464686512,290.0,109.985864650679,-6.822556134642881,124.72024067856326,-10.938933173562887,118.399327,-9.22184332
20.0,0.759464686512,300.0,110.39059269857715,-7.644163028901248,123.77170362384352,-11.438264076228142,117.471058,-9.67141413
20.0,0.759464686512,310.0,110.8170759248811,-8.449853391378635,122.89955192427134,-11.857453897830228,116.596729,-10.0607045
20.0,0.759464686512,320.0,111.19717179059685,-9.206619436290493,122.15099976823244,-12.18888720005699,115.885284,-10.3865359
20.0,0.759464686512,330.0,111.49641496164277,-9.869051415671702,121.68137385370076,-12.443113899056334,115.412217,-10.6419112
20.0,0.759464686512,340.0,111.6539449906608,-10.384575795473642,121.5471308714054,-12.617361744468605,115.25616,-10.8292173
20.0,0.759464686512,350.0,112.00154662732793,-10.786631136727062,121.7800999189222,-12.71107381787833,115.462881,-10.9490605
20.0,0.840034413416,0.0,127.18760104519303,-11.701791216119783,138.98841556416167,-13.788492566183896,132.601829,-12.0981149
20.0,0.840034413416,10.0,127.90107558811594,-11.815943267900112,139.95840776619346,-13.725423493672816,133.544769,-12.0685179
20.0,0.840034413416,20.0,128.85262164236192,-11.799923194725782,141.29078846466192,-13.589963998656351,134.85564,-11.97663
20.0,0.840034413416,30.0,130.08643623273784,-11.677848480440618,142.87112005266383,-13.37364676241547,136.453027,-11.8163139
20.0,0.840034413416,40.0,131.41607524768366,-11.420294074795992,144.6289370289777,-13.071214363587243,138.250148,-11.5870989
20.0,0.840034413416,50.0,132.7872337592623,-11.048313290500836,146.40619685888095,-12.680242683768526,140.123736,-11.2848655
20.0,0.840034413416,60.0,134.2002521516664,-10.586725910600075,148.02960440161627,-12.197083624813844,141.972525,-10.9166867
20.0,0.840034413416,70.0,135.24577133017644,-9.987293911689166,149.3632359922428,-11.623194261224144,143.7125,-10.4886572
20.0,0.840034413416,80.0,136.1164253801548,-9.31420877349765,150.26397534160387,-10.97057826683116,145.260143,-10.0033146
20.0,0.840034413416,90.0,136.7890709802276,-8.597804504769996,151.13983871348265,-10.347077806825274,146.536997,-9.47236346
20.0,0.840034413416,100.0,137.11154621446877,-7.857018577865066,151.21891807428094,-9.612252056466756,147.487993,-8.92222675
20.0,0.840034413416,110.0,137.24459490943752,-7.1429892245055635,150.9123974167304,-8.898544632662981,148.199929,-8.40499248
20.0,0.840034413416,120.0,136.87388917540483,-6.422345719741023,150.29810553226233,-8.240552783203627,148.476247,-7.89439885
20.0,0.840034413416,130.0,136.20132289934332,-5.73890338357986,149.4757955539678,-7.652943648734841,148.368781,-7.41593228
20.0,0.840034413416,140.0,135.3658098327814,-5.106384762939844,148.4980690856333,-7.1609718815520695,147.967179,-6.99204444
20.0,0.840034413416,150.0,134.3599284762258,-4.551405180759543,147.62273551148962,-6.799160565487431,147.403789,-6.64858944
20.0,0.840034413416,160.0,133.22370562665688,-4.091205208897797,146.80661743959493,-6.553680397919277,146.734206,-6.39628457
20.0,0.840034413416,170.0,131.88109111875937,-3.7276586152058497,146.19024291886032,-6.449610782925652,146.019354,-6.24626836
20.0,0.840034413416,180.0,130.53566143702975,-3.4701028106472713,145.76440648026528,-6.479606269233119,145.296036,-6.20379372
20.0,0.840034413416,190.0,129.2441477861565,-3.3229341413048243,145.5372746773958,-6.64283832739585,144.590076,-6.26943877
20.0,0.840034413416,200.0,128.05793148809758,-3.288602771004453,145.46500533848453,-6.929225349787893,143.90719,-6.43771472
20.0,0.840034413416,210.0,127.08608305069026,-3.378036546949241,145.50032878630745,-7.327785396725774,143.243594,-6.70013214
20.0,0.840034413416,220.0,126.35832554813588,-3.5904564532141983,145.52805208990972,-7.821962908564482,142.577323,-7.04532406
20.0,0.840034413416,230.0,125.85292654632593,-3.918148989459884,145.4982829771492,-8.392689110120145,141.875735,-7.46271093
20.0,0.840034413416,240.0,125.33958766545699,-4.341127883354757,145.3340535596185,-9.013889671877486,141.089598,-7.93752985
20.0,0.840034413416,250.0,124.97073359379492,-4.857490774686641,145.03310073909662,-9.690410908041969,140.170716,-8.44786287
20.0,0.840034413416,260.0,124.80012002754769,-5.455996929650323,144.58853316913846,-10.374185406932732,139.068484,-8.9624695
20.0,0.840034413416,270.0,124.97484977951542,-6.1515609820263135,143.9550281501768,-11.03518511484704,137.936137,-9.48902295
20.0,0.840034413416,280.0,125.1276600794096,-6.889193901518017,143.1376002501339,-11.65261592171231,136.818515,-10.0053577
20.0,0.840034413416,290.0,125.38959618853225,-7.674405128370918,142.1184394733112,-12.198220561388297,135.706725,-10.4846228
20.0,0.840034413416,300.0,125.55342607710321,-8.465103319776247,141.0487451906899,-12.666151122656908,134.607891,-10.9103532
20.0,0.840034413416,310.0,125.7776767038898,-9.236065925588655,140.00364799296736,-13.049466560679596,133.586405,-11.2742649
20.0,0.840034413416,320.0,126.09042742804338,-9.96624863675601,139.15696349495985,-13.351087653715677,132.747025,-11.5740291
20.0,0.840034413416,330.0,126.21708213497546,-10.578243552336192,138.54377805772558,-13.567642288658648,132.163337,-11.8032384
20.0,0.840034413416,340.0,126.44294708650858,-11.084821931230852,138.28705246633382,-13.711408983230898,131.913225,-11.9647101
20.0,0.840034413416,350.0,126.71220296181417,-11.45690050366902,138.4262787243185,-13.783252895951287,132.044037,-12.0605656
20.0,0.923572013902,0.0,142.6129109529904,-12.297118502387878,156.35541190220852,-14.769396459481824,149.944206,-13.1252778
20.0,0.923572013902,10.0,143.26584432431187,-12.38548089526999,157.18267172734193,-14.662178677291353,150.81969,-13.0728963
20.0,0.923572013902,20.0,144.1103562596993,-12.338589133988776,158.3781832770297,-14.48627197394832,152.072576,-12.9606611
20.0,0.923572013902,30.0,145.12214862243738,-12.159090833464578,159.88046629593916,-14.23992898284896,153.625303,-12.7846029
20.0,0.923572013902,40.0,146.41215022299403,-11.89680622310284,161.51886541717812,-13.916510070681792,155.394717,-12.5455961
20.0,0.923572013902,50.0,147.63546611530387,-11.4952034213016,163.1908555922777,-13.50959512498882,157.265949,-12.2411372
20.0,0.923572013902,60.0,148.716349714568,-10.969643714862592,164.78074251718007,-13.020343495983855,159.155731,-11.877408
20.0,0.923572013902,70.0,149.73285795436922,-10.362879051673561,166.04740155043945,-12.448733369445264,160.983675,-11.4587884
20.0,0.923572013902,80.0,150.55193629110846,-9.679045697083351,167.02207137869826,-11.811274717686276,162.657641,-10.9877277
20.0,0.923572013902,90.0,151.19674829763164,-8.965781231819024,168.01795369915365,-11.214618049921585,164.084496,-10.476358
20.0,0.923572013902,100.0,151.55532865549,-8.240329157461165,168.25680449473398,-10.510105317410732,165.202816,-9.94784631
20.0,0.923572013902,110.0,151.67786771543285,-7.527363949113896,168.1234630310758,-9.831572762909056,166.063292,-9.44454706
20.0,0.923572013902,120.0,151.40478082327084,-6.821639065533054,167.72308110609342,-9.207299313175271,166.522978,-8.95284855
20.0,0.923572013902,130.0,150.89769640850045,-6.156515940109075,167.14687258929837,-8.655689423090507,166.612814,-8.49449517
20.0,0.923572013902,140.0,150.25122894691899,-5.545259125601652,166.424331594122,-8.198924694215172,166.406736,-8.09175206
20.0,0.923572013902,150.0,149.4465724261514,-5.01582600337071,165.7789813704974,-7.868813346456609,166.01885,-7.7689435
20.0,0.923572013902,160.0,148.50823213775487,-4.579466427460242,165.21255315593484,-7.661001470806244,165.508759,-7.53799988
20.0,0.923572013902,170.0,147.38135978645604,-4.243269042015475,164.80983709035004,-7.591085057092979,164.93325,-7.40934934
20.0,0.923572013902,180.0,146.27859071161447,-4.019317808539036,164.58249324064374,-7.657515684543928,164.325804,-7.38752451
20.0,0.923572013902,190.0,145.22311641625876,-3.907993108055902,164.51976132821662,-7.856605387691271,163.70997,-7.47286761
20.0,0.923572013902,200.0,144.28280578557138,-3.9155268260266216,164.57844936589458,-8.178480050570778,163.081481,-7.65894491
20.0,0.923572013902,210.0,143.5378488648994,-4.0495352642104,164.68657361061264,-8.610504797365847,162.430356,-7.93723359
20.0,0.923572013902,220.0,142.97318791206234,-4.302716257539801,164.7313712599912,-9.13345030544007,161.727844,-8.29602387
20.0,0.923572013902,230.0,142.46428251487143,-4.6627867882104885,164.6982061257517,-9.727035009214209,160.936436,-8.72292872
20.0,0.923572013902,240.0,142.01229853073662,-5.121975152806216,164.47695243994,-10.36995382400292,160.031806,-9.20376403
20.0,0.923572013902,250.0,141.65545732607097,-5.669606769337148,164.07205814379867,-11.049142226993588,158.977698,-9.71635174
20.0,0.923572013902,260.0,141.46328891135514,-6.289304712557219,163.4922032419178,-11.727192003128422,157.745336,-10.2320675
20.0,0.923572013902,270.0,141.51274491901358,-6.991313613836158,162.68680885168192,-12.370148998992862,156.452097,-10.7490779
20.0,0.923572013902,280.0,141.53763148351052,-7.73151833449319,161.73101272229235,-12.964537410691731,155.154595,-11.2479422
20.0,0.923572013902,290.0,141.59210775452334,-8.49671768792802,160.51539489265207,-13.476755979165304,153.862465,-11.7040822
20.0,0.923572013902,300.0,141.58835363573752,-9.262120899293038,159.30383831236622,-13.9085536380806,152.604491,-12.1036989
20.0,0.923572013902,310.0,141.6626753007622,-10.008259333856607,158.0983312932349,-14.249292119321742,151.440647,-12.4388582
20.0,0.923572013902,320.0,141.68846947754298,-10.674202034147463,157.0723565520302,-14.50716301837752,150.469653,-12.7082807
20.0,0.923572013902,330.0,141.82898402760628,-11.263020433900207,156.32282096136382,-14.6811488615525,149.770666,-12.9085373
20.0,0.923572013902,340.0,141.91626723366528,-11.729067450762397,155.92939329359027,-14.780522866180483,149.420539,-13.0427162
20.0,0.923572013902,350.0,142.16322352763765,-12.075853312642232,155.9327887464226,-14.808572183530512,149.463319,-13.1124592
20.0,1.009441716388,0.0,158.1894767833139,-12.56665424643005,174.75423924599525,-15.5486444964921,167.259866,-13.7189902
20.0,1.009441716388,10.0,158.7148713432494,-12.61428680034458,175.37373394518818,-15.388339610683444,168.014522,-13.6376112
20.0,1.009441716388,20.0,159.38431999408098,-12.52534173539674,176.3390819468434,-15.163508667015124,169.142945,-13.4994643
20.0,1.009441716388,30.0,160.17571952186748,-12.30368064083721,177.60940707996988,-14.875025997245263,170.571499,-13.3018485
20.0,1.009441716388,40.0,161.06594599704533,-11.960290139466675,179.09010751760127,-14.518062747180082,172.23279,-13.0472074
20.0,1.009441716388,50.0,162.06420132996837,-11.52052376902155,180.569751955111,-14.085445952009737,174.04166,-12.7355691
20.0,1.009441716388,60.0,162.93140091059917,-10.9584842913893,181.9747740446503,-13.582124842708566,175.922577,-12.3710189
20.0,1.009441716388,70.0,163.79155008418098,-10.330430671029477,183.21126575673017,-13.00895782229089,177.78645,-11.9575127
20.0,1.009441716388,80.0,164.4822948196398,-9.651706628335974,184.15589940482687,-12.376962807455888,179.520638,-11.5009447
20.0,1.009441716388,90.0,164.98653239126227,-8.943374875449605,185.24875639697336,-11.806313513605446,181.031464,-11.014797
20.0,1.009441716388,100.0,165.31764018437326,-8.235076366213935,185.5713177110856,-11.1369606041032,182.251231,-10.5169648
20.0,1.009441716388,110.0,165.32165674436052,-7.52218054575018,185.5616632343765,-10.496259808307215,183.203222,-10.0383277
20.0,1.009441716388,120.0,165.13324404161753,-6.838734838572226,185.3348637746341,-9.906377377124365,183.779946,-9.57350034
20.0,1.009441716388,130.0,164.82053494127265,-6.1934052547603935,184.9407369787604,-9.393608237267864,184.01388,-9.1436095
20.0,1.009441716388,140.0,164.36014366948316,-5.619487424280937,184.4523582284543,-8.977891478406837,183.97744,-8.76986481
20.0,1.009441716388,150.0,163.77073088471434,-5.130676202946929,184.04836669081223,-8.687214548249697,183.764035,-8.47498099
20.0,1.009441716388,160.0,162.96196238620013,-4.736883191097881,183.747181100214,-8.523496867947513,183.425926,-8.27172297
20.0,1.009441716388,170.0,162.16697704046433,-4.453483122419523,183.60083995373293,-8.49701352549448,183.015103,-8.17096261
20.0,1.009441716388,180.0,161.38619288427387,-4.280243603223346,183.62679784615216,-8.608896285415417,182.559709,-8.17683211
20.0,1.009441716388,190.0,160.654608366655,-4.220804035622864,183.8004384269533,-8.853740191689058,182.075932,-8.2888157
20.0,1.009441716388,200.0,160.00085641639998,-4.276529340928268,184.0746325156524,-9.22141591482603,181.555537,-8.4996771
20.0,1.009441716388,210.0,159.48546565055182,-4.4528141273659925,184.36131497909923,-9.696268055767344,180.982961,-8.79958098
20.0,1.009441716388,220.0,159.1690502161919,-4.754717616707473,184.54396438022985,-10.258298501846518,180.326585,-9.17528932
20.0,1.009441716388,230.0,158.90255220746172,-5.162113322883986,184.5994334680447,-10.884018072771983,179.544457,-9.61218015
20.0,1.009441716388,240.0,158.58368264470928,-5.659954597873709,184.43225892554744,-11.54888650640271,178.612917,-10.0953823
20.0,1.009441716388,250.0,158.32088093501451,-6.241621429784492,184.00896225110952,-12.240113797999896,177.502564,-10.6030577
20.0,1.009441716388,260.0,158.12468575388357,-6.8853638865265125,183.3708373716225,-12.919175074217687,176.198877,-11.110235
20.0,1.009441716388,270.0,158.02424714535212,-7.574720639844708,182.45539025232367,-13.549976920476974,174.798633,-11.6120596
20.0,1.009441716388,280.0,158.05078196192466,-8.319290646246392,181.3706398144399,-14.122484370216922,173.362636,-12.0904037
20.0,1.009441716388,290.0,157.902081448798,-9.05186254979068,180.08735727396382,-14.60534839036161,171.928918,-12.5217607
20.0,1.009441716388,300.0,157.82091472517195,-9.782162880563146,178.69544296958136,-14.998832887523172,170.548119,-12.8925144
20.0,1.009441716388,310.0,157.66633586637778,-10.475859372992566,177.37025246952098,-15.297270953590424,169.282716,-13.1961835
20.0,1.009441716388,320.0,157.58749832139532,-11.106983276944902,176.21893792727815,-15.50604131464678,168.214627,-13.4319969
20.0,1.009441716388,330.0,157.5357439661376,-11.641173319493316,175.297363243107,-15.627553166338274,167.416088,-13.5987527
20.0,1.009441716388,340.0,157.60446940849718,-12.07143009835959,174.7059408077616,-15.670893810123118,166.961196,-13.6998412
20.0,1.009441716388,350.0,157.81925193873587,-12.383619735016364,174.51726923537035,-15.643006531221284,166.891649,-13.7366361
20.0,1.096990000589,0.0,177.42411734867517,-13.176983791456527,196.92033176274973,-16.522241164816794,188.808394,-14.7281915
20.0,1.096990000589,10.0,177.74195250495103,-13.169852294974207,197.22312299006376,-16.303414891521545,189.397209,-14.6139513
20.0,1.096990000589,20.0,178.1663178356699,-13.02529491023197,197.8828786224054,-16.02806478578026,190.375376,-14.4493268
20.0,1.096990000589,30.0,178.67825256417794,-12.748863861316382,198.8466207967209,-15.698067399160232,191.684683,-14.2328323
20.0,1.096990000589,40.0,179.2562323985221,-12.352263733192135,200.0326689226894,-15.31267651049238,193.266808,-13.9675101
20.0,1.096990000589,50.0,179.89762405962404,-11.858527893066325,201.2948811206689,-14.861622082215384,195.035924,-13.6544013
20.0,1.096990000589,60.0,180.43118260375002,-11.270234865462115,202.5401494442623,-14.350722456004007,196.901971,-13.2978809
20.0,1.096990000589,70.0,180.91790926196106,-10.616464943000885,203.66297443886324,-13.785864874277692,198.768138,-12.9042339
20.0,1.096990000589,80.0,181.3173211295996,-9.924019685311283,204.555910898692,-13.18438583846607,200.527836,-12.4786967
20.0,1.096990000589,90.0,181.5126709636777,-9.197651599033609,205.67559402260017,-12.66429892706816,202.084988,-12.0286784
20.0,1.096990000589,100.0,181.57199103964035,-8.46962927343586,206.02857211238145,-12.040381608054298,203.367259,-11.5656469
20.0,1.096990000589,110.0,181.527093502278,-7.749090335563395,206.10620256942389,-11.440481074586565,204.388554,-11.1159489
20.0,1.096990000589,120.0,181.35622198094134,-7.0720995038102155,205.97837620620496,-10.894976099452869,205.082425,-10.6814397
20.0,1.096990000589,130.0,181.01837326883177,-6.455231863773123,205.75166982352752,-10.428535945265288,205.483489,-10.2826298
20.0,1.096990000589,140.0,180.57198203869157,-5.925100641657244,205.50526112073703,-10.061767342149656,205.640859,-9.93981805
20.0,1.096990000589,150.0,180.08266898360063,-5.485580662633489,205.3624946716577,-9.820072246873677,205.630495,-9.67602948
20.0,1.096990000589,160.0,179.58617413425984,-5.1472763403903965,205.358271046449,-9.709747481311888,205.494917,-9.50482007
20.0,1.096990000589,170.0,179.11201821802698,-4.917400241849117,205.52289722189929,-9.73764795358558,205.277363,-9.436823
20.0,1.096990000589,180.0,178.68477811408317,-4.8005330472811645,205.8708055547191,-9.9057975409641,205.000744,-9.47585818
20.0,1.096990000589,190.0,178.32428315961891,-4.799074048644565,206.360794474516,-10.20687573500446,204.676633,-9.62079668
20.0,1.096990000589,200.0,178.04418600053742,-4.913304385981247,206.93484695868764,-10.629652982618422,204.290994,-9.86293317
20.0,1.096990000589,210.0,177.85122568676812,-5.141384626824595,207.50399746539617,-11.155310517867395,203.825646,-10.1907332
20.0,1.096990000589,220.0,177.7430215949433,-5.478938806220556,207.97421215026864,-11.760703867932266,203.248753,-10.5886123
20.0,1.096990000589,230.0,177.70508064132926,-5.918279611260569,208.2124282273824,-12.420086014633592,202.528848,-11.0401989
20.0,1.096990000589,240.0,177.8313017337735,-6.467816098338049,208.1845850346353,-13.103225153379148,201.635322,-11.527611
20.0,1.096990000589,250.0,177.8203934446476,-7.088508454335917,207.86266581685223,-13.785238474929749,200.528154,-12.0281132
20.0,1.096990000589,260.0,177.7871074703736,-7.770338096195294,207.2118190322112,-14.450225386193909,199.195114,-12.5174905
20.0,1.096990000589,270.0,177.73482816595416,-8.489803620092014,206.266619639295,-15.059291566377416,197.719028,-12.9893776
20.0,1.096990000589,280.0,177.6976815883408,-9.220140045303463,205.0870909521709,-15.595256777280454,196.166274,-13.4313291
20.0,1.096990000589,290.0,177.64496285537336,-9.95114184738702,203.6943836009922,-16.032131250799353,194.582595,-13.8237982
20.0,1.096990000589,300.0,177.52227707300884,-10.656830795286442,202.21809922573425,-16.37037341734222,193.037496,-14.1538598
20.0,1.096990000589,310.0,177.3868163435445,-11.312937829353862,200.76046534843195,-16.608868468353197,191.611608,-14.4150083
20.0,1.096990000589,320.0,177.25249008850025,-11.896871017628849,199.4261567584479,-16.751957098623205,190.390345,-14.606564
20.0,1.096990000589,330.0,177.14734708932298,-12.393683458171095,198.2993992753443,-16.804810328146697,189.443225,-14.7292253
20.0,1.096990000589,340.0,177.13303702516873,-12.781902635662728,197.4666182373689,-16.777822932598607,188.833559,-14.7867727
20.0,1.096990000589,350.0,177.2216467142619,-13.046151868662308,197.000341999428,-16.681597964511635,188.60374,-14.7829748
20.0,1.185550571198,0.0,197.71877464959906,-14.094619433818645,220.7958743378474,-18.014123160084235,211.21671,-15.9799644
20.0,1.185550571198,10.0,197.7143661040699,-14.014294853491235,220.7591797474498,-17.72365892133861,211.629112,-15.82876
20.0,1.185550571198,20.0,197.77923609133512,-13.796712701903983,221.1060826457809,-17.384778023740942,212.465259,-15.636377
20.0,1.185550571198,30.0,197.90030675601017,-13.449758534722852,221.7890397557843,-17.001753707077714,213.666605,-15.4022731
20.0,1.185550571198,40.0,198.05879598188616,-12.986094391613443,222.7329234683397,-16.575857028364357,215.173573,-15.1297669
20.0,1.185550571198,50.0,198.2343032129199,-12.423450893936668,223.8204694188437,-16.103126018497694,216.905785,-14.8211733
20.0,1.185550571198,60.0,198.3830836185135,-11.780370228702502,224.93753815531727,-15.587708664121818,218.766799,-14.478073
20.0,1.185550571198,70.0,198.45096388137165,-11.07292310454602,225.96940379978665,-15.032951124763407,220.658654,-14.1040561
20.0,1.185550571198,80.0,198.458070327255,-10.331325341502852,226.8386160821775,-14.448014798169588,222.475116,-13.7024385
20.0,1.185550571198,90.0,198.43218842202668,-9.572865092250034,228.0424745630088,-13.956003264887016,224.120018,-13.2792319
20.0,1.185550571198,100.0,198.36915631814702,-8.8316922475943,228.44947549676849,-13.358895883045587,225.527726,-12.8451022
20.0,1.185550571198,110.0,198.24337417435356,-8.12810520461561,228.6478328417214,-12.792470433528178,226.70567,-12.4235639
20.0,1.185550571198,120.0,198.0570429465008,-7.485737566954018,228.70525802225583,-12.284674638244647,227.585819,-12.0190244
20.0,1.185550571198,130.0,197.87820870218854,-6.920071148372988,228.7141795796002,-11.862723779893855,228.196487,-11.6529257
20.0,1.185550571198,140.0,197.71122774100797,-6.442008460905981,228.761464312346,-11.54337824105326,228.577309,-11.3458935
20.0,1.185550571198,150.0,197.5519022263712,-6.06231121917078,228.9511726624017,-11.355519989811532,228.799265,-11.1210762
20.0,1.185550571198,160.0,197.4300094718947,-5.788920199499509,229.3275494987473,-11.30949220520968,228.900903,-10.9910398
20.0,1.185550571198,170.0,197.3810757015883,-5.6271054610913,229.9036810716184,-11.410092514899608,228.930225,-10.9665537
20.0,1.185550571198,180.0,197.4131858226527,-5.579983361627594,230.68091767766387,-11.658494245019364,228.901672,-11.05002
20.0,1.185550571198,190.0,197.52626339252595,-5.648304033525946,231.5980725374876,-12.043311169535878,228.812944,-11.2387247
20.0,1.185550571198,200.0,197.71422180235638,-5.830822833718649,232.580141154281,-12.544882192248608,228.637031,-11.5231941
20.0,1.185550571198,210.0,197.96321487140344,-6.123919836338151,233.5117734694764,-13.14530085959485,228.341041,-11.8897566
20.0,1.185550571198,220.0,198.22531918921635,-6.5218451576797944,234.2858445388139,-13.81881497959777,227.883646,-12.320136
20.0,1.185550571198,230.0,198.48034868552838,-7.01602700220088,234.78116463961112,-14.532196897209152,227.226961,-12.7949176
20.0,1.185550571198,240.0,198.72400549498056,-7.595230811559478,234.9071406603979,-15.253848225540471,226.347746,-13.2947069
20.0,1.185550571198,250.0,198.95050415141486,-8.248061333976088,234.64718518977995,-15.956630954189784,225.213052,-13.7954294
20.0,1.185550571198,260.0,199.07512095230516,-8.957315039612107,233.9953053246085,-16.612966199126205,223.812154,-14.2735249
20.0,1.185550571198,270.0,199.1298933545146,-9.701501759721989,232.94918344312725,-17.19913722374759,222.216275,-14.7195137
20.0,1.185550571198,280.0,199.13006754424555,-10.45781389725396,231.5917475298761,-17.695061136945743,220.492878,-15.1209882
20.0,1.185550571198,290.0,199.0748442954995,-11.194467195814127,229.990667471534,-18.08427271860059,218.700986,-15.4633123
20.0,1.185550571198,300.0,198.94324297198662,-11.893047694821467,228.2513584643826,-18.36139947348309,216.922404,-15.7381722
20.0,1.185550571198,310.0,198.70967683253872,-12.522210307262858,226.47990634975363,-18.52538199018098,215.244348,-15.941055
20.0,1.185550571198,320.0,198.4493506608122,-13.069254916351156,224.796240486594,-18.58580788662685,213.760052,-16.0728425
20.0,1.185550571198,330.0,198.19888697505579,-13.514611117779602,223.30303071369576,-18.552162232833776,212.548131,-16.1357011
20.0,1.185550571198,340.0,197.9808689763452,-13.84115081292732,222.093922241429,-18.437259340005063,211.685088,-16.1363685
20.0,1.185550571198,350.0,197.81450701144217,-14.036724858289773,221.24458275010872,-18.254585153539992,211.21889,-16.0800218
20.0,1.274449428801,0.0,218.8647127663998,-15.297825698335833,245.553592477892,-19.82585921423041,235.693231,-17.7838784
20.0,1.274449428801,10.0,218.39844574856764,-15.121149562514454,245.1002804203464,-19.44596664553829,235.863221,-17.5823822
20.0,1.274449428801,20.0,217.9858051126748,-14.80775727718493,245.0828645430196,-19.034006225076578,236.503662,-17.35066
20.0,1.274449428801,30.0,217.62540097528228,-14.369455877942348,245.4593426727876,-18.594718614423016,237.563445,-17.0896172
20.0,1.274449428801,40.0,217.31242904199848,-13.820194278857521,246.15016320779787,-18.126192696240945,238.986065,-16.8024407
20.0,1.274449428801,50.0,217.03987839545601,-13.181949458500725,247.04873581244007,-17.626865895465485,240.681766,-16.4882927
20.0,1.274449428801,60.0,216.80105231775283,-12.47875587991034,248.0377917315324,-17.097357442454793,242.559355,-16.1492161
20.0,1.274449428801,70.0,216.59362052279587,-11.731964356946596,249.00609966553327,-16.54092739258066,244.511668,-15.7860693
20.0,1.274449428801,80.0,216.41595634183145,-10.967142710981845,249.8651203770997,-15.96357371285436,246.434398,-15.4019444
20.0,1.274449428801,90.0,216.27106178918075,-10.211569296412005,251.1605258110973,-15.496116775173556,248.227149,-15.0015852
20.0,1.274449428801,100.0,216.1689913722166,-9.486322841088617,251.6806212118039,-14.925636382193863,249.812729,-14.5942553
20.0,1.274449428801,110.0,216.12088471308093,-8.813271511735701,252.04366232473453,-14.394258527219549,251.180669,-14.2013937
20.0,1.274449428801,120.0,216.142961521457,-8.211047913480579,252.3279911418581,-13.929131909565696,252.27146,-13.8304801
20.0,1.274449428801,130.0,216.2491576348035,-7.697667996585581,252.6237284008949,-13.557350703458722,253.116004,-13.5040637
20.0,1.274449428801,140.0,216.45378078615033,-7.284892217153905,253.02812816971115,-13.305384454630811,253.7575,-13.2427527
20.0,1.274449428801,150.0,216.76947206848382,-6.978220499940003,253.63598560693504,-13.19425085221465,254.266531,-13.0685593
20.0,1.274449428801,160.0,217.19948013842406,-6.784021763423093,254.4995329737561,-13.235739136865451,254.684927,-12.9941588
20.0,1.274449428801,170.0,217.7361233172718,-6.705832398550416,255.6092947292909,-13.431709696477398,255.044705,-13.0279269
20.0,1.274449428801,180.0,218.36414998163704,-6.744914774080141,256.94355731566947,-13.780851763111444,255.35265,-13.1715964
20.0,1.274449428801,190.0,219.059357546296,-6.900117325575139,258.4099519615588,-14.269162200552154,255.589232,-13.4201425
20.0,1.274449428801,200.0,219.78995530653646,-7.167869091504645,259.8974369853322,-14.874689536540982,255.70643,-13.7613188
20.0,1.274449428801,210.0,220.51886170976326,-7.5421301320683165,261.2721167920242,-15.570614500381453,255.650182,-14.1789082
20.0,1.274449428801,220.0,221.20834774024283,-8.014515201998575,262.39702837446606,-16.32716636557929,255.364124,-14.6528841
20.0,1.274449428801,230.0,221.81531363117185,-8.57931979859594,263.15107657673803,-17.109290309696757,254.798105,-15.1608717
20.0,1.274449428801,240.0,222.30786789579844,-9.21906118707052,263.4397794835259,-17.876694492927857,253.930568,-15.6817275
20.0,1.274449428801,250.0,222.66033984962723,-9.915988705590348,263.2294752573764,-18.602703794228727,252.739613,-16.1904679
20.0,1.274449428801,260.0,222.85633207895003,-10.650291297132057,262.52156884822693,-19.25983550030845,251.222663,-16.6622464
20.0,1.274449428801,270.0,222.88896634420806,-11.400557487075464,261.33441052326833,-19.820028142124908,249.45243,-17.0863146
20.0,1.274449428801,280.0,222.76290152738372,-12.145987164180417,259.7436561191341,-20.26679337289013,247.499764,-17.4503748
20.0,1.274449428801,290.0,222.4964341645222,-12.860478148267324,257.83779518369187,-20.58995552112349,245.435016,-17.7421796
20.0,1.274449428801,300.0,222.10963487062838,-13.520941017004606,255.73766840693,-20.78751589306401,243.347728,-17.9555772
20.0,1.274449428801,310.0,221.62794534595528,-14.107392464917119,253.5595451771769,-20.86125687399435,241.338371,-18.0898737
20.0,1.274449428801,320.0,221.08461195740705,-14.598341603867892,251.4319714322784,-20.82135492504786,239.509455,-18.1487485
20.0,1.274449428801,330.0,220.51089149830938,-14.973900505284506,249.46696970676885,-20.680196214551582,237.953127,-18.1379868
20.0,1.274449428801,340.0,219.9350183688941,-15.22179081735008,247.779259292268,-20.456340217506693,236.75419,-18.0665272
20.0,1.274449428801,350.0,219.38045667994064,-15.331520876459509,246.4554225874806,-20.166599523047505,235.974161,-17.9430457
20.0,1.363009999412,0.0,237.31331143368843,-15.89860310322107,267.4821502388965,-21.022555278236805,256.186751,-18.6873624
20.0,1.363009999412,10.0,236.35012371494497,-15.620981962660574,266.53068098240686,-20.531322925579502,256.042302,-18.4180549
20.0,1.363009999412,20.0,235.4529133066297,-15.210080164130655,266.0663171818944,-20.021191440040727,256.414423,-18.1283899
20.0,1.363009999412,30.0,234.6282534132914,-14.680262560529197,266.0531258737994,-19.4955663080687,257.255048,-17.8198808
20.0,1.363009999412,40.0,233.87922679655085,-14.051069101525218,266.42367471565166,-18.95865123647116,258.509462,-17.4959809
20.0,1.363009999412,50.0,233.2083028874217,-13.344912764148695,267.06788198232164,-18.40802499721688,260.093027,-17.1569709
20.0,1.363009999412,60.0,232.6225481978436,-12.582692347552788,267.8731849393052,-17.8436204561379,261.907413,-16.8030667
20.0,1.363009999412,70.0,232.1263499883015,-11.791518065583487,268.724574659855,-17.26477900659886,263.840628,-16.4339709
20.0,1.363009999412,80.0,231.7309585047142,-10.99963501056563,269.53193171749723,-16.679664687603232,265.781861,-16.0513524
20.0,1.363009999412,90.0,231.455041123294,-10.230317782830875,270.8837570172444,-16.225657397209403,267.633491,-15.6602713
20.0,1.363009999412,100.0,231.31584687268153,-9.5074676598664,271.48967241057335,-15.674985094647212,269.318736,-15.269769
20.0,1.363009999412,110.0,231.33385066303444,-8.852227793715112,272.0131735778244,-15.175214481676209,270.818915,-14.8992957
20.0,1.363009999412,120.0,231.5292169434758,-8.285088809671464,272.540383380156,-14.754033769783817,272.091722,-14.5597079
20.0,1.363009999412,130.0,231.91839553185113,-7.8210742935424875,273.17303273550664,-14.443762361199878,273.166607,-14.2731027
20.0,1.363009999412,140.0,232.5137000577586,-7.466626132684579,274.0103116629884,-14.268770831690238,274.095971,-14.0615456
20.0,1.363009999412,150.0,233.31521558587232,-7.229672372845941,275.1433247183091,-14.249942729960075,274.943376,-13.9457691
20.0,1.363009999412,160.0,234.30961211939368,-7.1151136671999975,276.61353684397136,-14.398457817081583,275.742534,-13.9375111
20.0,1.363009999412,170.0,235.46908209343331,-7.1249354736003,278.3855993619311,-14.71313522352402,276.515789,-14.0441457
20.0,1.363009999412,180.0,236.7536443506341,-7.258462893382714,280.4026246134574,-15.18831512648145,277.24869,-14.2644254
20.0,1.363009999412,190.0,238.1118777461435,-7.512256404252668,282.5355690224568,-15.80491180838357,277.900244,-14.5903269
20.0,1.363009999412,200.0,239.4840192641456,-7.880078833177729,284.6397092089954,-16.53349835780821,278.405301,-15.0070179
20.0,1.363009999412,210.0,240.80609662952193,-8.352858306458083,286.54670976442225,-17.34475223890003,278.68651,-15.4943859
20.0,1.363009999412,220.0,242.0154417428668,-8.91918020494782,288.1025824216931,-18.20334751392268,278.671022,-16.0291661
20.0,1.363009999412,230.0,243.04995359160256,-9.571269929256921,289.16547693349054,-19.068019794065776,278.299725,-16.586683
20.0,1.363009999412,240.0,243.86450509197041,-10.285087573972003,289.6407686229013,-19.89613177901149,277.53956,-17.1426749
20.0,1.363009999412,250.0,244.42418233541167,-11.040833169496448,289.49089357957376,-20.65949944618377,276.37298,-17.6717708
20.0,1.363009999412,260.0,244.7116340126769,-11.815579948978103,288.72597635373126,-21.329173637408577,274.804301,-18.149199
20.0,1.363009999412,270.0,244.7223915267106,-12.586642195051489,287.3756625224808,-21.876652136138507,272.904768,-18.5625466
20.0,1.363009999412,280.0,244.46751580463132,-13.331611639397657,285.52744076364127,-22.287342125715792,270.751701,-18.8995699
20.0,1.363009999412,290.0,243.97698543701176,-14.024848024693625,283.2866159803111,-22.55310336601414,268.426803,-19.1495318
20.0,1.363009999412,300.0,243.2875083651813,-14.64381782446878,280.78330568238044,-22.673297322869065,266.032199,-19.3084069
20.0,1.363009999412,310.0,242.43677790827002,-15.170379186092287,278.15208335755204,-22.65374748398965,263.678021,-19.3773332
20.0,1.363009999412,320.0,241.47197752751026,-15.586203111710812,275.5223583174475,-22.50530288085066,261.481686,-19.3633707
20.0,1.363009999412,330.0,240.43971156899104,-15.875595710025484,273.0256613147131,-22.24586845054728,259.54401,-19.2744519
20.0,1.363009999412,340.0,239.38104693432697,-16.026981732893784,270.7896300452397,-21.89815590058617,257.962788,-19.1228665
20.0,1.363009999412,350.0,238.32995816719273,-16.035199061294232,268.9168685680978,-21.48379847456573,256.812314,-18.9205819
20.0,1.450558283611,0.0,257.48205643808024,-17.01564083024827,289.45337328829737,-22.43271558448964,278.74772,-20.2221564
20.0,1.450558283611,10.0,255.95037355365875,-16.619380671633277,287.9464863342445,-21.81412464023704,278.251362,-19.872726
20.0,1.450558283611,20.0,254.5029718240471,-16.09406951094919,286.9795454500893,-21.18900212240484,278.319839,-19.5127618
20.0,1.450558283611,30.0,253.1553665468999,-15.45777693158107,286.52496321558755,-20.565479189018404,278.917378,-19.1465918
20.0,1.450558283611,40.0,251.92047616091412,-14.731930976714354,286.5241164067979,-19.948736196977407,279.991066,-18.7779595
20.0,1.450558283611,50.0,250.81256901537932,-13.939977391631531,286.87765461295,-19.33772242274983,281.457652,-18.4072548
20.0,1.450558283611,60.0,249.84961556216066,-13.104353349694179,287.4753235701712,-18.7312745314144,283.21257,-18.0332801
20.0,1.450558283611,70.0,249.04613667874523,-12.256979989230048,288.19645069220843,-18.126613974795657,285.146178,-17.6560772
20.0,1.450558283611,80.0,248.4283201759302,-11.424782800805474,288.9515785205289,-17.533914760676556,287.142003,-17.2758599
20.0,1.450558283611,90.0,248.02732173154604,-10.63183954642119,290.3687437946437,-17.094827901672044,289.094756,-16.8960062
20.0,1.450558283611,100.0,247.87048347406798,-9.903578155948038,291.08921504860166,-16.568559403607225,290.932262,-16.5262834
20.0,1.450558283611,110.0,247.9873178785727,-9.26046156344906,291.81768463859754,-16.107362082690667,292.633165,-16.1853886
20.0,1.450558283611,120.0,248.4018992334158,-8.725175025683516,292.64873163983617,-15.74353437904193,294.159951,-15.8852482
20.0,1.450558283611,130.0,249.1337690877882,-8.307140779098702,293.69168972023016,-15.508514711822734,295.545842,-15.6487621
20.0,1.450558283611,140.0,250.18801807679435,-8.014574770690613,295.05375535296406,-15.428336560422409,296.842099,-15.498058
20.0,1.450558283611,150.0,251.55206288281641,-7.854272037512706,296.8122137315661,-15.522344091268138,298.1037,-15.4529442
20.0,1.450558283611,160.0,253.19466182403124,-7.8297599428858815,298.9884140730658,-15.799721143853262,299.358344,-15.5249088
20.0,1.450558283611,170.0,255.06623764537258,-7.941411193969488,301.5127796177297,-16.254988471519347,300.609514,-15.7188995
20.0,1.450558283611,180.0,257.09765565713826,-8.186155624282787,304.28638218532905,-16.87676978190476,301.825058,-16.0313028
20.0,1.450558283611,190.0,259.2068320050871,-8.557746297933138,307.1404243307064,-17.636428734722486,302.940497,-16.4505897
20.0,1.450558283611,200.0,261.3025864793516,-9.046589177933699,309.8930012054016,-18.503738080476616,303.864705,-16.957337
20.0,1.450558283611,210.0,263.2919563917325,-9.639870083050532,312.3453090121556,-19.441629049511324,304.500163,-17.5274611
20.0,1.450558283611,220.0,265.07936129764977,-10.328761525318193,314.3247350974317,-20.409123352431404,304.756688,-18.1338031
20.0,1.450558283611,230.0,266.5883391439099,-11.087819730956916,315.6841637356084,-21.3582208587582,304.564034,-18.7485025
20.0,1.450558283611,240.0,267.75497018818623,-11.894727405742668,316.322533753952,-22.24931499331237,303.885171,-19.3450294
20.0,1.450558283611,250.0,268.53621001750093,-12.72496687306778,316.2083220368,-23.049418413012862,302.705217,-19.8968486
20.0,1.450558283611,260.0,268.9118427099546,-13.55257072188535,315.3585594311166,-23.728081403234665,301.036388,-20.3790444
20.0,1.450558283611,270.0,268.87869130216393,-14.353888688949285,313.8168089125148,-24.25675822711516,298.953112,-20.7780714
20.0,1.450558283611,280.0,268.45948178398066,-15.104098070402427,311.6863313346892,-24.62592082795973,296.542796,-21.0824191
20.0,1.450558283611,290.0,267.700150952577,-15.774889191026215,309.08283928515567,-24.82670773687534,293.897953,-21.2825901
20.0,1.450558283611,300.0,266.6462029205464,-16.35065568976186,306.14789470280834,-24.860542764215804,291.133996,-21.3768062
20.0,1.450558283611,310.0,265.35710006462745,-16.81250388408861,303.02463211866893,-24.73528883025528,288.374052,-21.368824
20.0,1.450558283611,320.0,263.8958941578956,-17.144894152256782,299.85700344501737,-24.46589387961388,285.745515,-21.2680676
20.0,1.450558283611,330.0,262.32627697350176,-17.33574324321295,296.78697820861254,-24.07410011619224,283.364199,-21.0863096
20.0,1.450558283611,340.0,260.70401083747765,-17.378215688943698,293.95662870396774,-23.58745045739103,281.342245,-20.8396737
20.0,1.450558283611,350.0,259.07647094150406,-17.270728248236342,291.4806957704964,-23.03179228124069,279.766564,-20.5436013
20.0,1.536427986098,0.0,274.4351781952602,-18.001815466614143,307.9903763350069,-23.65477701245277,296.676225,-21.3387262
20.0,1.536427986098,10.0,272.3968918275261,-17.497069641136907,305.8102828097066,-22.904629144146515,295.752833,-20.9024281
20.0,1.536427986098,20.0,270.46274463003357,-16.868941296995857,304.23883546563565,-22.15485332275796,295.439713,-20.4659086
20.0,1.536427986098,30.0,268.6568792020183,-16.137280851420165,303.2372632112151,-21.42560446295837,295.711573,-20.0348651
20.0,1.536427986098,40.0,267.0009556642959,-15.325632142383496,302.7570114529966,-20.72214147253519,296.525724,-19.6142129
20.0,1.536427986098,50.0,265.3762122977137,-14.449235194701554,302.7166149124743,-20.045989149979672,297.802532,-19.2044012
20.0,1.536427986098,60.0,263.94829629045597,-13.555595572725132,303.0373945097245,-19.3858410072434,299.434334,-18.803869
20.0,1.536427986098,70.0,262.7546604897309,-12.667572371522223,303.57395152864166,-18.74969743643275,301.302081,-18.4118539
20.0,1.536427986098,80.0,261.7328827334928,-11.803508507130237,304.2388832678397,-18.14545987416061,303.287051,-18.0291297
20.0,1.536427986098,90.0,260.9600876361135,-10.99288001705393,305.68951938646484,-17.71941724548836,305.282135,-17.6597155
20.0,1.536427986098,100.0,260.5562411668949,-10.265919007796294,306.49877545925267,-17.218989489461578,307.207807,-17.3122693
20.0,1.536427986098,110.0,260.62323396105603,-9.651736872115112,307.39993196589364,-16.81032929069244,309.045185,-17.0052302
20.0,1.536427986098,120.0,261.10684543731566,-9.158599352454255,308.5299251420271,-16.51911626704111,310.775591,-16.7522052
20.0,1.536427986098,130.0,262.06102399610415,-8.796555747597898,310.0107795932045,-16.37582553959805,312.435666,-16.5745473
20.0,1.536427986098,140.0,263.4878661207198,-8.574635299786744,311.9484404221337,-16.40582642626656,314.084185,-16.4941911
20.0,1.536427986098,150.0,265.36571398995574,-8.498327197111015,314.4022138457237,-16.625987630093373,315.772736,-16.5294788
20.0,1.536427986098,160.0,267.6470047715332,-8.569609835137737,317.3681592219359,-17.04268572954436,317.518692,-16.6901814
20.0,1.536427986098,170.0,270.2584210353069,-8.78691008897682,320.73650445775706,-17.645438434388712,319.305502,-16.9788039
20.0,1.536427986098,180.0,273.10353322513635,-9.144997597809391,324.34363632557825,-18.4152912708369,321.070399,-17.3884607
20.0,1.536427986098,190.0,276.0678213074556,-9.634857210772076,327.9390602391399,-19.329079688874923,322.719886,-17.9049125
20.0,1.536427986098,200.0,279.0256618942667,-10.243609286645347,331.34594472237126,-20.34330575022845,324.126607,-18.5053016
20.0,1.536427986098,210.0,281.82178339297076,-10.956728526289343,334.34725363117155,-21.414305206523665,325.163999,-19.1621168
20.0,1.536427986098,220.0,284.35021867419965,-11.752458923390845,336.7756399479536,-22.49330691250237,325.725902,-19.844191
20.0,1.536427986098,230.0,286.5106235343274,-12.606719909236343,338.48770291681325,-23.52424819419615,325.741634,-20.5201011
20.0,1.536427986098,240.0,288.21738027183636,-13.493586079576067,339.34807293191744,-24.47357857955711,325.183325,-21.1606327
20.0,1.536427986098,250.0,289.2596569886793,-14.372029738102638,339.33432691439543,-25.306604544346868,324.047015,-21.7369268
20.0,1.536427986098,260.0,289.75652060474755,-15.2268317653574,338.50235133681923,-25.98385603293541,322.352245,-22.2236649
20.0,1.536427986098,270.0,289.7700760297741,-16.041684394590206,336.8776721453012,-26.485180035030385,320.172797,-22.6074752
20.0,1.536427986098,280.0,289.1777599197179,-16.77430352888306,334.55492112666155,-26.80366954401896,317.595273,-22.877386
20.0,1.536427986098,290.0,288.0632714753351,-17.40333034147954,331.65880763081674,-26.932147993110608,314.71446,-23.0254473
20.0,1.536427986098,300.0,286.5824560897392,-17.916328866795165,328.3414376233547,-26.874412896693467,311.649989,-23.0519858
20.0,1.536427986098,310.0,284.8182098462409,-18.298651390426556,324.75284606984656,-26.640248610090453,308.532167,-22.9635744
20.0,1.536427986098,320.0,282.89583702584576,-18.548094180701014,321.0456298372778,-26.247395305641657,305.497915,-22.772605
20.0,1.536427986098,330.0,280.84980004499937,-18.645175901006287,317.36975996499785,-25.72071779998021,302.674657,-22.4941838
20.0,1.536427986098,340.0,278.72746418123745,-18.585308884119275,313.8852052702709,-25.092900791367413,300.189568,-22.148105
20.0,1.536427986098,350.0,276.5664623683172,-18.368553916717314,310.7216396408721,-24.39415178506302,298.146495,-21.7535535
20.0,1.619965586583,0.0,290.8544124153927,-19.14021550178211,325.1449677287479,-24.89128343684806,314.103293,-22.6456751
20.0,1.619965586583,10.0,288.33309129394166,-18.52799400113778,322.29395108011687,-23.99852948707915,312.735123,-22.1173119
20.0,1.619965586583,20.0,285.938509334156,-17.797494877745425,320.0857787941343,-23.11931284651835,312.023936,-21.5983664
20.0,1.619965586583,30.0,283.7028381781906,-16.970921897985072,318.5053151556773,-22.279049458078543,311.957457,-21.0964335
20.0,1.619965586583,40.0,281.65596050264253,-16.073807762821534,317.50285890416245,-21.48182207575587,312.50314,-20.6177365
20.0,1.619965586583,50.0,279.39118320801975,-15.107489397806013,317.07909882009,-20.72876093412272,313.578546,-20.1624122
20.0,1.619965586583,60.0,277.48094711185405,-14.153764864747808,317.1097587704224,-20.01111274403628,315.07736,-19.730742
20.0,1.619965586583,70.0,275.8854611142871,-13.223539998441991,317.44957773267583,-19.34102304439243,316.869658,-19.3209132
20.0,1.619965586583,80.0,274.3570726391589,-12.320404755184727,318.01568073470133,-18.72399232347477,318.838401,-18.9352024
20.0,1.619965586583,90.0,273.1908032163767,-11.490034438067859,319.49016570878734,-18.310406182126147,320.867412,-18.5760639
20.0,1.619965586583,100.0,272.515254987481,-10.760753119957881,320.33625783667486,-17.848767631507886,322.88927,-18.2541943
20.0,1.619965586583,110.0,272.46917774565395,-10.16465753595,321.4317763907857,-17.498903440738925,324.88364,-17.9857445
20.0,1.619965586583,120.0,273.03417103054096,-9.711066950031958,322.88615064711524,-17.284457454017325,326.843361,-17.7843245
20.0,1.619965586583,130.0,274.23394506361876,-9.405364089912373,324.83879825384787,-17.237894922721967,328.816051,-17.6714819
20.0,1.619965586583,140.0,276.0681434081135,-9.255600084402484,327.3950861060899,-17.38424895600497,330.854918,-17.6670856
20.0,1.619965586583,150.0,278.5050688542647,-9.266089876841487,330.587775053485,-17.736792895344962,333.009433,-17.7888286
20.0,1.619965586583,160.0,281.4795293968625,-9.437362380170178,334.3786830597481,-18.29776041524376,335.274568,-18.0434877
20.0,1.619965586583,170.0,284.8935926699206,-9.76600961067676,338.6106853975518,-19.050500732352592,337.613704,-18.4320285
20.0,1.619965586583,180.0,288.6204155849658,-10.244465031628216,342.99414911787466,-19.981433076858096,339.933289,-18.9450609
20.0,1.619965586583,190.0,292.51094466147975,-10.860786146555405,347.31311124424246,-21.056789065013444,342.103836,-19.5656354
20.0,1.619965586583,200.0,296.3540906710289,-11.596515494112047,351.35205915839225,-22.22177020263787,343.966039,-20.2678032
20.0,1.619965586583,210.0,300.01091481853325,-12.43166869082733,354.8946473222299,-23.43172106365793,345.379668,-21.0197257
20.0,1.619965586583,220.0,303.3412817743301,-13.341998411018562,357.82313180576443,-24.61089403056184,346.234413,-21.785252
20.0,1.619965586583,230.0,306.20956206510226,-14.299440485411585,359.8906197647363,-25.726072363203915,346.463602,-22.5279008
20.0,1.619965586583,240.0,308.2467177216338,-15.252834026045905,360.9886400662775,-26.73634649386342,346.0526,-23.2155317
20.0,1.619965586583,250.0,309.55490959305376,-16.18356139954924,361.1322393094121,-27.59880433896756,344.998011,-23.8177867
20.0,1.619965586583,260.0,310.2375471788661,-17.076608226751375,360.3692044594557,-28.268809040823385,343.3095,-24.3090729
20.0,1.619965586583,270.0,310.2005760551831,-17.900376440828893,358.6772573286003,-28.743642167248108,341.053793,-24.675565
20.0,1.619965586583,280.0,309.2559462770848,-18.605868958832463,356.1719984032011,-29.011468253906287,338.317396,-24.907565
20.0,1.619965586583,290.0,307.79279802378494,-19.19160118929396,352.99010916968706,-29.06758714888728,335.197923,-24.9990672
20.0,1.619965586583,300.0,305.8952441321311,-19.64037741400243,349.2899530648276,-28.91735760293623,331.818979,-24.9524723
20.0,1.619965586583,310.0,303.6696017343,-19.94218800752197,345.22395615439933,-28.571665387657287,328.322428,-24.7778435
20.0,1.619965586583,320.0,301.32676120452567,-20.108947415946684,340.9658789964394,-28.053935863174573,324.854072,-24.4902158
20.0,1.619965586583,330.0,298.839874392511,-20.112428155769035,336.6696312189769,-27.391321608125907,321.561377,-24.1094262
20.0,1.619965586583,340.0,296.20941152060254,-19.947389312505496,332.50552791548193,-26.61991617979872,318.584582,-23.6580309
20.0,1.619965586583,350.0,293.5064780135798,-19.618704630517712,328.6220375660485,-25.77508602756302,316.048769,-23.1595818
20.0,1.700535313487,0.0,306.7565719391154,-20.436986165262187,341.6085976812804,-26.2708782333967,330.228633,-23.9562408
20.0,1.700535313487,10.0,303.77840595160455,-19.717028301867252,338.07099471508315,-25.23576868983893,328.399688,-23.3328947
20.0,1.700535313487,20.0,300.95230029123786,-18.884230031389016,335.20629884313496,-24.22170374462034,327.281035,-22.7293056
20.0,1.700535313487,30.0,298.3181130689852,-17.963045261669446,333.0320486117239,-23.26625086532205,326.873658,-22.1551325
20.0,1.700535313487,40.0,295.9086308454889,-16.980606107207898,331.5030847724231,-22.37336420933853,327.14741,-21.6164578
20.0,1.700535313487,50.0,293.03958584202263,-15.926328666594847,330.71077771918186,-21.53751858415137,328.022634,-21.1150328
20.0,1.700535313487,60.0,290.5619927268321,-14.89506177758738,330.43906217703073,-20.758483059497905,329.38264,-20.6510629
20.0,1.700535313487,70.0,288.56792840760835,-13.920521990903065,330.5863493736768,-20.052404165694835,331.097129,-20.2241362
20.0,1.700535313487,80.0,286.5476152481694,-12.977407037325671,331.0540691865102,-19.42011376689093,333.039637,-19.8353148
20.0,1.700535313487,90.0,284.99656714701496,-12.125319854892826,332.52364384362363,-19.021102914851816,335.102654,-19.488512
20.0,1.700535313487,100.0,284.0717465486218,-11.393177494090763,333.42858247158284,-18.5992853595554,337.218615,-19.1931188
20.0,1.700535313487,110.0,283.85306300537707,-10.800841875218055,334.73242866158057,-18.3066055761941,339.374246,-18.9644159
20.0,1.700535313487,120.0,284.4718642310789,-10.37808894576172,336.54175939732244,-18.17018552870856,341.57358,-18.8160867
20.0,1.700535313487,130.0,285.95133914545625,-10.12897597365725,339.00752940907387,-18.223681673291622,343.86514,-18.7683857
20.0,1.700535313487,140.0,288.2338124002577,-10.052911293731126,342.2133034551684,-18.48840663592664,346.301449,-18.8406256
20.0,1.700535313487,150.0,291.2764010967901,-10.15318635060482,346.17309832273173,-18.975891289045457,348.916366,-19.0481368
20.0,1.700535313487,160.0,294.9949696949556,-10.428986597074998,350.81667447095714,-19.684960518540844,351.69521,-19.3978221
20.0,1.700535313487,170.0,299.26551498097103,-10.875099343468266,355.8784287720489,-20.59892078298172,354.573131,-19.8886603
20.0,1.700535313487,180.0,303.9292175365524,-11.481550725919018,360.99136387758864,-21.71175527789333,357.427593,-20.5101852
20.0,1.700535313487,190.0,308.7238916702236,-12.226808313169014,366.0293116508157,-22.957942409647703,360.090895,-21.2426207
20.0,1.700535313487,200.0,313.49863285027993,-13.09441380985218,370.6988691676117,-24.28354489664364,362.382225,-22.0542723
20.0,1.700535313487,210.0,318.06585988319705,-14.060155057470526,374.894321992163,-25.62364294413376,364.159797,-22.9079141
20.0,1.700535313487,220.0,322.237367778567,-15.094446139339388,378.3341229720816,-26.91465651502241,365.323957,-23.7621272
20.0,1.700535313487,230.0,325.4997132782838,-16.137485262996396,380.7678116202394,-28.121297635598697,365.818652,-24.5752591
20.0,1.700535313487,240.0,327.86427114858543,-17.162927002764405,382.1290025228943,-29.19613672863293,365.624191,-25.3122257
20.0,1.700535313487,250.0,329.5018600225052,-18.159195810089237,382.5469729433989,-30.0675157656037,364.712787,-25.9422775
20.0,1.700535313487,260.0,330.33192535400354,-19.099656142055228,381.8253109079085,-30.7366001472346,363.083077,-26.4394463
20.0,1.700535313487,270.0,329.8119205243216,-19.907477902665313,380.0516598292723,-31.184540363673367,360.790512,-26.788975
20.0,1.700535313487,280.0,328.6142030370053,-20.5924390085483,377.3391851725126,-31.39858122747312,357.914344,-26.9810722
20.0,1.700535313487,290.0,326.8185450058358,-21.13433901780321,373.8381655612837,-31.37696149977184,354.559601,-27.0126274
20.0,1.700535313487,300.0,324.52334777414654,-21.51824356869313,369.721034510122,-31.12845469861028,350.855674,-26.8883476
20.0,1.700535313487,310.0,322.0417292618599,-21.761256189708508,365.1546129623263,-30.667906198661186,346.957001,-26.6217084
20.0,1.700535313487,320.0,319.36375097703603,-21.848859909378156,360.3107334866838,-30.01937379090081,343.024282,-26.2312542
20.0,1.700535313487,330.0,316.40359649882157,-21.75356735942538,355.3606245373303,-29.21544312985488,339.227717,-25.7417781
20.0,1.700535313487,340.0,313.2562091116863,-21.47941600125245,350.4898126567975,-28.296747315731125,335.728585,-25.1799797
20.0,1.700535313487,350.0,310.0050067042677,-21.03522504361821,345.8583190806612,-27.30218939006132,332.670481,-24.5726753
20.0,1.777523982538,0.0,324.61828537135085,-21.792819831082912,359.0141342222024,-27.5076668258783,348.045621,-25.2568461
20.0,1.777523982538,10.0,321.0228685124849,-20.94033452955203,354.8497556170016,-26.323413500510487,345.760723,-24.5341626
20.0,1.777523982538,20.0,317.64226531652685,-19.984050861546542,351.3559134227878,-25.175405625912543,344.245031,-23.8432605
20.0,1.777523982538,30.0,314.48659470308763,-18.948429149531403,348.6214664154324,-24.1059354658408,343.505379,-23.1948981
20.0,1.777523982538,40.0,311.56554151388127,-17.861126997250754,346.6151575935796,-23.114513737244824,343.515547,-22.5962895
20.0,1.777523982538,50.0,308.17435120583104,-16.7126400104462,345.4768994239589,-22.19458153908162,344.185283,-22.0485291
20.0,1.777523982538,60.0,305.1431944888033,-15.585474792318262,344.89815038383705,-21.35813567585379,345.397648,-21.5526537
20.0,1.777523982538,70.0,302.77836682131624,-14.549784036049351,344.8415132836476,-20.61802919580234,347.020248,-21.1076613
20.0,1.777523982538,80.0,300.389140117916,-13.556939600399323,345.1907579817251,-19.97015034001292,348.931223,-20.7147989
20.0,1.777523982538,90.0,298.6369114844951,-12.678228219384831,346.5911500676623,-19.59513449634589,351.030742,-20.3781817
20.0,1.777523982538,100.0,297.6470746403173,-11.939419170563534,347.6053190016485,-19.20416848401241,353.251963,-20.1056364
20.0,1.777523982538,110.0,297.50973093094285,-11.360443670861839,349.13932219189405,-18.96026090378645,355.591333,-19.9130552
20.0,1.777523982538,120.0,298.22445090021967,-10.951136414498132,351.3327354494929,-18.89732176775168,358.054279,-19.81398
20.0,1.777523982538,130.0,300.0438005686658,-10.748522932569188,354.3262222958733,-19.0469786865919,360.686095,-19.8283213
20.0,1.777523982538,140.0,302.86528425650704,-10.745649192334373,358.1930757456772,-19.42943986205238,363.533564,-19.9751124
20.0,1.777523982538,150.0,306.5824740059725,-10.938142596089781,362.9263639881392,-20.05442557372217,366.623805,-20.2701165
20.0,1.777523982538,160.0,311.0901460079731,-11.324030681927082,368.41613514103466,-20.916106350950454,369.922552,-20.718869
20.0,1.777523982538,170.0,316.2367869175058,-11.896311747971886,374.2391655019722,-22.007131698160023,373.348775,-21.3204329
20.0,1.777523982538,180.0,321.7676430939973,-12.636838956926148,380.1748406030603,-23.295579096666827,376.745044,-22.06107
20.0,1.777523982538,190.0,327.4793118989204,-13.528304305432707,385.96962915350326,-24.71173898529052,379.924794,-22.9160726
20.0,1.777523982538,200.0,333.1629436477696,-14.548293974433712,391.3495791013452,-26.202738194671024,382.70411,-23.8486115
20.0,1.777523982538,210.0,338.5839776118066,-15.666440347459,396.24738519828,-27.671376438698207,384.9327,-24.8143249
20.0,1.777523982538,220.0,343.2751441074428,-16.8286020190504,400.16048452998166,-29.08270816673945,386.503569,-25.7649541
20.0,1.777523982538,230.0,346.90509872118247,-17.98290544551581,402.9511937851002,-30.38869039092238,387.353056,-26.6559526
20.0,1.777523982538,240.0,349.7522731884328,-19.12390802621429,404.6679127398007,-31.508792075305845,387.41953,-27.4501835
20.0,1.777523982538,250.0,351.7863683915801,-20.22457388504466,405.168997175706,-32.41462942502307,386.65726,-28.1144467
20.0,1.777523982538,260.0,352.0927163263357,-21.18407843911719,404.4064142329743,-33.08981073843747,385.0585,-28.6211602
20.0,1.777523982538,270.0,351.542402371882,-22.017999062995287,402.46023078431,-33.51210035657725,382.676211,-28.9545977
20.0,1.777523982538,280.0,350.19573335008175,-22.700475381205752,399.4666265741132,-33.672857927114805,379.595776,-29.105848
20.0,1.777523982538,290.0,348.1432629387101,-23.21188930325814,395.5918396208368,-33.57360245613041,375.928808,-29.073066
20.0,1.777523982538,300.0,345.7309625145029,-23.556508353856913,391.0173841088465,-33.22524414016703,371.82302,-28.8645358
20.0,1.777523982538,310.0,342.9617055294384,-23.740750741488526,385.923870401698,-32.64647238397043,367.451099,-28.4975752
20.0,1.777523982538,320.0,339.75412263129994,-23.72639904902981,380.4861710013885,-31.86334820813022,362.99551,-27.9955261
20.0,1.777523982538,330.0,336.21075861375624,-23.513241862515027,374.8924458044099,-30.914069421251902,358.646572,-27.387703
20.0,1.777523982538,340.0,332.4432713118001,-23.11012094450659,369.33386000568026,-29.84219594565531,354.589442,-26.7060271
20.0,1.777523982538,350.0,328.55067844416516,-22.530651296606827,363.98850726896336,-28.69203941312668,350.992527,-25.9826129
20.0,1.850345663479,0.0,341.99426579438153,-23.263924750230473,375.3473392420442,-28.75533312590635,364.379587,-26.4795384
20.0,1.850345663479,10.0,337.6377035533749,-22.26291522679204,370.5362707044199,-27.424898607621884,361.619288,-25.6529242
20.0,1.850345663479,20.0,333.6905692727121,-21.17783654768069,366.4177329287145,-26.141267132163424,359.691102,-24.8718605
20.0,1.850345663479,30.0,330.0046729044366,-20.023665174243508,363.12467068822457,-24.95582667361048,358.608974,-24.148686
20.0,1.850345663479,40.0,326.63957416330766,-18.832824230300652,360.6785306909649,-23.86404871295713,358.34384,-23.4903088
20.0,1.850345663479,50.0,322.8212718075686,-17.59284903375169,359.14397779595964,-22.86530873232067,358.798987,-22.897512
20.0,1.850345663479,60.0,319.36538799586066,-16.384019514151586,358.2505339828824,-21.970817819298883,359.852086,-22.3705291
20.0,1.850345663479,70.0,316.51105048810234,-15.25904191668022,357.9727471798587,-21.193920817743432,361.373056,-21.9082136
20.0,1.850345663479,80.0,313.90248704903814,-14.223556475114112,358.1628800021862,-20.53122006474511,363.243352,-21.5114112
20.0,1.850345663479,90.0,312.0191020881662,-13.31964274504254,359.52763778068294,-20.16975648658262,365.365037,-21.1832168
20.0,1.850345663479,100.0,311.03053606720374,-12.575846347863678,360.6538373818619,-19.805816099907016,367.683634,-20.9325193
20.0,1.850345663479,110.0,311.0341110852601,-12.012191145946659,362.4176263337105,-19.608215446811304,370.195827,-20.7743608
20.0,1.850345663479,120.0,312.0599425042789,-11.640863717525718,364.99765707508686,-19.61762345896264,372.90682,-20.7223382
20.0,1.850345663479,130.0,314.1816969845941,-11.47678538776882,368.5324933520967,-19.86551881722165,375.866634,-20.7977273
20.0,1.850345663479,140.0,317.4247242605669,-11.530661605227573,373.0730271255811,-20.36910838063326,379.119937,-21.0201597
20.0,1.850345663479,150.0,321.8218128688522,-11.818696024103753,378.5977135657847,-21.13759916487184,382.680699,-21.4049692
20.0,1.850345663479,160.0,327.11112429050183,-12.318848642222902,384.9341018421478,-22.162664102147133,386.506188,-21.9586725
20.0,1.850345663479,170.0,333.0590532426713,-13.017460923896598,391.5407384412737,-23.44585451042862,390.492776,-22.6794227
20.0,1.850345663479,180.0,339.44945131110234,-13.899606575048905,398.3429855703725,-24.92159549366234,394.457547,-23.5494961
20.0,1.850345663479,190.0,346.0539118111498,-14.94514762791156,404.9353020857109,-26.519258809145526,398.199951,-24.5380758
20.0,1.850345663479,200.0,352.60412093360264,-16.12482017824924,411.17608787746576,-28.165202712813223,401.521917,-25.6005327
20.0,1.850345663479,210.0,358.70100270738556,-17.392766580679048,416.6793158198769,-29.781545617482767,404.264539,-26.6847668
20.0,1.850345663479,220.0,363.67839131301207,-18.673900205186136,421.0714023117139,-31.320779130586,406.317359,-27.7384637
20.0,1.850345663479,230.0,367.95819150256705,-19.97951838512202,424.27861119348455,-32.71164188175725,407.571563,-28.7143723
20.0,1.850345663479,240.0,371.30860146662417,-21.25084047072361,426.258915057716,-33.87991849147466,407.931965,-29.5718055
20.0,1.850345663479,250.0,372.81016036746195,-22.393056482798066,426.7964152160592,-34.8168321211599,407.33548,-30.2734986
20.0,1.850345663479,260.0,373.22800092565103,-23.409677928125753,425.9430818041091,-35.49210803570812,405.776227,-30.791478
20.0,1.850345663479,270.0,372.6620084755492,-24.271407105534188,423.7857961944428,-35.88318257640191,403.301818,-31.1081381
20.0,1.850345663479,280.0,371.2434358034874,-24.956255992770597,420.4857360430242,-35.98619649029994,400.005385,-31.2157321
20.0,1.850345663479,290.0,369.29168234479624,-25.46189583658243,416.21389361397934,-35.80489201254768,396.008264,-31.113721
20.0,1.850345663479,300.0,366.66268951568713,-25.77280405652287,411.176755238804,-35.353043136414776,391.478988,-30.8144084
20.0,1.850345663479,310.0,363.43029663326325,-25.871672278451214,405.5702821630322,-34.65431025116942,386.60631,-30.3384987
20.0,1.850345663479,320.0,359.67248874663017,-25.7472087681646,399.5449321426832,-33.73319410038153,381.599765,-29.7157639
20.0,1.850345663479,330.0,355.52784370624374,-25.40788470039421,393.3115175544461,-32.63379707244765,376.66676,-28.9797815
20.0,1.850345663479,340.0,351.12539192482075,-24.86770527015248,387.0766330251077,-31.4050478500108,372.022252,-28.1693203
20.0,1.850345663479,350.0,346.58062595991294,-24.145428681834886,381.0293331460143,-30.095470337805864,367.854179,-27.3207482
20.0,1.918446139346,0.0,357.81472951022045,-24.751185940525094,389.2821683805726,-29.85246436603086,378.509061,-27.5923847
20.0,1.918446139346,10.0,352.6517782161894,-23.596246817062813,383.83914977404703,-28.380537379164995,375.249969,-26.6570099
20.0,1.918446139346,20.0,348.15901007912186,-22.3834197366166,379.1257848998172,-26.966879642978075,372.890377,-25.7827993
20.0,1.918446139346,30.0,343.9684669136779,-21.113177086065193,375.29150974911335,-25.669170787187653,371.4465,-24.9824353
20.0,1.918446139346,40.0,340.15092803296574,-19.82037353069972,372.41063459629817,-24.47997612493525,370.886104,-24.262225
20.0,1.918446139346,50.0,336.0737583393296,-18.50118180381397,370.4750817188168,-23.403439552857805,371.108483,-23.6230333
20.0,1.918446139346,60.0,332.2631240248805,-17.220602066903805,369.2691253655292,-22.453118627562446,371.987898,-23.0643395
20.0,1.918446139346,70.0,329.0559011650464,-16.02714592993739,368.7503438675965,-21.63732193831638,373.391429,-22.5839232
20.0,1.918446139346,80.0,326.18605181339177,-14.93365620435923,368.72917271892106,-20.96256903542444,375.197721,-22.1808445
20.0,1.918446139346,90.0,324.21865723374134,-14.010452486272172,370.0786941709568,-20.609418420769813,377.327356,-21.8605777
20.0,1.918446139346,100.0,323.27403335572916,-13.267315510471693,371.2914684070524,-20.269900147606126,379.724087,-21.6303385
20.0,1.918446139346,110.0,323.4540707140353,-12.724202061792518,373.2775341218637,-20.1193163783397,382.39198,-21.5058186
20.0,1.918446139346,120.0,324.8303441896276,-12.396745273771336,376.2337257657164,-20.201433439301635,385.342379,-21.501788
20.0,1.918446139346,130.0,327.4031075560413,-12.293688014033483,380.2932301280884,-20.547157581919617,388.622636,-21.6394611
20.0,1.918446139346,140.0,331.20647551508137,-12.426697124605523,385.51017931495966,-21.175401242110343,392.280141,-21.9403518
20.0,1.918446139346,150.0,336.1643736320251,-12.798038493180753,391.8317281089323,-22.091911262928097,396.320264,-22.4202742
20.0,1.918446139346,160.0,342.0727279104837,-13.398537245293646,398.94226669580047,-23.298289601627413,400.690106,-23.0869714
20.0,1.918446139346,170.0,348.76041510691715,-14.220350092892765,406.4122668037268,-24.76742070613836,405.254985,-23.9355053
20.0,1.918446139346,180.0,355.97909124659805,-15.245770546637196,414.0652676390589,-26.43220158033323,409.817629,-24.9441687
20.0,1.918446139346,190.0,363.4436220728642,-16.448888661374376,421.4539158593748,-28.21296713536949,414.161405,-26.0749493
20.0,1.918446139346,200.0,370.83897288294366,-17.79465643044494,428.5204404299179,-30.00927679286301,418.072001,-27.2737024
20.0,1.918446139346,210.0,377.17148811925017,-19.187359537265035,434.5570267130961,-31.762545981715856,421.390498,-28.4825092
20.0,1.918446139346,220.0,382.83831137635076,-20.627634000956224,439.3711762558828,-33.419122305036666,423.97148,-29.6451059
20.0,1.918446139346,230.0,387.6189319292855,-22.064800109990234,443.0111122324504,-34.8615094273617,425.651225,-30.7095576
20.0,1.918446139346,240.0,390.54291858208074,-23.39899455346297,445.0923315982225,-36.07453146642538,426.314077,-31.6309399
20.0,1.918446139346,250.0,392.18341193644454,-24.616906232248127,445.62622980959,-37.0308928655676,425.889988,-32.3699146
20.0,1.918446139346,260.0,392.69395170215967,-25.686113013777685,444.6430598590516,-37.69350793491219,424.365678,-32.8962162
20.0,1.918446139346,270.0,392.2860195480429,-26.584443568168503,442.2648200549702,-38.047949496877344,421.794202,-33.1932132
20.0,1.918446139346,280.0,391.0849881414512,-27.289495481981348,438.6641423121264,-38.092945713519846,418.274089,-33.2531209
20.0,1.918446139346,290.0,388.96517309846223,-27.779985737350195,434.0439346376402,-37.83367834996372,413.947952,-33.078793
20.0,1.918446139346,300.0,386.0037823460652,-28.034292365052615,428.6029121108271,-37.28573012193653,408.998305,-32.6853513
20.0,1.918446139346,310.0,382.2925166176876,-28.038157595893058,422.5377728369061,-36.47335480380398,403.627747,-32.0969154
20.0,1.918446139346,320.0,377.98978778672523,-27.79812730970333,416.0029846355644,-35.423744002775294,398.064113,-31.3481365
20.0,1.918446139346,330.0,373.251560953116,-27.327762921293427,409.1922856872639,-34.18327346065775,392.540014,-30.4790366
20.0,1.918446139346,340.0,368.22410122648,-26.64643945183359,402.3335382948168,-32.80486187751412,387.290571,-29.5335097
20.0,1.918446139346,350.0,363.0396028861415,-25.778265754376477,395.629525750113,-31.34207460489378,382.53295,-28.5542911
20.0,1.981307124396,0.0,371.629444539735,-26.16489638777807,399.9342781768846,-30.614912300990124,389.82819,-28.4683518
20.0,1.981307124396,10.0,365.8556666654528,-24.868322743708834,393.91728034273024,-29.01035520948448,386.073039,-27.424616
20.0,1.981307124396,20.0,360.61697773978364,-23.51279062799794,388.6493526172109,-27.48030306672258,383.278885,-26.4569356
20.0,1.981307124396,30.0,355.94027273185475,-22.129112816580022,384.2952539624525,-26.08015449839164,381.466939,-25.5788511
20.0,1.981307124396,40.0,351.69408402860546,-20.7387189560729,381.0099415096864,-24.798539031989225,380.602723,-24.7967085
20.0,1.981307124396,50.0,347.4283308726376,-19.348665801396752,378.6693913303163,-23.64906955524798,380.57957,-24.1110713
20.0,1.981307124396,60.0,343.304190188527,-18.0037490751442,377.1421873120875,-22.64657239337417,381.262882,-23.5197009
20.0,1.981307124396,70.0,339.88197768130004,-16.76561165058013,376.3563308254439,-21.7916698676542,382.525194,-23.0205378
20.0,1.981307124396,80.0,336.94322694923267,-15.641520994662727,376.0773735189098,-21.11375417768775,384.25373,-22.6129846
20.0,1.981307124396,90.0,334.7346530065174,-14.67477540566936,377.4029822128829,-20.76864499650404,386.366896,-22.3003569
20.0,1.981307124396,100.0,333.8819920476987,-13.94065011536299,378.6924201158569,-20.45437103337797,388.825246,-22.091597
20.0,1.981307124396,110.0,334.2808658282039,-13.425899665803584,380.90865179158,-20.35381000703692,391.632352,-22.0012502
20.0,1.981307124396,120.0,336.00054893528807,-13.145847942630816,384.24267572782463,-20.50952991587172,394.804381,-22.0448655
20.0,1.981307124396,130.0,339.0640813895646,-13.111504686546429,388.8406425502355,-20.955231440842308,398.401152,-22.2466652
20.0,1.981307124396,140.0,343.43794663564813,-13.329288448071168,394.7446949762588,-21.709070130453267,402.464322,-22.6282975
20.0,1.981307124396,150.0,349.0252509851947,-13.800427510397833,401.8767848257112,-22.774623323738183,406.993254,-23.2069614
20.0,1.981307124396,160.0,355.66373471742077,-14.52003372753706,409.794875686225,-24.15849585342723,411.916492,-23.9900924
20.0,1.981307124396,170.0,363.1294272328801,-15.47596454785168,418.128820477953,-25.80953536524139,417.076622,-24.9703435
20.0,1.981307124396,180.0,371.1460842829539,-16.64770238526305,426.6021586762434,-27.654745147380268,422.254544,-26.1201657
20.0,1.981307124396,190.0,379.3998133483413,-18.00555363979069,434.8099770166346,-29.58746689219505,427.2118,-27.3925758
20.0,1.981307124396,200.0,386.95800813171195,-19.46417351558314,442.5010090028427,-31.5285037598176,431.729298,-28.7256824
20.0,1.981307124396,210.0,393.9266978465959,-21.005856541654353,448.9633165647661,-33.39119762378793,435.630999,-30.0554433
20.0,1.981307124396,220.0,400.1467813577953,-22.58675853993137,454.1723145175484,-35.10908731758554,438.712692,-31.3211406
20.0,1.981307124396,230.0,404.6647038250362,-24.10740864486189,457.97615234769256,-36.59438604919955,440.780165,-32.4659866
20.0,1.981307124396,240.0,407.7085893543086,-25.53007148909083,460.0524387097293,-37.82241161650818,441.704332,-33.4419347
20.0,1.981307124396,250.0,409.5386895028676,-26.822596567433177,460.494722561748,-38.771903315947895,441.413332,-34.2087796
20.0,1.981307124396,260.0,410.39912062822856,-27.959091440447878,459.3335636057616,-39.405129163159366,439.896178,-34.7368184
20.0,1.981307124396,270.0,410.27597712515353,-28.900248748746733,456.7231379601166,-39.71731329758019,437.209608,-35.0088782
20.0,1.981307124396,280.0,409.0308732689774,-29.619038760793376,452.8686547750354,-39.706043769898095,433.47728,-35.0210798
20.0,1.981307124396,290.0,406.6683977833075,-30.073950930332078,447.9695483877464,-39.38078001333002,428.845903,-34.7763414
20.0,1.981307124396,300.0,403.3100481450711,-30.25159608297317,442.20906354619615,-38.754111850509446,423.512727,-34.2930838
20.0,1.981307124396,310.0,399.121493667315,-30.15397261881246,435.7831113168149,-37.85088264171197,417.692054,-33.5986032
20.0,1.981307124396,320.0,394.277098616669,-29.792245516569526,428.8396409236236,-36.69612210990564,411.61698,-32.7299547
20.0,1.981307124396,330.0,388.94958406119827,-29.18524591828739,421.5543963579696,-35.33860244099292,405.543072,-31.7335289
20.0,1.981307124396,340.0,383.30229719274837,-28.357945757563552,414.1610313989811,-33.83211044744262,399.720683,-30.6573911
20.0,1.981307124396,350.0,377.4844648069795,-27.34006616590115,406.87401331802334,-32.23492719102507,394.393555,-29.5502677
20.0,2.038450208578,0.0,383.20159484731295,-27.373717395945473,406.4991050833508,-30.75472530769037,397.786357,-28.9069225
20.0,2.038450208578,10.0,376.7939592158859,-25.930645366559535,400.0228140558913,-29.04924585299024,393.585925,-27.7647372
20.0,2.038450208578,20.0,370.82379375679227,-24.4315588460148,394.3008529138057,-27.435539341846887,390.391986,-26.7101739
20.0,2.038450208578,30.0,365.64429466419676,-22.933309079787122,389.5326938549712,-25.95807446229052,388.234214,-25.7582638
20.0,2.038450208578,40.0,360.9578962275424,-21.44628685655314,385.9075857752021,-24.594454086994176,387.078662,-24.9180833
20.0,2.038450208578,50.0,356.43088098035685,-19.984901008576934,383.19093107896833,-23.388150549744964,386.805447,-24.1895276
20.0,2.038450208578,60.0,351.9970390216205,-18.581154231547256,381.33144966166327,-22.34033619831536,387.281189,-23.5696494
20.0,2.038450208578,70.0,348.3725466149336,-17.305571567546394,380.16763826510345,-21.477440707020744,388.383349,-23.055886
20.0,2.038450208578,80.0,345.42840914823154,-16.17084990672363,379.6739752612421,-20.79803533695738,390.005751,-22.646469
20.0,2.038450208578,90.0,343.2164026339883,-15.201306429897418,380.9587906702077,-20.462012158451383,392.077877,-22.3445169
20.0,2.038450208578,100.0,342.2716809095171,-14.45169447844594,382.3167611172906,-20.17525259240997,394.568978,-22.1578505
20.0,2.038450208578,110.0,342.9018597064418,-13.970762035183839,384.74914836124736,-20.124271158926053,397.494592,-22.1018974
20.0,2.038450208578,120.0,344.9997538718916,-13.746467426968549,388.4447290466842,-20.35081321580836,400.880395,-22.1939912
20.0,2.038450208578,130.0,348.55609486743526,-13.785793412496254,393.55110709644913,-20.88927195362241,404.778544,-22.4573234
20.0,2.038450208578,140.0,353.52399830358155,-14.0946244069656,400.1053984534762,-21.75833918501965,409.240298,-22.9164914
20.0,2.038450208578,150.0,359.7892221579234,-14.673480545688642,407.9836069544581,-22.95574209719072,414.255177,-23.5889634
20.0,2.038450208578,160.0,367.1685385472242,-15.516347773361177,416.7359727722907,-24.48156885831416,419.723701,-24.4803808
20.0,2.038450208578,170.0,375.41400373606893,-16.609286132106874,425.8387286096782,-26.286327153372444,425.470314,-25.5825197
20.0,2.038450208578,180.0,384.2232700002923,-17.929095116681594,435.0106181114916,-28.276103930517365,431.242374,-26.8611863
20.0,2.038450208578,190.0,392.872818685529,-19.41316194443862,443.80607070466937,-30.32468282132916,436.773706,-28.2599591
20.0,2.038450208578,200.0,400.99331026178635,-21.013838253329745,451.9070386463703,-32.353585232824564,441.847638,-29.7122165
20.0,2.038450208578,210.0,408.58388695727285,-22.703446977590094,458.6097314681789,-34.27064991860174,446.249359,-31.1457435
20.0,2.038450208578,220.0,414.87817265611847,-24.395796421937995,463.9307687291314,-36.00124564744124,449.724545,-32.4930095
20.0,2.038450208578,230.0,419.43965994665393,-26.012837129947343,467.689185247676,-37.47842061230444,452.071777,-33.6958338
20.0,2.038450208578,240.0,422.7786065664306,-27.531899502867905,469.627249649717,-38.67666989825424,453.158394,-34.7051516
20.0,2.038450208578,250.0,425.0578464195271,-28.91568114293207,469.8893240363204,-39.58528392978214,452.91728,-35.4816571
20.0,2.038450208578,260.0,426.33416679765475,-30.125156274711912,468.5242357140402,-40.17044954294783,451.353082,-35.9987062
20.0,2.038450208578,270.0,426.28793776412545,-31.108423876244885,465.7218695167069,-40.43567504077103,448.540702,-36.2415963
20.0,2.038450208578,280.0,424.87417638838616,-31.81010205176979,461.68358846397217,-40.37840278651998,444.616484,-36.208307
20.0,2.038450208578,290.0,422.2118807317327,-32.211457140294954,456.61155564494175,-40.00916540433705,439.743113,-35.9049756
20.0,2.038450208578,300.0,418.72722005112337,-32.329615120612345,450.6734971134578,-39.337382071447706,434.116146,-35.3498439
20.0,2.038450208578,310.0,414.1654744570025,-32.133158379689775,444.0429143012364,-38.383017806743695,427.94676,-34.5702539
20.0,2.038450208578,320.0,408.7153765264988,-31.63758036259113,436.8549867268045,-37.17110712339372,421.474661,-33.6058783
20.0,2.038450208578,330.0,402.5720412496517,-30.867887540664515,429.270579454912,-35.7440718630402,414.950946,-32.503013
20.0,2.038450208578,340.0,396.18091123639624,-29.87790757414301,421.51808794681216,-34.15762881073448,408.647804,-31.315328
20.0,2.038450208578,350.0,389.70936375371906,-28.703199816783123,413.8125711363775,-32.47197501055597,402.829171,-30.0960287
20.0,2.089440498517,0.0,392.3759459939539,-28.21773935905269,406.997481365581,-29.73345352434828,401.9013,-28.6816046
20.0,2.089440498517,10.0,385.2647892073789,-26.618777495994454,400.2247504664072,-28.00069143225292,397.354792,-27.4602799
20.0,2.089440498517,20.0,378.61080857828404,-24.97667105721698,394.2148684523796,-26.36274147815787,393.845164,-26.3339651
20.0,2.089440498517,30.0,372.86191262671156,-23.357579915942914,389.2989069372216,-24.81440537630075,391.413804,-25.3228876
20.0,2.089440498517,40.0,367.6718482843341,-21.769786673391526,385.3278134543912,-23.421084192116144,389.991851,-24.436555
20.0,2.089440498517,50.0,362.6209885989599,-20.223932637714622,382.26363372181913,-22.18638740580919,389.457358,-23.6745231
20.0,2.089440498517,60.0,357.82188377720195,-18.762665915834912,379.90783944194345,-21.16259036171627,389.697394,-23.0354699
20.0,2.089440498517,70.0,353.95119849400606,-17.45306253641975,378.37067256615546,-20.314061236693192,390.595369,-22.5143564
20.0,2.089440498517,80.0,350.8030155478845,-16.300644545362545,377.71936103238914,-19.639484741044328,392.065152,-22.1090235
20.0,2.089440498517,90.0,348.60882044936284,-15.34143869745932,378.950720384796,-19.317286600693,394.054822,-21.8204257
20.0,2.089440498517,100.0,347.82625906188525,-14.622505898364166,380.37609931216457,-19.062912649996,396.548662,-21.6566279
20.0,2.089440498517,110.0,348.5638972209393,-14.16223771561597,383.0057507080433,-19.058612978902904,399.564352,-21.6330354
20.0,2.089440498517,120.0,351.0389442921603,-13.997099299486825,387.03829993624186,-19.3468384132786,403.134511,-21.7679563
20.0,2.089440498517,130.0,355.11903326646,-14.116259010567198,392.61289494030007,-19.96059163762816,407.318067,-22.0859352
20.0,2.089440498517,140.0,360.7185753692757,-14.521480280320635,399.7478206512368,-20.91665111016148,412.157713,-22.6105141
20.0,2.089440498517,150.0,367.7038315892601,-15.21251877594941,408.2602570341675,-22.204879016755896,417.647445,-23.3610409
20.0,2.089440498517,160.0,375.86882172812767,-16.182284721263695,417.8216200813625,-23.793703868370844,423.670338,-24.3425535
20.0,2.089440498517,170.0,384.94035122930256,-17.4151763442816,427.6079608630256,-25.67773382511509,429.983135,-25.5404942
20.0,2.089440498517,180.0,394.5892301462103,-18.885505091188715,437.27562768190745,-27.73687370205494,436.289994,-26.9167561
20.0,2.089440498517,190.0,403.6980710702003,-20.498251338711864,446.280098526946,-29.844478041969563,442.296836,-28.4094793
20.0,2.089440498517,200.0,412.5456584067365,-22.252265821672797,454.486961249874,-31.86630744725032,447.762855,-29.9443953
20.0,2.089440498517,210.0,420.8027164429975,-24.092203741146797,461.1711377488397,-33.74838540062755,452.47462,-31.4443881
20.0,2.089440498517,220.0,427.027086090323,-25.88556981091325,466.1866331945934,-35.44096178624094,456.16092,-32.836307
20.0,2.089440498517,230.0,432.02360886304655,-27.622222871079007,469.64794339965647,-36.8399493240696,458.608489,-34.0596418
20.0,2.089440498517,240.0,435.746195197689,-29.244597010506308,471.2806610797363,-37.9471383524179,459.705989,-35.0698583
20.0,2.089440498517,250.0,438.70467081170796,-30.740335223210415,471.2666700997888,-38.77271818039802,459.40719,-35.8317048
20.0,2.089440498517,260.0,440.18113877160346,-32.017947289488916,469.6702280113398,-39.287493897065296,457.737535,-36.3226666
20.0,2.089440498517,270.0,440.09439297728954,-33.013006278993366,466.7258911276813,-39.50127366631333,454.79965,-36.5340912
20.0,2.089440498517,280.0,438.68358061561395,-33.70717456539081,462.5944269921659,-39.410799233134206,450.738029,-36.4658789
20.0,2.089440498517,290.0,436.14650528588237,-34.08910789929699,457.4813350518166,-39.028160032322326,445.717567,-36.1249484
20.0,2.089440498517,300.0,432.22981682121923,-34.11850065626956,451.5330363928627,-38.35840990877183,439.927791,-35.5283593
20.0,2.089440498517,310.0,427.12567973440036,-33.803913932767536,444.8900227037154,-37.413802306489806,433.566883,-34.7010638
20.0,2.089440498517,320.0,421.0429415093507,-33.16630616866108,437.6804507114664,-36.21446596563087,426.863738,-33.6803398
20.0,2.089440498517,330.0,414.19507347591076,-32.23685536183862,430.0357808112148,-34.792920408913126,420.067062,-32.5121175
20.0,2.089440498517,340.0,406.7909371916773,-31.054623742897217,422.1819568680214,-33.20806789540145,413.451027,-31.2502422
20.0,2.089440498517,350.0,399.60018998481837,-29.711784654160727,414.33130688934193,-31.510101062598057,407.29774,-29.9523609
20.0,2.133889927319,0.0,396.9466488555085,-28.635354659864632,398.5276556516508,-27.366651174862785,400.131653,-27.7839313
20.0,2.133889927319,10.0,389.14182635303473,-26.886112111752777,391.8366065951345,-25.67868808331617,395.514839,-26.541781
20.0,2.133889927319,20.0,381.8688242369462,-25.1119403025574,385.94674733491655,-24.044300090891188,391.89695,-25.3898577
20.0,2.133889927319,30.0,375.54932048149226,-23.37921028176944,380.8641630691191,-22.53116752480931,389.271718,-24.3502206
20.0,2.133889927319,40.0,369.8510346954495,-21.698712944659974,376.5658043474705,-21.196616033506604,387.577664,-23.4361824
20.0,2.133889927319,50.0,364.1598709325612,-20.071281309983505,373.0199364570853,-20.05072700521077,386.724769,-22.6513386
20.0,2.133889927319,60.0,358.99050945052466,-18.56253357286516,370.3799340404287,-19.060085204453816,386.619772,-21.9940695
20.0,2.133889927319,70.0,354.8686278759963,-17.22894434530069,368.6395670462098,-18.2316172709778,387.203024,-21.4629155
20.0,2.133889927319,80.0,351.41578688138674,-16.06161959953314,367.8570293445312,-17.586805961925794,388.434021,-21.0564001
20.0,2.133889927319,90.0,349.2371895236064,-15.122013488051705,368.9674918219278,-17.296778067528503,390.271874,-20.7753504
20.0,2.133889927319,100.0,348.61376041402315,-14.441563606775393,370.3877003541255,-17.086780668681445,392.706827,-20.6282781
20.0,2.133889927319,110.0,349.64873687048504,-14.036782120623547,373.1273215669145,-17.12236861847586,395.762702,-20.6309734
20.0,2.133889927319,120.0,352.39849056888755,-13.920510690640938,377.3985956697068,-17.444588716461457,399.469906,-20.8009388
20.0,2.133889927319,130.0,356.9736109827186,-14.118502608041466,383.331139198785,-18.08297487613412,403.898066,-21.1641085
20.0,2.133889927319,140.0,363.18247831178354,-14.618574541173993,390.8688706296917,-19.060837191829297,409.097498,-21.7453124
20.0,2.133889927319,150.0,370.8573416698225,-15.417699183421663,399.7400933045901,-20.369161794982745,415.04214,-22.560919
20.0,2.133889927319,160.0,379.7697587129634,-16.507840633343456,409.6477715319196,-21.966091351733667,421.591651,-23.6128522
20.0,2.133889927319,170.0,389.6225871760871,-17.871986885447793,419.95753112336814,-23.767202679713083,428.44633,-24.8804006
20.0,2.133889927319,180.0,399.8642229775647,-19.46735056659353,429.8476933519276,-25.756322495188368,435.20153,-26.316114
20.0,2.133889927319,190.0,409.6704604534442,-21.218491261698283,438.8075653827603,-27.78337306295651,441.498208,-27.8485749
20.0,2.133889927319,200.0,419.2014854145381,-23.11390153796138,446.5608230451831,-29.74570800270182,447.075186,-29.3985978
20.0,2.133889927319,210.0,427.67470793042264,-25.067848793543003,452.9027161779327,-31.494797605657464,451.743433,-30.8880743
20.0,2.133889927319,220.0,434.320345076621,-26.980045674301802,457.4915412559597,-33.02654776473306,455.29005,-32.2469602
20.0,2.133889927319,230.0,439.7389802965333,-28.82657067606354,460.336294212492,-34.322790257070615,457.544353,-33.4236523
20.0,2.133889927319,240.0,444.2193231632003,-30.573289402736865,461.4377835053624,-35.33461450417013,458.411839,-34.3776136
20.0,2.133889927319,250.0,447.488836814357,-32.15465382591413,461.1194905835762,-36.0450686696856,457.891868,-35.0832799
20.0,2.133889927319,260.0,449.07352881580897,-33.471517088148104,459.31858931371056,-36.47450849874759,456.047475,-35.5259475
20.0,2.133889927319,270.0,449.1340591489499,-34.48847936695195,456.3009639954569,-36.64129945074762,452.991541,-35.7004368
20.0,2.133889927319,280.0,447.99057065513705,-35.19390754952179,452.2018818689737,-36.53839119972676,448.863818,-35.6068794
20.0,2.133889927319,290.0,445.1809866305287,-35.51877671536468,447.2188198088693,-36.17689369226806,443.825038,-35.2521247
20.0,2.133889927319,300.0,440.8740732158363,-35.45937167918317,441.4734144098893,-35.557012386113136,438.05264,-34.6509275
20.0,2.133889927319,310.0,435.2726149826711,-35.02776915819929,435.0771090421343,-34.68432355442815,431.734699,-33.8257572
20.0,2.133889927319,320.0,428.59917790470416,-34.24990901084031,428.1387431693156,-33.57378216801512,425.079125,-32.8086125
20.0,2.133889927319,330.0,421.08375537864913,-33.16310695473241,420.75200278068,-32.24828480081987,418.326748,-31.6427383
20.0,2.133889927319,340.0,412.95415785818693,-31.81332195770059,413.27286129899056,-30.71769971491708,411.739467,-30.379161
20.0,2.133889927319,350.0,404.871189871266,-30.28933384288867,405.76733910332496,-29.0580545661999,405.576187,-29.0717215
20.0,2.171460207989,0.0,388.67315545097915,-28.498121125603834,373.4206138212649,-23.74908196296081,393.801168,-28.1747559
20.0,2.171460207989,10.0,380.58346801678596,-26.672728691005602,367.2598832248838,-22.203957498022977,389.102772,-26.9220945
20.0,2.171460207989,20.0,372.8709386587109,-24.82472835394842,361.6492653375713,-20.725224468033723,385.405696,-25.7665061
20.0,2.171460207989,30.0,366.33320014328274,-23.049493899661382,356.46352239325626,-19.408366364807065,382.754482,-24.7290268
20.0,2.171460207989,40.0,360.45612001893903,-21.34373896289566,352.07452460260873,-18.21251810235412,381.08829,-23.8209295
20.0,2.171460207989,50.0,354.79598985486217,-19.71705669952013,348.51163751233054,-17.1485030829441,380.298964,-23.0438549
20.0,2.171460207989,60.0,349.5698885393904,-18.216852516153367,345.7798294887134,-16.243055099225188,380.279998,-22.3959424
20.0,2.171460207989,70.0,345.46177171872205,-16.90729881037177,343.87519722763983,-15.501026571590222,380.939322,-21.8744649
20.0,2.171460207989,80.0,342.20529903975205,-15.785416914178692,342.96832451056736,-14.929416315554226,382.212536,-21.4782553
20.0,2.171460207989,90.0,340.21085842398224,-14.896164057470695,343.9992513603627,-14.673099801483614,384.091336,-21.21376
20.0,2.171460207989,100.0,339.8358657881617,-14.27517361198345,345.408715475292,-14.500427203411808,386.578132,-21.0904682
20.0,2.171460207989,110.0,341.17107916170085,-13.936861648891906,348.147252351629,-14.560579883192808,389.708125,-21.1257106
20.0,2.171460207989,120.0,344.2577206081099,-13.89229767415791,352.4216120476352,-14.89174125506394,393.526225,-21.339874
20.0,2.171460207989,130.0,349.0761456318218,-14.149182460933254,358.3369616905641,-15.518783537726415,398.089904,-21.7580568
20.0,2.171460207989,140.0,355.536998661708,-14.711207424686853,365.8614906025552,-16.450788643102694,403.416371,-22.4018797
20.0,2.171460207989,150.0,363.47639377436604,-15.576761827033762,374.7072841943354,-17.66416361374329,409.435932,-23.2832624
20.0,2.171460207989,160.0,372.6736388483336,-16.739795330358568,384.40592016558566,-19.149839053930844,415.929564,-24.3928726
20.0,2.171460207989,170.0,382.81575983787883,-18.181424813017177,394.3557737551128,-20.81892123319984,422.598767,-25.7004839
20.0,2.171460207989,180.0,392.8666586248765,-19.817893186206106,403.9857589932808,-22.571467471423087,429.14506,-27.1548845
20.0,2.171460207989,190.0,402.87777963153496,-21.637859933454365,412.49133103814825,-24.33912816546248,435.293922,-28.6863332
20.0,2.171460207989,200.0,412.58195496659863,-23.59698749486817,419.5295695000849,-26.05915178862217,440.827151,-30.2201039
20.0,2.171460207989,210.0,420.4649530213244,-25.564980571053333,424.977880377384,-27.615228469316296,445.483722,-31.6830231
20.0,2.171460207989,220.0,427.265116362274,-27.528051006836986,428.7682935855291,-28.95003946868696,448.997592,-33.0089082
20.0,2.171460207989,230.0,433.0729124114071,-29.434791600208026,431.0192339017765,-30.028443350616254,451.204849,-34.1479193
20.0,2.171460207989,240.0,437.9836097794035,-31.236595308795454,431.6545145582028,-30.8634962065066,452.03484,-35.0644253
20.0,2.171460207989,250.0,441.2509715117025,-32.819957617665,430.911307513075,-31.469943016938483,451.485361,-35.7340033
20.0,2.171460207989,260.0,443.04573257421623,-34.14349316075584,428.8987794832077,-31.83352059263197,449.620511,-36.1424757
20.0,2.171460207989,270.0,443.5855535980382,-35.17824635033273,425.8888759295309,-31.97709099085208,446.573651,-36.2881066
20.0,2.171460207989,280.0,442.30360492629205,-35.8352044937073,421.98366892610073,-31.88838937367474,442.487043,-36.1711465
20.0,2.171460207989,290.0,439.3187085594328,-36.09468081779791,417.37006911215735,-31.577860594685813,437.518693,-35.7981012
20.0,2.171460207989,300.0,434.7994744051567,-35.95474230400632,412.1477093480519,-31.04175476183654,431.820022,-35.1788137
20.0,2.171460207989,310.0,428.9500480880735,-35.43016812272601,406.4009750741668,-30.27967929358384,425.57385,-34.3360192
20.0,2.171460207989,320.0,421.996355500428,-34.55043594112125,400.2153428549969,-29.30075920806573,418.958979,-33.297612
20.0,2.171460207989,330.0,414.17403615973643,-33.35705871600042,393.64299838555615,-28.11790183561203,412.201721,-32.1061758
20.0,2.171460207989,340.0,405.71889970261776,-31.90059568661376,386.84715418518255,-26.77466851434859,405.559267,-30.8136956
20.0,2.171460207989,350.0,396.8926735401125,-30.240361591528032,379.9734658297892,-25.306788564043867,399.322179,-29.4805932
20.0,2.201865408009,0.0,342.664212573359,-26.60670308177979,325.7736660524879,-21.55585747025887,365.373982,-30.3458597
20.0,2.201865408009,10.0,335.40638906621734,-24.954893745949082,320.526653526864,-20.20985188270309,360.05508,-28.9624986
20.0,2.201865408009,20.0,328.7986949233453,-23.3174222308108,315.6724637658974,-18.8983165968955,355.659712,-27.698968
20.0,2.201865408009,30.0,322.6625421356572,-21.712473092090242,311.2483565159086,-17.668414913127233,352.314341,-26.582287
20.0,2.201865408009,40.0,317.7286016931807,-20.223670785574843,307.3089335972874,-16.590133414853682,350.07112,-25.6279656
20.0,2.201865408009,50.0,313.60609168235646,-18.847950576535126,304.0830821692935,-15.6303377004292,348.87414,-24.8343977
20.0,2.201865408009,60.0,310.1451549949534,-17.601435383074648,301.643028017496,-14.805837440604776,348.626453,-24.1944022
20.0,2.201865408009,70.0,307.0088461029735,-16.489454670738173,299.94703301627766,-14.12962150699306,349.216615,-23.7000902
20.0,2.201865408009,80.0,305.0011174567767,-15.576697147069165,299.1067780541842,-13.62270182504433,350.539198,-23.3467327
20.0,2.201865408009,90.0,304.2018690183295,-14.878981227561935,300.0177023415741,-13.406090212876892,352.499603,-23.133683
20.0,2.201865408009,100.0,304.5349801995413,-14.39874201433914,301.31296343194623,-13.271715584465234,355.032998,-23.0670493
20.0,2.201865408009,110.0,306.12785252419656,-14.157489251342392,303.8319509024162,-13.35402192104907,358.12246,-23.1616981
20.0,2.201865408009,120.0,309.1914121400421,-14.178818091572829,307.7444715310245,-13.685474692163284,361.777392,-23.4365122
20.0,2.201865408009,130.0,313.6891003774684,-14.468107223595943,313.1362501297505,-14.287806463926126,366.028988,-23.913674
20.0,2.201865408009,140.0,319.5268380765067,-15.026763743005397,319.949172755897,-15.164981842851084,370.919446,-24.6157673
20.0,2.201865408009,150.0,326.42218151347436,-15.841398532288443,327.7949430062829,-16.30786518381805,376.472011,-25.5568316
20.0,2.201865408009,160.0,333.9728306027503,-16.88631476115937,336.38438179081885,-17.67726242960137,382.651749,-26.7347856
20.0,2.201865408009,170.0,342.12081027501006,-18.157131837316,345.12987863736845,-19.181640749856225,389.341636,-28.1291576
20.0,2.201865408009,180.0,350.57855842528437,-19.62585369222373,353.3987902594051,-20.77140579632243,396.303651,-29.6931977
20.0,2.201865408009,190.0,358.5146478826826,-21.22350699248861,360.5069373610566,-22.35184790463284,403.175849,-31.3531171
20.0,2.201865408009,200.0,365.62215692186254,-22.897886021061822,366.365099458812,-23.82016847440687,409.504468,-33.0175013
20.0,2.201865408009,210.0,372.08195670612935,-24.61930068617217,370.8055452680153,-25.10656349100611,414.82615,-34.5911868
20.0,2.201865408009,220.0,378.2336825468453,-26.370919524447288,373.8542855942835,-26.176208567759403,418.814612,-35.997591
20.0,2.201865408009,230.0,383.41795632352864,-28.05889672806304,375.462976923657,-27.04734133280792,421.276679,-37.1781811
20.0,2.201865408009,240.0,387.34469134984016,-29.61032191538576,375.7191151368386,-27.711037243965013,422.169047,-38.0983399
20.0,2.201865408009,250.0,390.64378416159576,-31.030306399175355,374.81403037078985,-28.17853170784144,421.5707,-38.7419204
20.0,2.201865408009,260.0,392.35604421783563,-32.19007887602294,372.878919102086,-28.445356734295306,419.656394,-39.109021
20.0,2.201865408009,270.0,392.47335897513113,-33.044915367173225,370.2188414075924,-28.524814652866848,416.625381,-39.2043249
20.0,2.201865408009,280.0,391.0241887674866,-33.55894986807737,366.835022686749,-28.42334118555024,412.682528,-39.0364611
20.0,2.201865408009,290.0,388.089939363626,-33.7144982569725,362.8910711757587,-28.15281144645824,408.001184,-38.6131282
20.0,2.201865408009,300.0,383.89607858576704,-33.522659846184816,358.45129732701275,-27.70615620454075,402.727302,-37.9458327
20.0,2.201865408009,310.0,378.6196650786234,-32.99802355646377,353.58655443551726,-27.08287829563348,396.96356,-37.0475764
20.0,2.201865408009,320.0,372.4562555814983,-32.16787092425907,348.40597596306026,-26.26874654303569,390.80755,-35.9420185
20.0,2.201865408009,330.0,365.5800343899178,-31.06606338484334,342.93251563684834,-25.273594874689525,384.362617,-34.6617942
20.0,2.201865408009,340.0,358.17465856652706,-29.73557407799444,337.23591377689473,-24.12921080632299,377.79827,-33.257546
20.0,2.201865408009,350.0,350.47124171459905,-28.231216286350723,331.434969174982,-22.87311248866365,371.3511,-31.7915548
20.0,2.224874125444,0.0,253.89413401173155,-21.550771506144443,247.4089561645492,-19.02365333988811,284.855711,-28.135464
20.0,2.224874125444,10.0,248.84182041418444,-20.367816473573956,243.64499369207428,-18.03397713686557,281.010094,-26.8886336
20.0,2.224874125444,20.0,244.0360000941577,-19.179094445545235,240.0841855991191,-17.037332693238643,277.515233,-25.7239964
20.0,2.224874125444,30.0,239.7791652654937,-18.03452332846102,236.82259813671763,-16.079341521254577,274.538208,-24.6768271
20.0,2.224874125444,40.0,236.39166296203095,-16.980584666557093,234.04729696846144,-15.169132576833734,272.242927,-23.7718171
20.0,2.224874125444,50.0,233.56265192044492,-16.009190501409197,231.8095259155008,-14.345076557218649,270.708805,-23.018544
20.0,2.224874125444,60.0,231.55833027219316,-15.15686416890377,230.12577827530697,-13.633632020765178,269.929567,-22.4137115
20.0,2.224874125444,70.0,230.4284652533269,-14.438976647885282,229.00279293459323,-13.054053641970398,269.858974,-21.951293
20.0,2.224874125444,80.0,229.9992178594118,-13.854188324599315,228.46045882276687,-12.63604500260201,270.448608,-21.6279858
20.0,2.224874125444,90.0,230.3205223674791,-13.41952807327162,229.2324910912589,-12.46938559640214,271.653779,-21.4437674
20.0,2.224874125444,100.0,231.27825357121446,-13.138193545144928,230.31814838000665,-12.378001968182874,273.457935,-21.4063013
20.0,2.224874125444,110.0,232.95015602611173,-13.02305459326591,232.331923620388,-12.47587529850288,275.868738,-21.5292393
20.0,2.224874125444,120.0,235.47407584930357,-13.088344325842073,235.39662331566572,-12.79054233180995,278.918186,-21.8311436
20.0,2.224874125444,130.0,238.80308845509504,-13.336271266245022,239.55645593843363,-13.337313198682365,282.661243,-22.3349824
20.0,2.224874125444,140.0,242.8576933716913,-13.765607877536388,244.7307870633308,-14.119094472877691,287.143617,-23.0614704
20.0,2.224874125444,150.0,247.40244634317492,-14.363839981682492,250.5357560916657,-15.141298634319304,292.360203,-24.0213013
20.0,2.224874125444,160.0,252.1437104172205,-15.111077934849803,256.836444322473,-16.34361994184845,298.201782,-25.2054982
20.0,2.224874125444,170.0,257.0887436095992,-16.000589755164707,263.14147711771125,-17.636887788106637,304.439081,-26.582359
20.0,2.224874125444,180.0,262.0651258551522,-17.010311829685186,269.178707814064,-18.911774212449743,310.670636,-28.0872158
20.0,2.224874125444,190.0,267.03426575719686,-18.122614152988024,274.3443583334836,-20.10757946097459,316.368557,-29.6272834
20.0,2.224874125444,200.0,272.00016561531964,-19.31912323508787,278.442592327045,-21.1787065045183,321.018583,-31.1002929
20.0,2.224874125444,210.0,276.48223425434117,-20.539655146422593,281.5287826262136,-22.07088804114799,324.406806,-32.4353968
20.0,2.224874125444,220.0,280.5687035790755,-21.763460858155543,283.48674670308606,-22.804187378698344,326.573453,-33.5947828
20.0,2.224874125444,230.0,284.2511140729337,-22.960317059652862,284.36355816192093,-23.377844566028543,327.60584,-34.5522828
20.0,2.224874125444,240.0,286.9986959672328,-24.050947409334075,284.26423696243063,-23.795482106532475,327.55367,-35.2809205
20.0,2.224874125444,250.0,288.70246940593023,-24.989620405230898,283.34429047905024,-24.070602756952013,326.481257,-35.7634384
20.0,2.224874125444,260.0,289.3050147152626,-25.73712459620183,281.6990854760411,-24.20239977036304,324.520707,-36.0020753
20.0,2.224874125444,270.0,288.87718965930844,-26.27336731083277,279.5461671518374,-24.22026748379362,321.843174,-36.012183
20.0,2.224874125444,280.0,287.4654457659441,-26.579559313806957,276.9334843375805,-24.11146628589493,318.617908,-35.8112307
20.0,2.224874125444,290.0,285.14916807380416,-26.646930465110955,273.9812969873031,-23.88437883469492,314.985018,-35.4122839
20.0,2.224874125444,300.0,282.0225500408403,-26.47396791880072,270.7439944373064,-23.53488991782564,311.049462,-34.8239213
20.0,2.224874125444,310.0,278.2156324231054,-26.072962544227394,267.2641727045548,-23.059755098704898,306.87141,-34.0483455
20.0,2.224874125444,320.0,273.8710416409365,-25.46489537369373,263.57235334125545,-22.45975551103466,302.489025,-33.0899073
20.0,2.224874125444,330.0,269.1298801877799,-24.675966347534132,259.673610492173,-21.73657220838697,297.95868,-31.9670778
20.0,2.224874125444,340.0,264.1333511430308,-23.737598882191953,255.61330322290257,-20.90195289381473,293.391457,-30.7213032
20.0,2.224874125444,350.0,259.01891154753656,-22.68466685837795,251.4876328105804,-19.985348043136145,288.975503,-29.4214766
20.0,2.240311250063,0.0,150.08904590272172,-13.901263911724422,183.9996933272483,-24.347735608315546,179.224228,-22.279367
20.0,2.240311250063,10.0,147.60822431600252,-13.272499590346865,183.7774693674872,-23.40850720790484,178.790206,-21.7428131
20.0,2.240311250063,20.0,145.3037709987514,-12.64208035564487,182.9512831596012,-22.44604584406647,178.304993,-21.2049902
20.0,2.240311250063,30.0,143.20143368544382,-12.02425658872375,181.86084731560365,-21.53005484885306,177.824872,-20.6849828
20.0,2.240311250063,40.0,141.35670800488722,-11.436445851048672,180.49397583307896,-20.66576767352136,177.479412,-20.2029442
20.0,2.240311250063,50.0,139.83775702864034,-10.896394080069657,179.25600321271727,-19.872825135664783,177.362431,-19.7739626
20.0,2.240311250063,60.0,138.807576708752,-10.427582649844382,178.19881995130604,-19.16476971335415,177.52916,-19.4142556
20.0,2.240311250063,70.0,138.32240453603896,-10.04184272417555,177.58372472401834,-18.5946091783678,178.004736,-19.1380159
20.0,2.240311250063,80.0,138.2424148493936,-9.734249443815012,177.3723765617967,-18.17459306445709,178.793926,-18.9543307
20.0,2.240311250063,90.0,138.58073438115613,-9.512133154345943,178.1093481478701,-18.044607137731635,179.889911,-18.8696464
20.0,2.240311250063,100.0,139.34080064780485,-9.38114375358805,179.09842732020005,-18.0062754007903,181.289115,-18.8921604
20.0,2.240311250063,110.0,140.5461101041727,-9.347524097085437,180.77559629228617,-18.186890263980136,182.995189,-19.0328848
20.0,2.240311250063,120.0,142.1371014202912,-9.410650463178653,183.224790452154,-18.61666961916166,185.016542,-19.304633
20.0,2.240311250063,130.0,144.0445259183377,-9.568362735484545,186.47133286460243,-19.311198359759203,187.366649,-19.7225338
20.0,2.240311250063,140.0,146.23791737600055,-9.820145959047,190.34827263146903,-20.262431602155523,190.03657,-20.296191
20.0,2.240311250063,150.0,148.71415912875509,-10.166116016038265,194.7387369210342,-21.44082073785403,192.960987,-21.0196556
20.0,2.240311250063,160.0,151.35754798551724,-10.596422825116122,199.2335658711993,-22.7651625538122,195.983727,-21.8596596
20.0,2.240311250063,170.0,154.08095059017072,-11.101078792441909,203.3167368040212,-24.12152261784881,198.845629,-22.7500294
20.0,2.240311250063,180.0,156.79037065537406,-11.667026500877055,206.25372093937463,-25.4543781980164,201.225747,-23.6148291
20.0,2.240311250063,190.0,159.47272250331153,-12.285368624325976,207.94610015137607,-26.67187005293773,202.813812,-24.3910278
20.0,2.240311250063,200.0,162.18697169552524,-12.951584117491532,208.2453636085313,-27.683866728498383,203.421653,-25.033518
20.0,2.240311250063,210.0,164.61643238516484,-13.6259585562565,207.85230201735263,-28.479191715372377,203.123491,-25.5249772
20.0,2.240311250063,220.0,166.67291065551456,-14.285310967531618,206.9299845545903,-29.07209653988725,202.095776,-25.8670217
20.0,2.240311250063,230.0,168.2306941532667,-14.899036808407798,205.5652917579596,-29.4758588081488,200.523597,-26.0728315
20.0,2.240311250063,240.0,169.2945849058649,-15.451561419759688,203.8371329035297,-29.72004329407946,198.571928,-26.1600644
20.0,2.240311250063,250.0,169.8342666046575,-15.922256596550232,201.8503092095936,-29.79612638291451,196.379678,-26.1465463
20.0,2.240311250063,260.0,169.6835090934315,-16.27513414340155,199.6721578316609,-29.74936139282923,194.060675,-26.0472196
20.0,2.240311250063,270.0,168.87629285692373,-16.498474686915824,197.4078605367158,-29.60992279045502,191.708334,-25.8746984
20.0,2.240311250063,280.0,167.65534500992072,-16.60858391338587,195.13300058254325,-29.37357221234041,189.407034,-25.6389797
20.0,2.240311250063,290.0,166.0717281833288,-16.602796300049988,192.9315552262077,-29.049978706815704,187.234857,-25.3483821
20.0,2.240311250063,300.0,164.1866314902162,-16.483032536236728,190.87363155396133,-28.64173738332815,185.260851,-25.0099084
20.0,2.240311250063,310.0,162.06811396908935,-16.255536806739663,189.0167119679835,-28.148259723189906,183.543298,-24.6298328
20.0,2.240311250063,320.0,159.78803295719476,-15.930415495779101,187.40757983621685,-27.572426113084493,182.127362,-24.2141156
20.0,2.240311250063,330.0,157.41738414651616,-15.520437071696785,186.08514560698552,-26.901726086261945,181.034098,-23.7685458
20.0,2.240311250063,340.0,155.02596700027829,-15.040907076176406,185.078946612822,-26.11623338524265,180.238628,-23.295819
20.0,2.240311250063,350.0,152.6797835705789,-14.50864889818049,184.3998503111812,-25.25832800488108,179.668229,-22.7972448
20.0,2.248059296027,0.0,50.02030180466288,-5.193167413580788,60.0342468515633,-9.790014318284756,56.7592228,-7.58042361
20.0,2.248059296027,10.0,49.5130257480761,-5.035362473527121,59.875636116902,-9.584299691503608,56.8694741,-7.44708151
20.0,2.248059296027,20.0,49.08128350400364,-4.877523415149249,59.8172983195322,-9.415632114040031,57.0583037,-7.32391412
20.0,2.248059296027,30.0,48.73503206811157,-4.724022434231098,59.88792584839992,-9.308924598806682,57.2950116,-7.21117787
20.0,2.248059296027,40.0,48.45655415273324,-4.57601916043864,60.09395267862305,-9.214739076150098,57.5600668,-7.11018983
20.0,2.248059296027,50.0,48.18350579786614,-4.4297693252408665,60.415482332648246,-9.137112556661776,57.8447784,-7.02282534
20.0,2.248059296027,60.0,48.01749506956081,-4.30019233323813,60.87387884891985,-9.04326979806612,58.1494084,-6.95114719
20.0,2.248059296027,70.0,47.96437881466185,-4.190646589768847,61.39009110289732,-8.976230798482918,58.4856781,-6.89779747
20.0,2.248059296027,80.0,48.026550918184576,-4.103812546169487,61.94367661674058,-8.936272632490565,58.8695709,-6.86606488
20.0,2.248059296027,90.0,48.19896448234479,-4.041213962765276,62.54201848401996,-8.961640889092081,59.3115703,-6.85947345
20.0,2.248059296027,100.0,48.49176416103389,-4.0063322549911895,63.12542096823781,-9.008445220565292,59.8195203,-6.88231529
20.0,2.248059296027,110.0,48.90189034234242,-4.0006882360134135,63.70518284810911,-9.1051986693466,60.3990697,-6.93932027
20.0,2.248059296027,120.0,49.41655246344236,-4.023814352738575,64.27583130987749,-9.257846101998146,61.0514332,-7.03454779
20.0,2.248059296027,130.0,50.023242435742375,-4.075529001530429,64.83578429442201,-9.46638749798072,61.7695176,-7.17043187
20.0,2.248059296027,140.0,50.70558175582624,-4.15493222058817,65.38756945641829,-9.718251643611978,62.528436,-7.34544925
20.0,2.248059296027,150.0,51.443565014008975,-4.260355734062859,65.93353088324086,-9.99550826290743,63.2752268,-7.55223352
20.0,2.248059296027,160.0,52.21407162481272,-4.389321902213637,66.51028601334711,-10.249200262890913,63.9251128,-7.77691202
20.0,2.248059296027,170.0,52.991644539053574,-4.538524540703992,67.07300251043152,-10.482663628860385,64.3960555,-8.00236469
20.0,2.248059296027,180.0,53.738435258247726,-4.702409890135101,67.56682094761452,-10.726705796677209,64.6471508,-8.21266791
20.0,2.248059296027,190.0,54.43693405197783,-4.87728313018507,67.92800458913058,-10.975125461261332,64.6783028,-8.39624874
20.0,2.248059296027,200.0,55.06213585954375,-5.057733881930126,68.09522068070753,-11.19611905009747,64.5195911,-8.54781763
20.0,2.248059296027,210.0,55.591231035628255,-5.237876444079968,67.96338999189163,-11.36974766949703,64.2131883,-8.66665953
20.0,2.248059296027,220.0,55.91584550029205,-5.401102510632111,67.64925134572185,-11.487021805834605,63.7848914,-8.75217141
20.0,2.248059296027,230.0,56.0732172443175,-5.546985300757468,67.18771414271184,-11.554705508861623,63.2496023,-8.80391032
20.0,2.248059296027,240.0,56.09952678175567,-5.675162520334051,66.61759820960476,-11.57713862484398,62.6271519,-8.82338902
20.0,2.248059296027,250.0,55.994816473832415,-5.781123520205492,66.08290641853345,-11.57383398535146,61.940391,-8.8129456
20.0,2.248059296027,260.0,55.734262224352904,-5.856014002929753,65.45532164023705,-11.531376590765992,61.2147749,-8.77566977
20.0,2.248059296027,270.0,55.34559922275643,-5.900444344733623,64.76684486524447,-11.455902252909164,60.4772721,-8.71512212
20.0,2.248059296027,280.0,54.86582837222453,-5.916833301892989,64.04334127504978,-11.34994770843812,59.7544386,-8.63459682
20.0,2.248059296027,290.0,54.31166834156793,-5.904676606750824,63.31015574796391,-11.21667133511428,59.070863,-8.53683347
20.0,2.248059296027,300.0,53.70279298344173,-5.864842418911487,62.58796722279582,-11.057934723566907,58.4483214,-8.42423386
20.0,2.248059296027,310.0,53.059875599592104,-5.799150639029325,61.89284983632528,-10.87476638824612,57.9048871,-8.2988022
20.0,2.248059296027,320.0,52.40369444148677,-5.710233977720989,61.23772170845572,-10.668764383373713,57.4548089,-8.16260112
20.0,2.248059296027,330.0,51.75434699324002,-5.601374115799098,60.76769644145335,-10.457055554354357,57.1089177,-8.01844101
20.0,2.248059296027,340.0,51.13061763278535,-5.476330469262151,60.44632631513716,-10.237323850994526,56.8751924,-7.87011866
20.0,2.248059296027,350.0,50.549522752298685,-5.3391764899023935,60.2253757226763,-10.012602597174435,56.7580802,-7.7221238
25.0,0.211940703974,0.0,2.998570282126772,0.9582719623023648,6.701581263122828,2.2153526908102807,7.39786507,2.20265341
25.0,0.211940703974,10.0,3.084989544858543,0.9913993955467865,6.792442200632426,2.378755182008277,7.49330088,2.35709864
25.0,0.211940703974,20.0,3.1821140058914965,1.0704514902416447,6.916247016972903,2.6336337089347417,7.6209798,2.60715834
25.0,0.211940703974,30.0,3.288662956309222,1.195896034497985,7.073947484369378,2.9803950530662964,7.78395681,2.9530062
25.0,0.211940703974,40.0,3.4036013706398087,1.3674950654656661,7.268013870746592,3.418664548680096,7.9851244,3.39349413
25.0,0.211940703974,50.0,3.525752566028105,1.5840615206700235,7.499422838806645,3.946437890834582,8.22153313,3.92716201
25.0,0.211940703974,60.0,3.6533592374217974,1.8431487850392245,7.7657850231944066,4.559005827084649,8.49277544,4.54964039
25.0,0.211940703974,70.0,3.783727578130025,2.140671686916103,8.05373359730167,5.245944810560576,8.7965991,5.25294835
25.0,0.211940703974,80.0,3.913075011659674,2.4705297199267204,8.356008813314338,5.994886746349732,9.11666915,6.02248863
25.0,0.211940703974,90.0,4.036641276063734,2.824352314260114,8.673220868611873,6.789776214692002,9.44116549,6.83787199
25.0,0.211940703974,100.0,4.149042120783509,3.1914819071706866,8.961554018547597,7.593364727191556,9.80029949,7.68589606
25.0,0.211940703974,110.0,4.244781467876356,3.5592582761924523,9.225808129167676,8.378093841683542,10.1224368,8.51836144
25.0,0.211940703974,120.0,4.318812361420664,3.9135973056929982,9.447739310779475,9.105861138264345,10.3844857,9.29260893
25.0,0.211940703974,130.0,4.367046323987779,4.239799395517725,9.65786776131006,9.75231717734345,10.5932232,9.97716317
25.0,0.211940703974,140.0,4.38673905695287,4.523491172820713,9.781041773579542,10.25236885126987,10.7393566,10.5372866
25.0,0.211940703974,150.0,4.376713090911564,4.751597372183718,9.830897644512367,10.61301557179276,10.8176422,10.943341
25.0,0.211940703974,160.0,4.337407192753529,4.913249010409048,9.815745496792587,10.796819331390743,10.8238995,11.1705213
25.0,0.211940703974,170.0,4.2707657558164955,5.000550765711921,9.733218950181984,10.794029297384492,10.7567359,11.2055112
25.0,0.211940703974,180.0,4.179999059381143,5.009149190475221,9.58787191431304,10.607174811781023,10.6202433,11.0474122
25.0,0.211940703974,190.0,4.06925747955904,4.938561342974564,9.389303585166262,10.248461015814598,10.423686,10.7071141
25.0,0.211940703974,200.0,3.943269375777028,4.792239875433437,9.148013049217973,9.740111922387326,10.1766847,10.2055283
25.0,0.211940703974,210.0,3.8069930488525885,4.577365958445884,8.878565530525067,9.112825595017409,9.89180311,9.57300407
25.0,0.211940703974,220.0,3.6653273661708075,4.30437666163561,8.594197084441552,8.400756524110149,9.58325219,8.84537818
25.0,0.211940703974,230.0,3.522913051010562,3.9862498634016177,8.306578839665521,7.639477094596906,9.2634577,8.05828754
25.0,0.211940703974,240.0,3.384037422949923,3.6375888227768853,8.024342685042482,6.862638058497994,8.9424192,7.24564288
25.0,0.211940703974,250.0,3.2526308631080654,3.2735713612835386,7.727785838056882,6.09250988128452,8.6348659,6.43947272
25.0,0.211940703974,260.0,3.132316923768138,2.908855310701218,7.469384885286025,5.371319006212656,8.33919619,5.66414876
25.0,0.211940703974,270.0,3.02645670909518,2.556559939624241,7.248827633102299,4.695307038219505,8.0403951,4.93403984
25.0,0.211940703974,280.0,2.9381226726613066,2.227464467967858,7.058127740312816,4.088260127680116,7.80835999,4.28270319
25.0,0.211940703974,290.0,2.869958876747305,1.9295636394152673,6.900342243282942,3.5584226430270465,7.62074449,3.71273672
25.0,0.211940703974,300.0,2.8239374652584734,1.668075769174544,6.774543712423681,3.1092014219188897,7.47495599,3.22809166
25.0,0.211940703974,310.0,2.801088000694347,1.445899288575752,6.686755112110258,2.744438139667756,7.37446952,2.8314184
25.0,0.211940703974,320.0,2.8013193504775926,1.264380693038893,6.63275512273163,2.4634841164507093,7.31397802,2.52353145
25.0,0.211940703974,330.0,2.823436612225452,1.1241518013286143,6.608643975069334,2.26855670995459,7.28632035,2.30570214
25.0,0.211940703974,340.0,2.8653790088981914,1.025785678957373,6.610929490557055,2.1612904945917792,7.29276652,2.178577
25.0,0.211940703974,350.0,2.924614083723273,0.9701229326897576,6.641551026942843,2.142803757110576,7.32755761,2.14351122
25.0,0.219688749936,0.0,4.220002386935034,1.474909780765261,6.843393274208194,2.437342642624882,7.53170713,2.4282283
25.0,0.219688749936,10.0,4.275223524864613,1.513980843160092,6.938757146612598,2.605259152804146,7.63218032,2.58660642
25.0,0.219688749936,20.0,4.349918565954556,1.6186883339380527,7.06889606264377,2.8674150513445773,7.76646773,2.84305402
25.0,0.219688749936,30.0,4.444351488146118,1.789516144505767,7.23436402594312,3.2243520392435165,7.93738066,3.19791077
25.0,0.219688749936,40.0,4.559157326951284,2.0266681772158393,7.437350224636177,3.675744050479931,8.14739868,3.65009721
25.0,0.219688749936,50.0,4.694673025443927,2.3297526231342003,7.678524776377942,4.2194829081300265,8.39297221,4.1981025
25.0,0.219688749936,60.0,4.850212640933079,2.6972189851141493,7.955149605503794,4.850567498476838,8.67342021,4.83736874
25.0,0.219688749936,70.0,5.023480317203135,3.125542185570062,8.252630000210706,5.557876510466511,8.98632321,5.55953113
25.0,0.219688749936,80.0,5.2102796048212126,3.6082899385618936,8.563571382657317,6.328527119713044,9.31433929,6.3493007
25.0,0.219688749936,90.0,5.404587466718141,4.135314113248009,8.88816412340546,7.145638803032232,9.64537582,7.18558044
25.0,0.219688749936,100.0,5.598956532978533,4.692318273484165,9.18179166016372,7.9707768919877635,10.0127214,8.05566271
25.0,0.219688749936,110.0,5.785135546760184,5.260973655078738,9.449846550038783,8.775728972970418,10.3406782,8.90895905
25.0,0.219688749936,120.0,5.954775228689332,5.819631051050753,9.67353470351734,9.52139340511413,10.6046187,9.70147848
25.0,0.219688749936,130.0,6.100104581421253,6.344558309579432,9.889807611790117,10.184624545601926,10.8131548,10.4013999
25.0,0.219688749936,140.0,6.214498221784482,6.811551872027523,10.012381624407244,10.695809282875771,10.957409,10.9735066
25.0,0.219688749936,150.0,6.292891033709401,7.197730839176345,10.059960025233368,11.064838062200556,11.0325403,11.3877808
25.0,0.219688749936,160.0,6.332025007602361,7.483315233628687,10.041616962661422,11.252309473630532,11.034569,11.6191028
25.0,0.219688749936,170.0,6.330534213166196,7.6532057920655605,9.95466384285045,11.248653990019548,10.9624444,11.6540389
25.0,0.219688749936,180.0,6.288889170164369,7.6982124754908385,9.80420339986228,11.05672510260348,10.8205832,11.4917982
25.0,0.219688749936,190.0,6.209232572194495,7.615817523428763,9.6003993211652,10.689032135691258,10.6186025,11.1434758
25.0,0.219688749936,200.0,6.095144385577373,7.41040287899323,9.35403458730215,10.16828005810766,10.3663654,10.6303444
25.0,0.219688749936,210.0,5.951375133424108,7.092918821990931,9.080131449263218,9.525880524519184,10.0766001,9.98330839
25.0,0.219688749936,220.0,5.783581039643559,6.680018801919741,8.79196997996272,8.796563008593402,9.76357327,9.23893477
25.0,0.219688749936,230.0,5.5980835705037775,6.192733063639172,8.500944687910165,8.016517120857769,9.43956187,8.43343484
25.0,0.219688749936,240.0,5.401659707110757,5.6547989381106865,8.215092939859861,7.219875916355082,9.11440677,7.60129673
25.0,0.219688749936,250.0,5.201350431813638,5.090806454851151,7.910459093875215,6.428382718215183,8.80289091,6.77523737
25.0,0.219688749936,260.0,5.0042578884950455,4.524350954192796,7.646835027236857,5.687360442991486,8.50236634,5.98005974
25.0,0.219688749936,270.0,4.8172933878606905,3.9764040046030678,7.421784154013999,4.991726865842684,8.19569026,5.22998566
25.0,0.219688749936,280.0,4.646847401098761,3.4641105624898283,7.225242094425945,4.366747443221221,7.95774817,4.56104194
25.0,0.219688749936,290.0,4.498385315848209,3.000180182046214,7.061259654574507,3.821086255076133,7.7646971,3.97574954
25.0,0.219688749936,300.0,4.376025741254162,2.5929503460992613,6.928916106068061,3.3582508539904965,7.61374923,3.47829659
25.0,0.219688749936,310.0,4.282211098814461,2.2470624296145147,6.835467163704409,2.9825207458787824,7.50895098,3.071436
25.0,0.219688749936,320.0,4.217598531559521,1.9645387432096264,6.776849333350151,2.693175423116379,7.4452924,2.75597059
25.0,0.219688749936,330.0,4.181255708001036,1.7459476028889138,6.749429137727727,2.4924946472916885,7.41568606,2.53302269
25.0,0.219688749936,340.0,4.171149258184311,1.5913543123489848,6.750040569337728,2.3820473541237246,7.42178163,2.40308445
25.0,0.219688749936,350.0,4.184810223844349,1.5008850700604095,6.780958378445109,2.362915499415361,7.45804559,2.36740407
25.0,0.235125874557,0.0,3.8925982928381426,1.589315099336494,5.524538531841325,2.238529040957943,5.9977936,2.22687868
25.0,0.235125874557,10.0,3.921107466785789,1.623372752938658,5.605162045710272,2.375245872869055,6.08243782,2.35505973
25.0,0.235125874557,20.0,3.971167987748819,1.719951453229751,5.715495583505459,2.589084717445507,6.19517347,2.56254704
25.0,0.235125874557,30.0,4.043484481270374,1.8796313144870669,5.855329879072766,2.880565495504293,6.33789452,2.84976761
25.0,0.235125874557,40.0,4.13899761237633,2.1030444527542502,6.025913731502206,3.24944278077694,6.51187952,3.21591901
25.0,0.235125874557,50.0,4.258271425257434,2.3905085388098395,6.227316327334738,3.6938311418931815,6.71350947,3.65977483
25.0,0.235125874557,60.0,4.400849839689425,2.7413848646938033,6.456958453968045,4.209376268479569,6.94189696,4.17746834
25.0,0.235125874557,70.0,4.564748077222001,3.153175536261828,6.701302646169708,4.786285420890998,7.19506137,4.76198559
25.0,0.235125874557,80.0,4.746204246607555,3.6205052878792787,6.954617652129951,5.413831426505776,7.45814821,5.400509
25.0,0.235125874557,90.0,4.9397364406876045,4.134227067246317,7.2161980503104175,6.07766267280977,7.72125827,6.07573901
25.0,0.235125874557,100.0,5.138467542329536,4.680900146932847,7.450321176307413,6.746347271625538,8.01390949,6.77864282
25.0,0.235125874557,110.0,5.334627159139157,5.242817566533757,7.662391488177735,7.39721951327657,8.2734906,7.46681618
25.0,0.235125874557,120.0,5.52012820604104,5.79864514844677,7.836837124619426,7.998650131805057,8.47809143,8.10424418
25.0,0.235125874557,130.0,5.687132971274282,6.324620623556252,8.015415974315216,8.535678081170758,8.63704337,8.66592577
25.0,0.235125874557,140.0,5.828551474519453,6.79617504995053,8.108088382064395,8.946156526806623,8.74420224,9.12413707
25.0,0.235125874557,150.0,5.938440614786153,7.189787343130212,8.140868904901367,9.243008075992476,8.79653334,9.45519863
25.0,0.235125874557,160.0,6.012291479418707,7.484863261015551,8.121277043492842,9.392640015088972,8.79120366,9.63927059
25.0,0.235125874557,170.0,6.047204887056976,7.665436326594887,8.046797064608937,9.388199116692576,8.72800248,9.66590612
25.0,0.235125874557,180.0,6.041963776705372,7.721513973174533,7.922405877186406,9.232434161370335,8.61090115,9.53470992
25.0,0.235125874557,190.0,5.997016801572521,7.649932674317343,7.756849909807197,8.935440329262837,8.44781379,9.25456789
25.0,0.235125874557,200.0,5.9143907960735485,7.454636597878722,7.558877947931852,8.515465644665458,8.24657536,8.84227735
25.0,0.235125874557,210.0,5.79755039547577,7.146351261582575,7.34089573177575,7.997778818484654,8.01717433,8.32249761
25.0,0.235125874557,220.0,5.651220660422977,6.741682681874371,7.113179504131694,7.409983856757123,7.77056087,7.72440585
25.0,0.235125874557,230.0,5.481183111364888,6.261729526145363,6.883944623756148,6.780758886946277,7.51604381,7.07678309
25.0,0.235125874557,240.0,5.294047805495649,5.73034674195073,6.658365751503262,6.137060931386632,7.26093064,6.40697413
25.0,0.235125874557,250.0,5.096995638479868,5.1722399547494184,6.409267860265178,5.494101941030734,7.01675152,5.7412364
25.0,0.235125874557,260.0,4.897478794488572,4.61109626746826,6.198481785718574,4.8926431120403775,6.77983928,5.09920402
25.0,0.235125874557,270.0,4.7028673739606575,4.067963919454378,6.018419770861331,4.326215652562341,6.53418534,4.49156128
25.0,0.235125874557,280.0,4.520041464643003,3.5600742769522666,5.858022960542768,3.816655825867478,6.3434079,3.94974819
25.0,0.235125874557,290.0,4.354953168931047,3.100247723376686,5.722145980650466,3.371219616683691,6.18785648,3.47573853
25.0,0.235125874557,300.0,4.2122187584474275,2.6969358422577874,5.609918537908229,2.992774496292832,6.06503454,3.07311579
25.0,0.235125874557,310.0,4.094832815064392,2.354832592988115,5.52913409241084,2.685477855607264,5.97894018,2.74420741
25.0,0.235125874557,320.0,4.004101020259986,2.0758644355946525,5.476782608445156,2.4487455062822154,5.92609262,2.48960362
25.0,0.235125874557,330.0,3.939848471418114,1.8602906782993223,5.450475025881332,2.284561942992211,5.90105479,2.31003769
25.0,0.235125874557,340.0,3.9008819264729757,1.7076543019924306,5.4483113394077165,2.1940983909789216,5.90570372,2.20567721
25.0,0.235125874557,350.0,3.8856003848308918,1.6174244829105753,5.47259283433208,2.1781710560409486,5.93605133,2.17733936
25.0,0.258134591992,0.0,2.6424394832167812,1.3086795494427186,3.65564921494628,1.718181387583247,3.7658423,1.67662707
25.0,0.258134591992,10.0,2.6554183551113146,1.3317405857684688,3.712297946888448,1.80841190490764,3.8224984,1.75964082
25.0,0.258134591992,20.0,2.6852546178806427,1.3993188756997545,3.790074521609396,1.9498282517758625,3.89740389,1.89376426
25.0,0.258134591992,30.0,2.73238131075913,1.511931018898448,3.888149527051803,2.142726052782096,3.99150478,2.07935497
25.0,0.258134591992,40.0,2.7972749601256233,1.6702220988821903,4.006882863216063,2.386810834436067,4.10513314,2.31590211
25.0,0.258134591992,50.0,2.880083415080804,1.8746380029676812,4.145965573801536,2.6805718008348247,4.2352932,2.60254831
25.0,0.258134591992,60.0,2.9802463168711633,2.1249074122691107,4.303411570508051,3.0207975464528487,4.38136273,2.93666596
25.0,0.258134591992,70.0,3.0962054011233224,2.419365093274879,4.468004215364798,3.4001504346174904,4.5422168,3.31353361
25.0,0.258134591992,80.0,3.2252719113826194,2.7542244878967956,4.636484490791188,3.811359813832844,4.70763604,3.72452129
25.0,0.258134591992,90.0,3.3636705101018087,3.122958056731823,4.80723485333104,4.244380119376637,4.87073988,4.15824457
25.0,0.258134591992,100.0,3.5067342649651088,3.515944501160279,4.957024792191077,4.678450287590838,5.0480547,4.60938815
25.0,0.258134591992,110.0,3.6491996277253747,3.920496152281442,5.090863792419469,5.099228488212507,5.20668627,5.05052367
25.0,0.258134591992,120.0,3.7855465268618587,4.321309069421802,5.197965594189776,5.4862394911070105,5.32877017,5.45784581
25.0,0.258134591992,130.0,3.910339036635662,4.70130614232782,5.32474770153769,5.8357985846557545,5.42120093,5.8156106
25.0,0.258134591992,140.0,4.018536711295235,5.04278480682447,5.377713440313694,6.0981891014838885,5.48072496,6.10660566
25.0,0.258134591992,150.0,4.105759313694894,5.328741831945627,5.3936658491094605,6.288181046606212,5.50645024,6.31616515
25.0,0.258134591992,160.0,4.168496425730528,5.544228511895172,5.375684816577041,6.382311570673991,5.49680426,6.43194542
25.0,0.258134591992,170.0,4.2042589356675055,5.6775887806430525,5.322089773045119,6.377330538609105,5.4521204,6.44759841
25.0,0.258134591992,180.0,4.211672903152548,5.721447824021649,5.237259494623948,6.275489663022168,5.37545757,6.36309831
25.0,0.258134591992,190.0,4.190518689639158,5.673346858568884,5.1275029384261614,6.083359440411502,5.27204956,6.18413923
25.0,0.258134591992,200.0,4.141719840637853,5.53595760479693,4.998435842196259,5.812609321131003,5.14659446,5.92112879
25.0,0.258134591992,210.0,4.067286980977477,5.316853898755677,4.858755690467327,5.479524067395917,5.0049797,5.58952815
25.0,0.258134591992,220.0,3.9702217968530276,5.027863845333094,4.714625275009372,5.101440826764277,4.85365285,5.20784407
25.0,0.258134591992,230.0,3.854385005732712,4.6840697978605546,4.570330494824056,4.69622118114934,4.69823501,4.79419238
25.0,0.258134591992,240.0,3.7243303100424936,4.302561246479391,4.427752056911039,4.280490185129513,4.54276574,4.36570074
25.0,0.258134591992,250.0,3.5851043551247876,3.901073724547956,4.256946892247998,3.86036106986256,4.39441465,3.93909568
25.0,0.258134591992,260.0,3.442011857924492,3.4966618466924784,4.121799014946345,3.468663023595686,4.25031772,3.52675311
25.0,0.258134591992,270.0,3.300347085609866,3.104553746289227,4.005446370303851,3.0978531146667474,4.1006163,3.13508101
25.0,0.258134591992,280.0,3.1650997088480364,2.7373150066538563,3.898707346292432,2.763410116808519,3.98116276,2.78522918
25.0,0.258134591992,290.0,3.0406558141334563,2.404410831469718,3.806364512556178,2.470072875340229,3.88318904,2.47910317
25.0,0.258134591992,300.0,2.930531692441903,2.112195956422476,3.727281888124752,2.2197427953639868,3.80517707,2.21927693
25.0,0.258134591992,310.0,2.837192181474712,1.8642884585287796,3.6691373114901698,2.016120959085036,3.75019266,2.00731724
25.0,0.258134591992,320.0,2.76200591576681,1.662211358108708,3.629931723603562,1.8589503527539235,3.71638061,1.84358411
25.0,0.258134591992,330.0,2.705367702980139,1.5061387394136136,3.608641397493154,1.7498284294437632,3.70036612,1.7284303
25.0,0.258134591992,340.0,2.666974960477971,1.3955835237819465,3.60462430329641,1.689530352270787,3.7037958,1.66183448
25.0,0.258134591992,350.0,2.646196482901432,1.3299158055080957,3.6199422782719246,1.678605928951885,3.72447615,1.64414748
25.0,0.28853979201,0.0,4.200067552535273,1.8330379510564718,6.2044808278906025,2.427267631104892,5.89013766,2.30574656
25.0,0.28853979201,10.0,4.223711173888497,1.8608862316695773,6.305542260469491,2.534690511466285,5.9888211,2.40341689
25.0,0.28853979201,20.0,4.2793381410545095,1.942089365879576,6.443863942766652,2.7027511799258264,6.12022549,2.56044729
25.0,0.28853979201,30.0,4.367315816657073,2.0772322224587803,6.616972258339477,2.93145379493428,6.28581361,2.77724046
25.0,0.28853979201,40.0,4.487797292781768,2.26701082483783,6.825574994083104,3.220095861192896,6.48559681,3.053085
25.0,0.28853979201,50.0,4.640168654730252,2.5117449562369987,7.06954297492597,3.56654318295327,6.71346871,3.38685311
25.0,0.28853979201,60.0,4.822472173925823,2.8107540548968006,7.345982284101598,3.966698795155326,6.96825877,3.77533886
25.0,0.28853979201,70.0,5.0307212574646725,3.1616938143240576,7.627847376309757,4.410034503452914,7.24804762,4.21287287
25.0,0.28853979201,80.0,5.25957279208062,3.5593260307991708,7.912599507480482,4.888305367626368,7.53513897,4.68924092
25.0,0.28853979201,90.0,5.501129303847689,3.995513465553933,8.192642990771203,5.388450088930977,7.81298375,5.19027182
25.0,0.28853979201,100.0,5.745725922572752,4.459415722561722,8.429274207524053,5.88638126718336,8.0654058,5.70574965
25.0,0.28853979201,110.0,5.985891409648233,4.934096102274075,8.63586323325077,6.366716290227754,8.31197304,6.21277791
25.0,0.28853979201,120.0,6.210715266545397,5.403049277413288,8.792166854089812,6.806651963570339,8.50681217,6.67949119
25.0,0.28853979201,130.0,6.411957089457429,5.846252019910121,9.066172414582292,7.218389996378412,8.64924971,7.08795104
25.0,0.28853979201,140.0,6.58254839513952,6.243358463169924,9.129159202765138,7.515193901015043,8.73372919,7.41894299
25.0,0.28853979201,150.0,6.717038694125235,6.574952745786587,9.143880129496504,7.729752440817376,8.76298576,7.65621128
25.0,0.28853979201,160.0,6.811236574503634,6.8242970635023905,9.101604482833125,7.832679013143462,8.73481974,7.78608832
25.0,0.28853979201,170.0,6.862789208725604,6.978299009940769,9.000598360853221,7.8227120510499715,8.65287698,7.80157051
25.0,0.28853979201,180.0,6.870770823738218,7.028659492868001,8.851907914663899,7.702711021235603,8.52470401,7.70344661
25.0,0.28853979201,190.0,6.835516430747358,6.972619713846207,8.667165025195493,7.48041235574819,8.35900586,7.4983196
25.0,0.28853979201,200.0,6.758449209670629,6.813177730016449,8.454175617590998,7.169224257779907,8.16226408,7.19745285
25.0,0.28853979201,210.0,6.64176390334159,6.558962596978806,8.23031489368435,6.788162727783567,7.9414064,6.81780791
25.0,0.28853979201,220.0,6.488899789013131,6.223353547671287,8.003598297274955,6.356407836438453,7.70290696,6.38079325
25.0,0.28853979201,230.0,6.30492013953709,5.823096277018359,7.777340723190089,5.895155719472712,7.45651573,5.90606975
25.0,0.28853979201,240.0,6.09498902366373,5.378033829960082,7.551007480555376,5.41813792534272,7.20491322,5.41440288
25.0,0.28853979201,250.0,5.8666135137715925,4.908135972767828,7.218387434414964,4.924453154433776,6.96369055,4.92231323
25.0,0.28853979201,260.0,5.627742554435338,4.433137604021414,7.00537793991813,4.47273191938917,6.73214904,4.44710913
25.0,0.28853979201,270.0,5.3867158226031595,3.9710454960090504,6.814991057735945,4.043118779424685,6.51514242,3.99700765
25.0,0.28853979201,280.0,5.152648920778283,3.5365531789981985,6.635655727038621,3.6549222658077554,6.30641843,3.59010267
25.0,0.28853979201,290.0,4.93348576513481,3.1413753694219904,6.477700266923175,3.3127182799580326,6.1296635,3.23353387
25.0,0.28853979201,300.0,4.7364994851418585,2.7933598478778356,6.3364932122112405,3.018481925785164,5.9871412,2.93124211
25.0,0.28853979201,310.0,4.566827560749093,2.497436558318419,6.233542927864242,2.7786559193192795,5.88406555,2.68500951
25.0,0.28853979201,320.0,4.428048004406704,2.2558123556045744,6.163140496086636,2.5930575833985854,5.81843588,2.49525616
25.0,0.28853979201,330.0,4.321882326814728,2.0690454121408566,6.123937945040673,2.4641132473072034,5.78471533,2.36232432
25.0,0.28853979201,340.0,4.248771096958974,1.9367555273351005,6.11516515460407,2.392812371651926,5.78627398,2.28606466
25.0,0.28853979201,350.0,4.208326563149746,1.8582654818225093,6.141276166681332,2.380072869480307,5.81984311,2.2667056
25.0,0.326110072682,0.0,9.727159918480172,2.65926431001701,14.27405952450366,3.4298955574735728,13.2256784,3.28032258
25.0,0.326110072682,10.0,9.797022408586503,2.6955588400692996,14.502066813065662,3.5591047227475925,13.4671376,3.40135199
25.0,0.326110072682,20.0,9.947351913219814,2.798638660881882,14.801675255682206,3.760356337729221,13.7899853,3.5943165
25.0,0.326110072682,30.0,10.176626316619947,2.9693404777309924,15.163609664019086,4.032696536550118,14.1964334,3.86062696
25.0,0.326110072682,40.0,10.48049361308946,3.2084329190072123,15.594549843561524,4.376408840230134,14.6838979,4.19820517
25.0,0.326110072682,50.0,10.852783417920232,3.515212357143127,16.102018539255713,4.788745714855364,15.2282453,4.60618177
25.0,0.326110072682,60.0,11.278555828497595,3.891173064399886,16.68605345340802,5.265300912542425,15.8207888,5.07910094
25.0,0.326110072682,70.0,11.747457017352227,4.326644404279721,17.237924462864978,5.797542839430317,16.4428773,5.61763201
25.0,0.326110072682,80.0,12.233156122696442,4.818842549992574,17.771755967386344,6.358918375290371,17.0753232,6.1934281
25.0,0.326110072682,90.0,12.713091734896457,5.355330355369788,18.250255307859376,6.950379173777651,17.6348305,6.80068085
25.0,0.326110072682,100.0,13.16438973134729,5.920521535841257,18.59167624256797,7.536698448110646,17.804474,7.4053759
25.0,0.326110072682,110.0,13.565351401408847,6.495887097044663,18.859193523537208,8.101348777355799,18.1003434,8.00519923
25.0,0.326110072682,120.0,13.900556137750208,7.059773469432446,19.0196228871938,8.61774790660987,18.3361183,8.56203178
25.0,0.326110072682,130.0,14.161422135463324,7.5886573175726735,20.21579495817557,9.158409641199627,18.4359915,9.04508874
25.0,0.326110072682,140.0,14.345015383664606,8.058084380249744,20.199816582320853,9.510379575790973,18.3974575,9.43181119
25.0,0.326110072682,150.0,14.376421339468827,8.423442778896987,20.16232451513124,9.76262403697784,18.2553738,9.70598824
25.0,0.326110072682,160.0,14.381514730264533,8.699996967611211,20.026782962971986,9.882934117934548,18.0231249,9.85236976
25.0,0.326110072682,170.0,14.431329555992924,8.894919491655111,19.77252743671298,9.868442360866725,17.740895,9.86515132
25.0,0.326110072682,180.0,14.432409968328173,8.966302113900605,19.435031026011643,9.723829116089972,17.4380939,9.7455741
25.0,0.326110072682,190.0,14.340172473246874,8.89550103109036,19.043854080330693,9.45781965033422,17.1436066,9.50353085
25.0,0.326110072682,200.0,14.158118894417967,8.685970787562132,18.602016044516045,9.085502467794727,16.849642,9.14909595
25.0,0.326110072682,210.0,13.970163328772292,8.37673133339502,18.178775547029343,8.631998111175553,16.5618388,8.70262711
25.0,0.326110072682,220.0,13.835405649410147,7.998828594509905,17.783263102902993,8.120579518006297,16.2501348,8.18643031
25.0,0.326110072682,230.0,13.646594730035353,7.539004926862093,17.411247392276927,7.572659459073054,15.9194199,7.62279442
25.0,0.326110072682,240.0,13.35559020987422,7.006018492511092,17.014275691657314,7.006681042617846,15.5545356,7.03498287
25.0,0.326110072682,250.0,13.014845980876663,6.440919164721818,15.86978580905752,6.377658332318958,15.1771246,6.44516584
25.0,0.326110072682,260.0,12.630642884054458,5.865968793320183,15.571124690389468,5.840349046366817,14.8395966,5.87407145
25.0,0.326110072682,270.0,12.212664409543384,5.302864498708075,15.26204835510587,5.331325488431239,14.6661452,5.34166749
25.0,0.326110072682,280.0,11.77652830904558,4.77028584649579,14.95554822781765,4.872378588503443,14.2302497,4.84851134
25.0,0.326110072682,290.0,11.342015721121737,4.283036510350513,14.674982938453295,4.46784297603874,13.8364164,4.40648234
25.0,0.326110072682,300.0,10.930063692477892,3.8517471817736495,14.393147469568683,4.118097035462413,13.5042191,4.03753024
25.0,0.326110072682,310.0,10.556993625654652,3.4859268571421294,14.213271742646318,3.8354547860240538,13.2497604,3.73665039
25.0,0.326110072682,320.0,10.244520158492374,3.1838553802539127,14.100076140048122,3.617530661965272,13.0798562,3.50520763
25.0,0.326110072682,330.0,9.999344683850508,2.9511979968868496,14.047651900319376,3.4670907965828586,12.9841796,3.34406672
25.0,0.326110072682,340.0,9.82906782353503,2.786707996216701,14.050673075382774,3.384945192706216,12.978528,3.25262534
25.0,0.326110072682,350.0,9.737876471618504,2.6896148015197023,14.12407123997454,3.371982499815129,13.0564964,3.23078269
25.0,0.370559501483,0.0,18.799239167159392,3.4778069131298173,26.22884525418617,4.2799926458589,23.2964038,4.12350503
25.0,0.370559501483,10.0,18.94899844134336,3.521380168858675,26.670481572139902,4.425424398676122,23.6936654,4.26037368
25.0,0.370559501483,20.0,19.21363023625503,3.6422095107786854,27.22159103605753,4.657798322378555,24.1880555,4.48032965
25.0,0.370559501483,30.0,19.579943212126533,3.8411891447728648,27.83834944149673,4.965437992022893,24.7806938,4.77849648
25.0,0.370559501483,40.0,20.023683858497435,4.1182042568216355,28.577258727652097,5.357217130122161,25.4329065,5.15795048
25.0,0.370559501483,50.0,20.513111968511193,4.4708131952526315,29.49026929541193,5.825605633949276,26.0597521,5.61184671
25.0,0.370559501483,60.0,21.0050132879478,4.894142070824756,30.626021552660728,6.367025194552853,26.5783249,6.13283738
25.0,0.370559501483,70.0,21.447851504628247,5.3813286165950815,31.51326938910989,6.959237215046073,26.9123467,6.70958734
25.0,0.370559501483,80.0,21.77892519022834,5.913243344492539,32.276652192949825,7.58830285097834,27.0247827,7.32149028
25.0,0.370559501483,90.0,21.77667903431142,6.442744916744828,32.78416694806669,8.232441387058019,26.6757539,7.77897988
25.0,0.370559501483,100.0,27.878915105053217,0.8150526266395214,32.91672036844347,8.857728261588267,33.00962,0.820818827
25.0,0.370559501483,110.0,29.536499047245776,1.001408254718281,32.902148761055365,9.356932469486027,34.4394655,1.07255015
25.0,0.370559501483,120.0,30.707402359255177,1.3885131806007238,33.062533088727925,10.200639941833508,35.5927571,1.40114301
25.0,0.370559501483,130.0,31.98737404404513,1.751255729073505,36.42908051537368,1.6831687986543613,36.3614048,1.79102696
25.0,0.370559501483,140.0,33.14812080654677,2.0753915087768062,36.75561697412946,2.067486577238302,37.1245939,2.10143722
25.0,0.370559501483,150.0,34.52501097390571,2.1798085463259054,37.04046152756637,2.312244320477953,37.5577722,2.35314512
25.0,0.370559501483,160.0,35.446093542921346,2.2518013627667584,37.26190156272804,2.353851626150791,37.9509921,2.41636517
25.0,0.370559501483,170.0,35.97829313249525,2.3221047945713464,37.06382466866895,2.346066972443737,38.0136866,2.39965366
25.0,0.370559501483,180.0,36.13616605293166,2.3686962224455486,36.50372832712614,2.313594706182388,37.5759071,2.36983642
25.0,0.370559501483,190.0,35.857648027382034,2.355826528464043,35.643223496548664,2.254178127769343,36.7103569,2.31790131
25.0,0.370559501483,200.0,35.15454375263194,2.2831095790194946,34.43504122524401,2.1901131257892086,35.4136051,2.25630042
25.0,0.370559501483,210.0,34.07331630922723,2.1694336703251014,33.247009449570754,1.97541949867268,33.9582104,2.1129081
25.0,0.370559501483,220.0,32.73693902472396,2.0688855295285467,32.153841606931664,1.6163021413980274,32.6254895,1.80740341
25.0,0.370559501483,230.0,31.004081411377243,1.9591244476782474,31.177695122482124,1.2126958803601582,31.1689844,1.47463813
25.0,0.370559501483,240.0,29.521325043338933,1.6536625087660277,30.08357972333619,0.9010933166873232,29.9653381,1.08547725
25.0,0.370559501483,250.0,28.053438217301203,1.2915163619403602,27.9725246733442,7.569505665771058,28.4402829,0.831898702
25.0,0.370559501483,260.0,26.826374517880605,0.8987295314498445,27.867980736523844,6.990906642482166,25.2771358,2.80105683
25.0,0.370559501483,270.0,22.266293197877157,4.5308437176272705,27.60538662345173,6.433272635248116,22.6052646,6.32170169
25.0,0.370559501483,280.0,20.015110072956833,5.7671301696586035,27.22563134493886,5.920749292971188,22.9603269,5.85842542
25.0,0.370559501483,290.0,20.07702202547323,5.310389339673373,26.804966541968263,5.461807324008976,22.9998886,5.38432159
25.0,0.370559501483,300.0,19.841956092014765,4.83390781222992,26.20158081743277,5.059079401955281,22.9786023,4.97652314
25.0,0.370559501483,310.0,19.558374513459793,4.421134342588947,25.9313730088631,4.736519969183784,22.8739434,4.63968682
25.0,0.370559501483,320.0,19.270553430486775,4.079738261076417,25.79343834003853,4.489398763042353,22.7848676,4.3778121
25.0,0.370559501483,330.0,19.021408448386808,3.813536134514578,25.75211243673096,4.317312653234009,22.7356785,4.19660344
25.0,0.370559501483,340.0,18.846883540585388,3.622912954274554,25.780280416443308,4.225930071295616,22.8047073,4.09148213
25.0,0.370559501483,350.0,18.76613671152959,3.5121134599420523,25.93211111252765,4.213877689792856,22.9864912,4.06727204
25.0,0.421549791422,0.0,28.564253427317794,3.88216670650562,37.82956645798624,-5.406439507293359,37.517497,-5.36333652
25.0,0.421549791422,10.0,35.65483426892116,-5.077998980678985,38.69242193661648,-5.505864807425115,38.4261328,-5.48359126
25.0,0.421549791422,20.0,36.483355425387614,-5.217999109975614,39.84162745959117,-5.5714693270387725,39.6396905,-5.58687388
25.0,0.421549791422,30.0,37.753910460485265,-5.383612012721793,41.16113799969956,-5.5771790216123405,40.9839948,-5.61455087
25.0,0.421549791422,40.0,39.14011887820692,-5.435695465491895,42.88574131335071,-5.522849141748103,42.7395757,-5.6136235
25.0,0.421549791422,50.0,40.6578521102645,-5.373822315298016,45.23384445595045,-5.5519202609326905,45.0560935,-5.62302023
25.0,0.421549791422,60.0,42.834434607957206,-5.301656704241329,48.57364591721591,-5.644541857441397,48.5340675,-5.95993221
25.0,0.421549791422,70.0,46.4462035355315,-5.7054508716329595,51.441087864570896,-4.894292705679046,52.3053911,-6.33581019
25.0,0.421549791422,80.0,50.41420656319964,-5.757393099921515,54.12716182940986,-3.977333151178177,56.5207299,-6.27430766
25.0,0.421549791422,90.0,53.64625156710623,-5.13688857151709,55.98979358349012,-3.3683742782829964,60.0373325,-5.71313196
25.0,0.421549791422,100.0,56.6969435615333,-4.340617469136659,57.00740899700791,-2.9228429334935826,62.8003198,-4.71913513
25.0,0.421549791422,110.0,59.77986776442046,-3.838411314368122,59.02669267381321,-1.5840111986667456,65.3856804,-4.09210413
25.0,0.421549791422,120.0,59.13039052934759,-3.0711107008302556,59.64591821663092,-0.776717545121656,65.2167836,-3.69073948
25.0,0.421549791422,130.0,61.72393445380572,-2.161565056375596,61.51305485202156,-0.5580339458729385,67.0703043,-3.17474599
25.0,0.421549791422,140.0,62.89153576855582,-1.3071210219209568,61.177927937760046,0.2092259073398973,68.9430954,-2.54012141
25.0,0.421549791422,150.0,62.980958575459475,-0.6510338612774528,60.8712437507133,0.7099857031854921,69.6882506,-1.93669248
25.0,0.421549791422,160.0,62.55746033018191,0.020868429312901837,60.19276582797195,1.0784373254315371,69.4307409,-1.50707079
25.0,0.421549791422,170.0,61.60990046877136,0.6198433198976134,59.29624184091401,1.2914659596322209,68.6907337,-1.27061506
25.0,0.421549791422,180.0,60.38060681929274,1.0546095518156415,58.31068844997324,1.3307120369703302,67.7158991,-1.18593691
25.0,0.421549791422,190.0,59.01184023268766,1.304254389083817,57.29759387846891,1.1958223427329489,66.5489305,-1.23860628
25.0,0.421549791422,200.0,57.73811446552256,1.3307561971589215,56.2594931319681,0.90520865488392,65.1994191,-1.43094365
25.0,0.421549791422,210.0,56.62039688824747,1.1353627857880586,55.253332799633945,0.448172039415909,63.5102645,-1.79530835
25.0,0.421549791422,220.0,55.78378938597086,0.6914219597038368,54.23160151247907,-0.1479644521364918,61.0969363,-2.30561877
25.0,0.421549791422,230.0,55.077984622986015,0.01767220822545471,53.0965769822354,-0.796237974300995,57.9540265,-2.8336097
25.0,0.421549791422,240.0,54.41042368580976,-0.7967526995614815,51.76256173170293,-1.4887951001845552,55.7065312,-3.20444917
25.0,0.421549791422,250.0,53.63914350836391,-1.9019906086433278,48.94284162236181,-2.082545148007315,54.8116304,-3.57322572
25.0,0.421549791422,260.0,50.24495900236294,-2.5157311103166227,47.57694852289279,-2.8075191604436296,51.9178978,-4.13886949
25.0,0.421549791422,270.0,50.20400378124742,-3.249720192495228,46.296808505777,-3.3089150323945646,49.4224674,-5.05955761
25.0,0.421549791422,280.0,47.845673860219264,-4.102061891434547,44.297972790632514,-4.212542173653306,46.3189284,-5.38996959
25.0,0.421549791422,290.0,45.317058902519875,-5.045972102582083,42.2052300259808,-4.979632256237701,42.953374,-5.28148898
25.0,0.421549791422,300.0,41.89510613902555,-5.14587209954975,39.76933789514124,-4.889394909177958,40.1690803,-4.94004383
25.0,0.421549791422,310.0,39.01944792425117,-4.8530628715482065,38.591131851625,-5.052588452257349,38.6621744,-5.01912698
25.0,0.421549791422,320.0,37.49716001302464,-4.984031263924076,37.882166139704175,-5.199137245661532,37.6429617,-5.11258424
25.0,0.421549791422,330.0,36.64021219828907,-5.111081326368613,37.46585548582983,-5.283833150616226,37.2850402,-5.23808052
25.0,0.421549791422,340.0,35.926773653704316,-5.131325660047501,37.24181092333124,-5.313795613767678,37.0304642,-5.28211817
25.0,0.421549791422,350.0,35.37886888729079,-5.059077673420458,37.345048732338405,-5.3407278006985415,37.0450015,-5.29481593
25.0,0.478692875603,0.0,60.75492345921942,-9.657969841954522,58.52972553621473,-8.191072821707156,60.3421456,-8.77510492
25.0,0.478692875603,10.0,61.404080240917196,-9.786540151379857,59.91309746231755,-8.124683128803662,61.0445409,-8.86678319
25.0,0.478692875603,20.0,62.67351307024817,-9.783193442659222,61.91012400856766,-7.841198919312991,61.7676298,-8.9715832
25.0,0.478692875603,30.0,64.65611613650532,-9.772950262869683,64.0646279522171,-7.522066243532659,63.7204044,-8.95561858
25.0,0.478692875603,40.0,67.06800293599703,-9.8047110067163,66.27920501424681,-7.349213165001101,67.1964209,-8.62168874
25.0,0.478692875603,50.0,66.63125010102297,-9.495747873312151,68.73287192909457,-7.184244694817934,70.5532277,-8.26139344
25.0,0.478692875603,60.0,70.43795347488933,-8.92940479671598,71.3373674933431,-6.912441428884178,72.8556492,-7.90115046
25.0,0.478692875603,70.0,73.47092453270844,-8.31909318733933,73.4893198529429,-6.450277044912618,74.5253665,-7.20019814
25.0,0.478692875603,80.0,75.65635763942836,-7.862351750668042,75.196161530862,-5.908875006234532,75.4856361,-6.31856568
25.0,0.478692875603,90.0,77.3222288619747,-7.117027818935616,76.3033825514486,-5.284646389821886,75.5562422,-5.36769567
25.0,0.478692875603,100.0,78.19702019947412,-6.251044617809338,76.59158682877846,-4.566647533130756,75.3367477,-4.49809754
25.0,0.478692875603,110.0,77.9106354786039,-5.263578834063829,76.64423709148859,-3.940482315382452,74.7340657,-3.71554497
25.0,0.478692875603,120.0,76.9833700477041,-4.300267077344033,75.81718301476813,-3.2794387971850423,73.791672,-3.00846682
25.0,0.478692875603,130.0,75.38941788622999,-3.3955309346993907,75.56552065397642,-2.836658244133364,72.3104103,-2.31858762
25.0,0.478692875603,140.0,73.53873370079215,-2.590584563270985,73.92152962926018,-2.2613919465282373,70.5576707,-1.74812117
25.0,0.478692875603,150.0,71.3635992265367,-1.8919430489028473,72.585753479946,-1.8883136097368656,68.6617324,-1.29463861
25.0,0.478692875603,160.0,68.91353184662347,-1.308382056119485,71.11594804576123,-1.6011306624327335,67.0297396,-0.98674388
25.0,0.478692875603,170.0,66.33073703691528,-0.8409007113010473,69.75134182898869,-1.4244127270754632,65.7271945,-0.81306433
25.0,0.478692875603,180.0,63.836068731320296,-0.49396354409387655,68.61198637780527,-1.3657767846920494,64.7440989,-0.759962342
25.0,0.478692875603,190.0,61.45438982090852,-0.2559972569187365,67.75387491177352,-1.4241532254086382,64.0907836,-0.822318358
25.0,0.478692875603,200.0,59.39737260713057,-0.1344019431134285,67.15574026185998,-1.592637568566161,63.7433919,-0.994943251
25.0,0.478692875603,210.0,57.726607169702525,-0.12363145394892226,66.81817865706596,-1.8698382085912992,63.6902562,-1.27809141
25.0,0.478692875603,220.0,56.521438571374865,-0.22412250379834392,66.62305431788606,-2.2484122491123384,63.9195338,-1.67879441
25.0,0.478692875603,230.0,55.87131381175923,-0.44308790472116977,66.4596779667025,-2.7167256126583053,64.1105786,-2.17009623
25.0,0.478692875603,240.0,55.75603875885739,-0.7853967752384021,66.28193747538313,-3.230552094817449,64.2745075,-2.75139139
25.0,0.478692875603,250.0,56.09395696908723,-1.2525392806882654,65.3337101232205,-3.652930327878853,64.3464308,-3.36564745
25.0,0.478692875603,260.0,56.77729779995735,-1.856051719544302,65.0705642550181,-4.291444900572138,64.6151447,-4.12062321
25.0,0.478692875603,270.0,57.773496692796485,-2.61800224386298,64.45926826261253,-4.901033623116029,64.489266,-4.87080552
25.0,0.478692875603,280.0,59.286452541183145,-3.570619769354949,63.56170721037994,-5.467734312988891,64.2717401,-5.68725328
25.0,0.478692875603,290.0,61.18151742536988,-4.797152313505882,62.44591468893836,-5.988997890328567,63.7393506,-6.50514701
25.0,0.478692875603,300.0,62.408967225455854,-6.09118521751823,61.03402231375642,-6.360025527486877,62.9120498,-7.0785635
25.0,0.478692875603,310.0,62.824858494231144,-7.138746463543126,59.965674631371485,-6.675218543459472,61.4154113,-7.58812895
25.0,0.478692875603,320.0,61.43383901893923,-8.348097908203753,59.11063995651943,-7.008659212037422,59.3356217,-8.04592192
25.0,0.478692875603,330.0,59.879635602251646,-8.665906921057568,58.31003376514087,-7.486107463089318,58.0751704,-8.40780802
25.0,0.478692875603,340.0,61.00937493629816,-9.001037892045682,57.72821385056151,-7.908111217573779,58.7421513,-8.53247523
25.0,0.478692875603,350.0,60.692166203868375,-9.390443231165847,57.80426795378133,-8.114428545465989,59.5393745,-8.65491517
25.0,0.541553860654,0.0,68.89251333635181,-9.84234050719254,73.50374709474342,-9.5462347675275,68.8922075,-7.75944473
25.0,0.541553860654,10.0,69.50614428902155,-9.953819028945665,75.00041186741724,-9.492040754577635,70.0312676,-7.80832959
25.0,0.541553860654,20.0,70.82934631426893,-9.883706788400762,77.08248422223416,-9.303723843696853,71.5272449,-7.80289033
25.0,0.541553860654,30.0,72.92556272443419,-9.620178607679499,79.31314010460686,-9.102309895221792,73.3096575,-7.67292264
25.0,0.541553860654,40.0,75.63886270611265,-9.280564699820534,81.64589724018002,-8.965439324042196,75.0607228,-7.32371413
25.0,0.541553860654,50.0,78.11051677366594,-8.88154040315461,84.15861625898664,-8.716972169973957,77.0113525,-6.92651727
25.0,0.541553860654,60.0,80.20793211937442,-8.548319060988351,86.55629339057803,-8.271023347470097,78.7424384,-6.41805317
25.0,0.541553860654,70.0,82.27582265068814,-8.007631542167694,88.49269836837867,-7.665777521194021,80.0392818,-5.80823156
25.0,0.541553860654,80.0,83.9475939018108,-7.304747393378604,89.84298131193971,-6.963862986932891,81.1653303,-5.17848804
25.0,0.541553860654,90.0,84.76718734357314,-6.4455368027139395,90.59665458410724,-6.199422858502115,82.0221546,-4.55080562
25.0,0.541553860654,100.0,84.81615884116269,-5.5020933941523795,90.45331504299476,-5.344785117332404,82.9198239,-4.0280055
25.0,0.541553860654,110.0,84.26165339628882,-4.562303425532884,89.7910098894315,-4.543587085600154,83.1016524,-3.45143861
25.0,0.541553860654,120.0,83.02788330068397,-3.648935818157485,88.33756285763513,-3.748721525673292,82.7352001,-2.85207556
25.0,0.541553860654,130.0,81.56234590453315,-2.8140724943722146,87.0851579356895,-3.1147153650806474,82.0009399,-2.31846256
25.0,0.541553860654,140.0,79.68949448145365,-2.0679575898403475,84.96272285323043,-2.469383173415622,80.956817,-1.87067403
25.0,0.541553860654,150.0,77.45550624022563,-1.4209355451841745,83.1312207891376,-2.02428483542205,79.8935033,-1.5334572
25.0,0.541553860654,160.0,75.0391574583069,-0.8856789954591525,81.3613989392232,-1.6972318451875943,78.8393773,-1.29724576
25.0,0.541553860654,170.0,72.59693243362973,-0.4634402089463403,79.86335209591144,-1.5082967094148725,77.8197272,-1.15664075
25.0,0.541553860654,180.0,70.1733551195077,-0.1469726007336174,78.7312414370714,-1.4553763643906326,76.8746832,-1.11034987
25.0,0.541553860654,190.0,67.97118615193394,0.05552918791084173,78.00674722163588,-1.5355128955600243,76.0364412,-1.15727712
25.0,0.541553860654,200.0,66.05899772589775,0.14896282362547406,77.64304685516079,-1.7439821769474684,75.3008304,-1.29265851
25.0,0.541553860654,210.0,64.54399748265621,0.13204308601432355,77.60471923777784,-2.076151323907079,74.6605209,-1.51221024
25.0,0.541553860654,220.0,63.49226723207148,0.00475523590793461,77.75835981665239,-2.5197923197382632,74.0920844,-1.8109066
25.0,0.541553860654,230.0,62.90948375900938,-0.23058560495964361,77.96982786878766,-3.074425062019818,73.5876585,-2.19157803
25.0,0.541553860654,240.0,62.87703639928802,-0.586196063150511,78.21991636137558,-3.696408183248391,73.0148588,-2.64127482
25.0,0.541553860654,250.0,63.30035256417198,-1.0631623129456436,78.00595125254024,-4.296911497200089,72.5100807,-3.15769969
25.0,0.541553860654,260.0,64.0546734326232,-1.6616849126739925,78.09936315521075,-5.051010226058059,71.9385206,-3.68113114
25.0,0.541553860654,270.0,64.96764863674379,-2.383219182225236,77.82010508916923,-5.786562521014978,70.8468069,-4.13187853
25.0,0.541553860654,280.0,66.22165469716022,-3.244379941843812,77.29086090622191,-6.500293991926626,70.220619,-4.71611207
25.0,0.541553860654,290.0,67.6094413238626,-4.224604375346012,76.46817215060375,-7.165478215960891,69.7343095,-5.33181792
25.0,0.541553860654,300.0,69.24783679117012,-5.3954235351581055,75.39823738488708,-7.721022360283437,69.2448878,-5.93340039
25.0,0.541553860654,310.0,70.27323737470223,-6.541807090684862,74.40532133612398,-8.146959522126798,68.5764809,-6.44694775
25.0,0.541553860654,320.0,70.52419951916926,-7.499321335100948,73.62798229013325,-8.44764589480269,68.0921215,-6.92215719
25.0,0.541553860654,330.0,70.49045811242861,-8.1775610712481,72.98833622460506,-8.819927573046852,67.8184789,-7.29118191
25.0,0.541553860654,340.0,69.88640975465336,-8.995433579076048,72.53537471649256,-9.193821940832832,67.7874788,-7.50356208
25.0,0.541553860654,350.0,69.0054000963929,-9.554468751692323,72.67961175434722,-9.449641158426196,68.1179039,-7.64844513
25.0,0.60965433652,0.0,80.70725814891674,-9.5338095351846,87.2863809837703,-10.403075886714864,81.577877,-8.80132688
25.0,0.60965433652,10.0,81.47013376328552,-9.68187829586077,88.72555036261343,-10.426864230054784,82.7893971,-8.84157017
25.0,0.60965433652,20.0,82.72397600192566,-9.691451613021293,90.69979527864216,-10.367273922467891,84.4217721,-8.80396408
25.0,0.60965433652,30.0,84.40378880674294,-9.58333843066004,92.90005073790682,-10.31466668592847,86.3750245,-8.66045565
25.0,0.60965433652,40.0,86.14691443504236,-9.428456791096368,95.35157623891422,-10.158412053560864,88.5652832,-8.41824567
25.0,0.60965433652,50.0,88.26684752891838,-9.171305129247408,97.8902223396118,-9.83396993001419,90.7929141,-8.06688658
25.0,0.60965433652,60.0,90.27318172980021,-8.676839468666667,100.23270595266824,-9.325371316406802,92.9546806,-7.63164194
25.0,0.60965433652,70.0,92.10422448050882,-8.061956036943402,102.09583685047058,-8.665810123970951,94.8863174,-7.12454184
25.0,0.60965433652,80.0,93.38190895517126,-7.307582071637648,103.29405180418394,-7.893080999481171,96.3653647,-6.51528261
25.0,0.60965433652,90.0,93.92170449293272,-6.427131495315354,103.92209780041952,-7.06750161119858,97.4257042,-5.85114249
25.0,0.60965433652,100.0,94.02618281236471,-5.526132533906292,103.6074006116108,-6.14650028236759,98.2316141,-5.23067587
25.0,0.60965433652,110.0,93.47800151458192,-4.619274150714168,102.67351866135222,-5.262686595517002,98.3046542,-4.57840317
25.0,0.60965433652,120.0,92.39076065504753,-3.741456843743664,101.00496376076887,-4.405600200912047,97.7478619,-3.9089473
25.0,0.60965433652,130.0,91.14096883249407,-2.933550473659322,99.34878154024295,-3.68304950237226,96.9748563,-3.30578829
25.0,0.60965433652,140.0,89.35670768358813,-2.204267279465098,97.17131821321574,-3.0024183961205413,95.8720961,-2.78528906
25.0,0.60965433652,150.0,87.2737477925265,-1.5707059513018111,95.18884535856849,-2.5188276526367708,94.6017466,-2.37454375
25.0,0.60965433652,160.0,84.96801152206966,-1.039077038813539,93.3795425364832,-2.1741259911849067,93.3266119,-2.08027221
25.0,0.60965433652,170.0,82.6733203536591,-0.6238859297840571,91.92524010976229,-1.9817440928241723,92.1419271,-1.90281275
25.0,0.60965433652,180.0,80.33877057657892,-0.3095887957272772,90.8773721991762,-1.938344726476752,91.0960709,-1.83982834
25.0,0.60965433652,190.0,78.19953237711368,-0.109851680971567,90.25728090834568,-2.0407689462688303,90.222728,-1.88975331
25.0,0.60965433652,200.0,76.33199730685718,-0.022237689293895812,90.01680621434905,-2.280192917530746,89.514463,-2.04751106
25.0,0.60965433652,210.0,74.87785207479106,-0.053147500796673866,90.09792604168496,-2.649623017290602,88.9470689,-2.30839681
25.0,0.60965433652,220.0,73.83021695880919,-0.19496584776158227,90.33985335041122,-3.1458015096728054,88.4595686,-2.66642413
25.0,0.60965433652,230.0,73.23685353463908,-0.4498352828830282,90.66574940975036,-3.75263842503373,87.9463317,-3.11136982
25.0,0.60965433652,240.0,73.09909597050236,-0.820808135221369,91.03871028341212,-4.425996610206915,87.4036114,-3.62520599
25.0,0.60965433652,250.0,73.41415831113058,-1.3139427436988453,91.06977318964395,-5.118270242241731,87.0245194,-4.20676421
25.0,0.60965433652,260.0,74.07924621715415,-1.9320441083770368,91.19883569307648,-5.923167551107203,86.4185634,-4.79183111
25.0,0.60965433652,270.0,74.79979644607671,-2.6483047705716025,90.99572566896546,-6.718220725031678,85.4218245,-5.34338481
25.0,0.60965433652,280.0,75.79987824628384,-3.488976744375862,90.54812613008306,-7.490527184650129,84.5901627,-5.95600545
25.0,0.60965433652,290.0,77.0203261521873,-4.427984620130481,89.77066957560305,-8.20208535496196,83.7639939,-6.54944416
25.0,0.60965433652,300.0,78.23008008083667,-5.46093186767402,88.76732791384451,-8.815605167054208,82.7766136,-7.06973701
25.0,0.60965433652,310.0,79.41663313064923,-6.551339727340274,87.77409621246905,-9.306081943228556,81.8623273,-7.54686019
25.0,0.60965433652,320.0,80.0194350467141,-7.536535635305419,86.93972309661177,-9.637143393993693,81.1594535,-7.97644394
25.0,0.60965433652,330.0,80.24746015595018,-8.362459970026205,86.41198616487874,-9.870980553769616,80.6455942,-8.29901889
25.0,0.60965433652,340.0,80.17034145197914,-8.855622689794929,86.14438333339758,-10.123660943490805,80.4846792,-8.52949373
25.0,0.60965433652,350.0,80.37663982169536,-9.224924822998993,86.42667655583647,-10.302691767819883,80.7752013,-8.68764538
25.0,0.682476017461,0.0,92.17865224929031,-9.953026318603133,101.30963654434797,-11.36999744156037,95.31544,-9.83184795
25.0,0.682476017461,10.0,93.01181442626314,-10.096032767305251,102.6961289592876,-11.426346731577771,96.5421546,-9.84942342
25.0,0.682476017461,20.0,94.20956758258465,-10.120690874910078,104.58048686243596,-11.44445925156718,98.1883576,-9.78164075
25.0,0.682476017461,30.0,95.82193592330005,-10.060056077165823,106.83118858448807,-11.346230767833497,100.192507,-9.62662284
25.0,0.682476017461,40.0,97.63225337704642,-9.833888662819813,109.32812250519366,-11.130526309867774,102.470275,-9.39224417
25.0,0.682476017461,50.0,99.5589739078621,-9.448315047394656,111.83762575118855,-10.736776793756324,104.817556,-9.05731427
25.0,0.682476017461,60.0,101.5077193453486,-8.947529749684087,114.13443753448992,-10.201848928742828,107.05772,-8.62249134
25.0,0.682476017461,70.0,103.13813976342679,-8.31178061354304,115.94343511200417,-9.527092952346246,109.00553,-8.09308873
25.0,0.682476017461,80.0,104.16718858995695,-7.527521833041255,117.07350793078308,-8.732656857163867,110.59831,-7.47968173
25.0,0.682476017461,90.0,104.7857341197661,-6.671581922359385,117.71703136736112,-7.894563933396159,111.790832,-6.81105655
25.0,0.682476017461,100.0,104.99238957749873,-5.808274993689987,117.41051292675182,-6.958244007512871,112.637816,-6.16016832
25.0,0.682476017461,110.0,104.54893558681722,-4.9233296077261315,116.4712431087667,-6.051688672085709,112.859823,-5.49828137
25.0,0.682476017461,120.0,103.68083592250355,-4.067472772795141,114.8564234744673,-5.180004322629775,112.441949,-4.82791599
25.0,0.682476017461,130.0,102.650113432555,-3.279693094696315,113.14367972566016,-4.4298919087326505,111.719652,-4.20502037
25.0,0.682476017461,140.0,101.03270250260914,-2.556883958072994,111.1201562150489,-3.7492361815156223,110.733624,-3.65994397
25.0,0.682476017461,150.0,99.1780855308777,-1.9319457302246794,109.25103599004974,-3.243651505148003,109.570787,-3.22507794
25.0,0.682476017461,160.0,97.03305567797193,-1.400945085164015,107.5615978574968,-2.898613733681928,108.349586,-2.91136509
25.0,0.682476017461,170.0,94.86048815205218,-0.981981578313528,106.24037075209166,-2.7143835286865023,107.182037,-2.72118243
25.0,0.682476017461,180.0,92.6912193119461,-0.6718305017613649,105.31932195630652,-2.6864024648421108,106.133967,-2.6540463
25.0,0.682476017461,190.0,90.63330600379585,-0.47358023589540993,104.80427997646028,-2.810492896934617,105.243964,-2.7088811
25.0,0.682476017461,200.0,88.8504190941625,-0.3950299763096228,104.63851942908803,-3.076688639417137,104.498098,-2.87998962
25.0,0.682476017461,210.0,87.40493783042447,-0.4346871306854491,104.72424166944812,-3.483942703505197,103.859991,-3.16190246
25.0,0.682476017461,220.0,86.34215848680168,-0.5912328689777062,104.94717383223411,-4.018351986294488,103.24488,-3.54470957
25.0,0.682476017461,230.0,85.69125199743252,-0.8657949801819803,105.26599975895606,-4.6499784034459415,102.635219,-4.01748259
25.0,0.682476017461,240.0,85.40059746193447,-1.2524317727335246,105.60062209445576,-5.355845102812457,102.069948,-4.55758767
25.0,0.682476017461,250.0,85.62727789226543,-1.7739641161654591,105.63159540568314,-6.095979560946255,101.549661,-5.15132748
25.0,0.682476017461,260.0,86.11564898954231,-2.4124806005397277,105.63380720261796,-6.919379425227151,100.827988,-5.76469361
25.0,0.682476017461,270.0,86.59642325931136,-3.1372135748444534,105.34939701621882,-7.734835525622761,99.7999159,-6.36070809
25.0,0.682476017461,280.0,87.36960449900889,-3.972982079141521,104.8346666668748,-8.519693186970215,98.841816,-6.98883118
25.0,0.682476017461,290.0,88.36456146470879,-4.890213139289744,103.98887300876038,-9.231701296568998,97.9017742,-7.59315498
25.0,0.682476017461,300.0,89.27073945877956,-5.856294046362774,102.93801448401445,-9.852497202855185,96.8751521,-8.13443822
25.0,0.682476017461,310.0,90.21979911151267,-6.866493867019811,101.88950573967507,-10.373859718166342,95.86652,-8.60827999
25.0,0.682476017461,320.0,90.93312212963977,-7.819168667423454,100.96805006010275,-10.738897606910871,95.0149655,-9.00619789
25.0,0.682476017461,330.0,91.265613834295,-8.626439995054147,100.36126051157974,-10.999834383142582,94.4446152,-9.3248758
25.0,0.682476017461,340.0,91.45480833512629,-9.260622501882606,100.15250680380731,-11.156098904331309,94.2682514,-9.56713817
25.0,0.682476017461,350.0,91.70836179163001,-9.692413913208936,100.4625682224144,-11.280470783034923,94.5239645,-9.72635719
25.0,0.759464686512,0.0,104.90530397450577,-10.297749332617467,116.17458603424664,-12.29405831311623,109.919136,-10.5931359
25.0,0.759464686512,10.0,105.78797206267186,-10.454030715931168,117.5282908403232,-12.310358227451436,111.107996,-10.5852676
25.0,0.759464686512,20.0,107.0033363308647,-10.466709447628412,119.37281274393833,-12.254268264370808,112.741535,-10.5011272
25.0,0.759464686512,30.0,108.47678612592831,-10.325548016775306,121.54572407553354,-12.071126537853154,114.748714,-10.3402155
25.0,0.759464686512,40.0,110.16861457013663,-10.05063273816762,123.96995364980238,-11.78600177727166,117.002968,-10.0954742
25.0,0.759464686512,50.0,111.97549278345193,-9.649781413674551,126.39924486110552,-11.372611660237087,119.327905,-9.75535355
25.0,0.759464686512,60.0,113.72597120880701,-9.126666205135919,128.61407818385933,-10.83455117773049,121.544262,-9.31875862
25.0,0.759464686512,70.0,114.9955918970478,-8.437135708869112,130.37184544060227,-10.161489309023011,123.574748,-8.80199128
25.0,0.759464686512,80.0,115.9990155111646,-7.660283877150929,131.4856987867366,-9.374683098111989,125.336832,-8.21054418
25.0,0.759464686512,90.0,116.68105838600557,-6.836903243746724,132.2112916444065,-8.554825216624868,126.679317,-7.56117938
25.0,0.759464686512,100.0,116.95396302922016,-6.000363444882913,132.00222220722495,-7.643736885315957,127.634373,-6.91513684
25.0,0.759464686512,110.0,116.51682828716905,-5.126055435518973,131.1965846550115,-6.754569252850145,127.998016,-6.25856748
25.0,0.759464686512,120.0,115.87437320106463,-4.292324574066747,129.76441695460178,-5.904013758300572,127.755855,-5.59794382
25.0,0.759464686512,130.0,115.01691796658409,-3.525386264501912,128.18177490606277,-5.162814535905851,127.168339,-4.97909574
25.0,0.759464686512,140.0,113.52617593656711,-2.81437841837101,126.40397229535448,-4.50524934510224,126.304548,-4.43028185
25.0,0.759464686512,150.0,111.872339232701,-2.204169551241071,124.75055125027262,-4.006995261734392,125.25519,-3.98679856
25.0,0.759464686512,160.0,109.91298615131088,-1.6844540991271346,123.28149395094393,-3.673583761717847,124.122061,-3.66569771
25.0,0.759464686512,170.0,107.90841396976809,-1.2750296176369569,122.14372632361768,-3.5083424228381674,123.014925,-3.47300197
25.0,0.759464686512,180.0,105.94330881327556,-0.9801049133431515,121.37837385966615,-3.502652666226448,122.00815,-3.4098034
25.0,0.759464686512,190.0,104.05495342311082,-0.7973270478305233,120.97940235284976,-3.651580562641104,121.139835,-3.47531234
25.0,0.759464686512,200.0,102.37824069638424,-0.733421115871764,120.8586034332508,-3.951234229641458,120.392184,-3.66359619
25.0,0.759464686512,210.0,101.01300660959171,-0.7917575474770683,120.93863493489684,-4.391649184291693,119.711449,-3.96653368
25.0,0.759464686512,220.0,99.94592199228305,-0.9655261983108935,121.14384014845292,-4.953050244285027,119.037774,-4.37169768
25.0,0.759464686512,230.0,99.26724676000578,-1.262415844844115,121.42100589993674,-5.5997289440997,118.365977,-4.86216933
25.0,0.759464686512,240.0,98.95840525893371,-1.6771857222521303,121.65184906114136,-6.323096604409081,117.722658,-5.41466502
25.0,0.759464686512,250.0,99.06058450497498,-2.2211250530111757,121.5952869567636,-7.084647505175105,117.072324,-6.01810987
25.0,0.759464686512,260.0,99.46262687772209,-2.8844791160172925,121.41833988969292,-7.9037123615628895,116.232198,-6.64396665
25.0,0.759464686512,270.0,99.78019195338807,-3.6233994567624106,120.98666626415604,-8.71523019429919,115.117008,-7.25529369
25.0,0.759464686512,280.0,100.30385170626802,-4.449215390883797,120.3376530994713,-9.484829550353089,114.010706,-7.8811246
25.0,0.759464686512,290.0,101.10477226331307,-5.346748648988738,119.353851659258,-10.172998370315716,112.916025,-8.47471829
25.0,0.759464686512,300.0,101.82839927628174,-6.27119309123575,118.21920684287252,-10.768133499717315,111.819021,-9.00890482
25.0,0.759464686512,310.0,102.49353743125413,-7.209816587814277,117.0941758411892,-11.264153571825858,110.746741,-9.46921651
25.0,0.759464686512,320.0,103.18555417883616,-8.113961933959427,116.10294837661267,-11.652601454553972,109.827597,-9.84821274
25.0,0.759464686512,330.0,103.58032462961873,-8.883085837547304,115.44610168659732,-11.947527521517015,109.181795,-10.1417463
25.0,0.759464686512,340.0,103.92952793643508,-9.521077045324892,115.14631670013269,-12.114368428822074,108.940127,-10.3616526
25.0,0.759464686512,350.0,104.34794675698602,-9.998004914944564,115.3810525270496,-12.229409812308347,109.155133,-10.5050088
25.0,0.840034413416,0.0,118.92336494071813,-10.817352049280116,132.38470072336216,-13.286666478385582,125.95229,-11.5785044
25.0,0.840034413416,10.0,119.78062144949011,-10.95455785887324,133.62495882766146,-13.242076942217745,127.108037,-11.5532237
25.0,0.840034413416,20.0,120.96859426101913,-10.951889056420772,135.37390812647178,-13.125655140950286,128.726707,-11.4561855
25.0,0.840034413416,30.0,122.44782896903199,-10.807516078668455,137.47321188391766,-12.91551831085117,130.729212,-11.2849025
25.0,0.840034413416,40.0,123.96804083667217,-10.496711813261568,139.8196367528641,-12.605664746707186,132.992964,-11.0345785
25.0,0.840034413416,50.0,125.70678931475183,-10.085346476507604,142.18871405666025,-12.1846747822507,135.355634,-10.6980222
25.0,0.840034413416,60.0,127.11206657662692,-9.497678433019072,144.38883805860462,-11.645112815730286,137.678646,-10.2778244
25.0,0.840034413416,70.0,128.3606426583526,-8.802381560393584,146.116175603334,-10.981109644084093,139.884396,-9.7830046
25.0,0.840034413416,80.0,129.3872746358574,-8.026360425068246,147.33313261700997,-10.21178970020249,141.84528,-9.21404478
25.0,0.840034413416,90.0,130.08585592335353,-7.218636303415447,148.24755065916634,-9.424199291709275,143.417895,-8.58996294
25.0,0.840034413416,100.0,130.37403364648898,-6.383836985770006,148.23985641986494,-8.545794303984675,144.600693,-7.96062774
25.0,0.840034413416,110.0,130.0905468818635,-5.526078324490277,147.68091161592938,-7.686296386476826,145.223252,-7.32064137
25.0,0.840034413416,120.0,129.60019433083446,-4.695940826265342,146.54357559973712,-6.865749315694706,145.231545,-6.67719941
25.0,0.840034413416,130.0,128.92918124269468,-3.942449356523955,145.21086173505233,-6.149717377030192,144.838081,-6.07342847
25.0,0.840034413416,140.0,127.63201653053059,-3.2417629310639033,143.74252094152067,-5.525531051578748,144.175023,-5.53722534
25.0,0.840034413416,150.0,126.15904199607795,-2.6372198864260166,142.36184058176187,-5.0493257707403005,143.329992,-5.10007337
25.0,0.840034413416,160.0,124.44774348508376,-2.1309547802031013,141.1765922911532,-4.735159520774992,142.380104,-4.78270999
25.0,0.840034413416,170.0,122.64865220756668,-1.7332054003287205,140.28081313352325,-4.59118996481195,141.412439,-4.59596848
25.0,0.840034413416,180.0,120.87569500420967,-1.4518638577618963,139.69572122711236,-4.615042407945505,140.495553,-4.54397247
25.0,0.840034413416,190.0,119.20494897226924,-1.2901609676669727,139.40666986691016,-4.801019337401127,139.660891,-4.62585761
25.0,0.840034413416,200.0,117.7044722611354,-1.249540383290982,139.34855905822317,-5.136704043555569,138.885329,-4.83373708
25.0,0.840034413416,210.0,116.43041607252259,-1.3300930381612728,139.45448319915883,-5.609816612433278,138.132662,-5.15640252
25.0,0.840034413416,220.0,115.47744172500597,-1.5378698890609033,139.64976407463158,-6.188296018617105,137.361799,-5.57506603
25.0,0.840034413416,230.0,114.87349469959128,-1.8720666796788088,139.85801602836327,-6.859459541326569,136.602769,-6.0734548
25.0,0.840034413416,240.0,114.57512981654511,-2.3241164550393574,139.9116741810361,-7.601448366775688,135.817534,-6.63190872
25.0,0.840034413416,250.0,114.59166975898411,-2.906304925515307,139.71243298161895,-8.378129653934373,134.935944,-7.23812071
25.0,0.840034413416,260.0,114.89629685329287,-3.602972770547421,139.28706705144012,-9.194782161428993,133.850571,-7.86510286
25.0,0.840034413416,270.0,114.97534421174474,-4.360764821650697,138.62587030259317,-9.99348929507002,132.529731,-8.47939496
25.0,0.840034413416,280.0,115.30499650310574,-5.190800337609953,137.72979960352603,-10.737861262606408,131.189678,-9.09202487
25.0,0.840034413416,290.0,115.89745167593185,-6.085659694308917,136.53706316463106,-11.39370654587343,129.8562,-9.66286869
25.0,0.840034413416,300.0,116.39061790959046,-6.989862495093175,135.24028194411565,-11.951415050988471,128.545023,-10.1689439
25.0,0.840034413416,310.0,116.79994400512989,-7.884821728838167,133.8987347386317,-12.40395853012523,127.300481,-10.5994265
25.0,0.840034413416,320.0,117.20858882437375,-8.725031892883676,132.7867091548654,-12.756462536386744,126.23762,-10.94868
25.0,0.840034413416,330.0,117.6738122115381,-9.485672682949545,131.9580945154092,-13.00801013859318,125.468005,-11.2118941
25.0,0.840034413416,340.0,117.95351013621718,-10.081209603999493,131.56440229536932,-13.171512574813768,125.117001,-11.399928
25.0,0.840034413416,350.0,118.37070939286437,-10.53209304972765,131.6979384130424,-13.263972701497336,125.243616,-11.5135551
25.0,0.923572013902,0.0,133.59852375741812,-11.279476252010681,149.38580818779735,-14.192147344676028,142.817051,-12.5104326
25.0,0.923572013902,10.0,134.37733347106757,-11.38335139194907,150.46921506785066,-14.096654014646482,143.896384,-12.4584652
25.0,0.923572013902,20.0,135.4071022381598,-11.333713230358557,152.0627898462154,-13.931902401340317,145.452368,-12.3389885
25.0,0.923572013902,30.0,136.74772263791735,-11.159349601224415,154.0737532684952,-13.688372483071284,147.402173,-12.1496079
25.0,0.923572013902,40.0,138.1656873419116,-10.826937086541461,156.28194500572877,-13.355589194863166,149.627891,-11.8876278
25.0,0.923572013902,50.0,139.48186536263992,-10.33336076779935,158.56342356567268,-12.91950064191492,151.991756,-11.549631
25.0,0.923572013902,60.0,140.76733435673907,-9.721413695567296,160.67474121709134,-12.377527507176396,154.385305,-11.1371147
25.0,0.923572013902,70.0,141.92147636117284,-9.0092872542114,162.42275068147603,-11.72273377082599,156.715212,-10.6549066
25.0,0.923572013902,80.0,142.82128365697352,-8.229361714446721,163.72011035134648,-10.973209455978946,158.833148,-10.106278
25.0,0.923572013902,90.0,143.55988300963702,-7.436418848821491,164.82127742985878,-10.222534915996926,160.599128,-9.50981512
25.0,0.923572013902,100.0,143.7110554056657,-6.588423244940737,164.99562861020158,-9.384438287365263,161.975277,-8.90227189
25.0,0.923572013902,110.0,143.54207056604926,-5.740879636791715,164.67029345247838,-8.560538835021463,162.821691,-8.28460657
25.0,0.923572013902,120.0,143.1862478295517,-4.92333065849109,163.8091061168154,-7.777601432989983,163.0756,-7.66537854
25.0,0.923572013902,130.0,142.58966249195606,-4.18461952193642,162.7473897693488,-7.093177167251412,162.904601,-7.08432046
25.0,0.923572013902,140.0,141.5042595928241,-3.5075270969784413,161.57710246427996,-6.513900068909091,162.441344,-6.57039287
25.0,0.923572013902,150.0,140.2408748916522,-2.923556745474687,160.48325483357027,-6.070871243647898,161.797563,-6.15347675
25.0,0.923572013902,160.0,138.79836984168023,-2.4445147351823113,159.57918866718805,-5.791954571562683,161.040163,-5.8549153
25.0,0.923572013902,170.0,137.29204624623523,-2.077336267625928,158.93766529194824,-5.6841766235325695,160.244307,-5.6880041
25.0,0.923572013902,180.0,135.8188478481835,-1.8292347503230748,158.57541493562272,-5.746357582555775,159.462183,-5.65768741
25.0,0.923572013902,190.0,134.4443246387131,-1.703872102561001,158.4695011781307,-5.972351252174465,158.716704,-5.76281167
25.0,0.923572013902,200.0,133.2253887484557,-1.7029453680183468,158.5527779631009,-6.349432005232056,157.986843,-5.99387854
25.0,0.923572013902,210.0,132.21589998451583,-1.8276641084402119,158.7638682185766,-6.854213450791602,157.239685,-6.33588186
25.0,0.923572013902,220.0,131.5202489270674,-2.0866046647609267,159.01561830190593,-7.465032367196076,156.454594,-6.76881148
25.0,0.923572013902,230.0,131.08816395583577,-2.4686943474836234,159.212726421094,-8.16828813245394,155.626508,-7.27617817
25.0,0.923572013902,240.0,130.80123608549994,-2.9608843544287744,159.14296282654823,-8.932046612398464,154.704385,-7.84144202
25.0,0.923572013902,250.0,130.87742310870806,-3.5890298745706506,158.83246614235566,-9.72440697485645,153.62307,-8.4490854
25.0,0.923572013902,260.0,131.0499723433114,-4.316107172334009,158.1982182670008,-10.53845342275713,152.328142,-9.07297352
25.0,0.923572013902,270.0,131.0505165019925,-5.101182593186369,157.32326247515851,-11.321372368292836,150.809783,-9.68124255
25.0,0.923572013902,280.0,131.19646403675824,-5.932290771043979,156.17688360832616,-12.034122773624226,149.246457,-10.275191
25.0,0.923572013902,290.0,131.61967330253557,-6.825055762025722,154.786842817135,-12.654018082116009,147.68496,-10.8205162
25.0,0.923572013902,300.0,131.82169576208392,-7.694377053305163,153.24568087070745,-13.165027252236913,146.165282,-11.2956571
25.0,0.923572013902,310.0,132.04319547384952,-8.553501661505168,151.74447373711035,-13.566693556622482,144.748568,-11.6923281
25.0,0.923572013902,320.0,132.26968039808688,-9.35597066013466,150.4089234895292,-13.865024968975304,143.532499,-12.0060234
25.0,0.923572013902,330.0,132.4680908325695,-10.045439933854656,149.42203673448913,-14.066356219837983,142.634344,-12.2365815
25.0,0.923572013902,340.0,132.78208668705906,-10.616149610978344,148.8761743692891,-14.180020861591244,142.16626,-12.3915738
25.0,0.923572013902,350.0,133.06132755962258,-11.01870751237427,148.85395070300808,-14.22067806097057,142.189138,-12.473265
25.0,1.009441716388,0.0,148.38983798886332,-11.44305434473347,167.38784284872028,-14.902292893875089,159.676037,-13.0313583
25.0,1.009441716388,10.0,149.01823882811135,-11.49908399808404,168.2402829032778,-14.7455742637876,160.615852,-12.9455491
25.0,1.009441716388,20.0,149.81820434998687,-11.394159955792992,169.58162104766396,-14.524979104623272,162.026953,-12.7958668
25.0,1.009441716388,30.0,150.79256812977377,-11.140955818869976,171.34439960038222,-14.23527808629519,163.836407,-12.5820116
25.0,1.009441716388,40.0,151.90020233865775,-10.749901344575191,173.39400041642173,-13.866961028334243,165.951321,-12.3031092
25.0,1.009441716388,50.0,152.9310313687423,-10.20343722373417,175.43195260715973,-13.405213290194864,168.269545,-11.9577714
25.0,1.009441716388,60.0,154.03956872462115,-9.568269709842506,177.42252686587025,-12.853083398558354,170.682715,-11.5461292
25.0,1.009441716388,70.0,154.89715977285954,-8.838532077153923,179.13147567612904,-12.20040663860083,173.062275,-11.0744618
25.0,1.009441716388,80.0,155.7331844645126,-8.07960261305836,180.4573770010799,-11.466577920768197,175.25667,-10.5513781
25.0,1.009441716388,90.0,156.08452011766502,-7.252445473699295,181.6530258100752,-10.76066831066126,177.122919,-9.98879531
25.0,1.009441716388,100.0,156.18079432480056,-6.409818808012734,181.9523596476366,-9.959186534400343,178.596705,-9.41002522
25.0,1.009441716388,110.0,156.108879754992,-5.570108191962616,181.77342445124384,-9.172693224770493,179.566533,-8.82039518
25.0,1.009441716388,120.0,155.88893401797452,-4.7947818405302804,181.13318418158337,-8.43084968438752,180.00418,-8.23093332
25.0,1.009441716388,130.0,155.19868101162209,-4.075959699101673,180.3143530148436,-7.784612689423514,180.038166,-7.67724381
25.0,1.009441716388,140.0,154.34139963074142,-3.4398324416187545,179.42792351353845,-7.244565740133261,179.785473,-7.19078445
25.0,1.009441716388,150.0,153.30424027279565,-2.89860180161439,178.62389343741313,-6.8443877318292605,179.346468,-6.80327923
25.0,1.009441716388,160.0,152.1867435482899,-2.4681164824051978,178.0167159670173,-6.609797201779625,178.79282,-6.5356658
25.0,1.009441716388,170.0,151.07204134439985,-2.1534730095811856,177.66967748248166,-6.548223880434411,178.190155,-6.39959562
25.0,1.009441716388,180.0,150.0152032247659,-1.9602293848423056,177.59727225551606,-6.659915630082764,177.584676,-6.3998279
25.0,1.009441716388,190.0,149.06484747047432,-1.8916176005132226,177.7677147992132,-6.938456188199658,176.991831,-6.53486634
25.0,1.009441716388,200.0,148.259786164001,-1.9487788640530403,178.10609541209485,-7.370422608083487,176.383467,-6.79428802
25.0,1.009441716388,210.0,147.62660337972852,-2.130901407651333,178.53948597793428,-7.923112290016522,175.729249,-7.16312185
25.0,1.009441716388,220.0,147.24546955996246,-2.44436012087472,178.9591012559255,-8.58374975068474,174.99581,-7.61911303
25.0,1.009441716388,230.0,147.09162378783884,-2.881765001256349,179.25481596540556,-9.329216945798132,174.176948,-8.14484705
25.0,1.009441716388,240.0,146.9892085193205,-3.4230834992694614,179.2124875075898,-10.124414016136411,173.214667,-8.71993978
25.0,1.009441716388,250.0,147.06222572932447,-4.0749077551961275,178.8749253379932,-10.936014572259296,172.049857,-9.32605205
25.0,1.009441716388,260.0,147.2985921711425,-4.834460410258851,178.13833252272985,-11.750121335878656,170.639994,-9.93843176
25.0,1.009441716388,270.0,147.28883883242608,-5.642635103496286,177.11691243400375,-12.521016839261597,168.988082,-10.5279582
25.0,1.009441716388,280.0,147.30680216195566,-6.4803575618982805,175.76410822039074,-13.204519880223982,167.252055,-11.0944042
25.0,1.009441716388,290.0,147.42662847730236,-7.329766839199693,174.22650529293892,-13.788275147866786,165.494034,-11.6085651
25.0,1.009441716388,300.0,147.5229464075268,-8.178083048158891,172.4794840522486,-14.249577831749969,163.793609,-12.0492868
25.0,1.009441716388,310.0,147.54119078868004,-8.975188329558838,170.78010783650282,-14.598357734986322,162.228093,-12.4072386
25.0,1.009441716388,320.0,147.52719800918632,-9.714849081130417,169.28358957702244,-14.836126831500405,160.890056,-12.6811512
25.0,1.009441716388,330.0,147.58128812866525,-10.355630908948608,168.09492737376596,-14.974045301403114,159.873243,-12.8718056
25.0,1.009441716388,340.0,147.6796027611922,-10.85965951617725,167.31577988698777,-15.021445713557602,159.28058,-12.9869597
25.0,1.009441716388,350.0,147.9446784301027,-11.22737656027559,167.06828407990716,-14.995385725081858,159.172435,-13.0297121
25.0,1.096990000589,0.0,166.65037668644533,-11.937814255552997,189.0068686565496,-15.80226860064694,180.56761,-13.9512364
25.0,1.096990000589,10.0,167.03089198422455,-11.92949440205776,189.5079923941844,-15.578276785832784,181.324118,-13.8279695
25.0,1.096990000589,20.0,167.53563253338288,-11.759380730121373,190.5181694495527,-15.301017796714056,182.580347,-13.6495466
25.0,1.096990000589,30.0,168.17654097531903,-11.44273255621835,191.95722720399644,-14.96707143095219,184.278254,-13.4164648
25.0,1.096990000589,40.0,168.86091936171894,-10.984685179970056,193.7042646333988,-14.570217548626175,186.326138,-13.1279716
25.0,1.096990000589,50.0,169.49582332252362,-10.399596502084746,195.5576866784216,-14.091900603517187,188.617287,-12.7852988
25.0,1.096990000589,60.0,170.16309507959159,-9.729045329625958,197.40473703789328,-13.53962603332578,191.026356,-12.3910174
25.0,1.096990000589,70.0,170.60314076023803,-8.96616479654627,199.0377866874069,-12.912618110905855,193.422802,-11.9501418
25.0,1.096990000589,80.0,170.87463497426964,-8.149434190320255,200.3154140776226,-12.227571776510477,195.656212,-11.4644889
25.0,1.096990000589,90.0,171.01113371315734,-7.294069305819256,201.5748065021758,-11.573568201339125,197.579649,-10.9381904
25.0,1.096990000589,100.0,170.99136475311647,-6.442912019150955,201.919217891582,-10.817316448276328,199.144177,-10.39156
25.0,1.096990000589,110.0,170.71824810540275,-5.633886195577362,201.8359053453964,-10.07738751970962,200.280428,-9.8329269
25.0,1.096990000589,120.0,170.24811333506491,-4.877304926611499,201.40448159473283,-9.383473302966593,200.952276,-9.27515117
25.0,1.096990000589,130.0,169.62710758954017,-4.1964539491888715,200.8273206894252,-8.769782298730924,201.231356,-8.75310291
25.0,1.096990000589,140.0,168.92008318276294,-3.6126901366320974,200.21541170718592,-8.278272199523858,201.198748,-8.30211641
25.0,1.096990000589,150.0,168.18451512981224,-3.1315404330733085,199.7082468638816,-7.934544251963332,200.967251,-7.95318691
25.0,1.096990000589,160.0,167.46242841386004,-2.7620896990888157,199.42920456325453,-7.75737916707349,200.623442,-7.72453708
25.0,1.096990000589,170.0,166.77436507203342,-2.509452656653421,199.4385283461725,-7.7551818105961745,200.237837,-7.62657642
25.0,1.096990000589,180.0,166.1548789384297,-2.377828420661501,199.74508627047803,-7.9289699837727055,199.852425,-7.66358988
25.0,1.096990000589,190.0,165.69532567639433,-2.3738141907317414,200.30248472236727,-8.271575346636476,199.469116,-7.83306094
25.0,1.096990000589,200.0,165.4136563378936,-2.497652683577051,201.0164134494148,-8.767746420399328,199.05153,-8.12532574
25.0,1.096990000589,210.0,165.24839496158376,-2.7428994959837047,201.77185684263225,-9.39691318774695,198.546117,-8.52488614
25.0,1.096990000589,220.0,165.20515209360562,-3.1065272760679665,202.4604201882975,-10.116670426338642,197.895782,-9.0097687
25.0,1.096990000589,230.0,165.28758384486008,-3.583875881554013,202.94385077787013,-10.90721634854813,197.094868,-9.55958766
25.0,1.096990000589,240.0,165.54992045424717,-4.177417733338946,203.07802976291373,-11.73117508512587,196.107818,-10.1483324
25.0,1.096990000589,250.0,165.80155466450537,-4.863643481845817,202.7687237330816,-12.553886769082377,194.895387,-10.7535224
25.0,1.096990000589,260.0,166.04741717971206,-5.625649869938756,202.045010189919,-13.341512298587965,193.414671,-11.349545
25.0,1.096990000589,270.0,166.32641367341176,-6.463251292555397,200.89888720030865,-14.076535485934778,191.659291,-11.9089119
25.0,1.096990000589,280.0,166.4071720709852,-7.322915862131859,199.40882551568947,-14.716142002397149,189.765642,-12.428474
25.0,1.096990000589,290.0,166.44917988459167,-8.176194649512977,197.66376043463,-15.240429053448052,187.812138,-12.890176
25.0,1.096990000589,300.0,166.4752758305068,-8.995919093914715,195.75414381755672,-15.632821586976592,185.888166,-13.2775
25.0,1.096990000589,310.0,166.426777309228,-9.759251702926756,193.86820896830488,-15.905055681160642,184.098091,-13.581581
25.0,1.096990000589,320.0,166.3540484527631,-10.444114713129629,192.13659988136888,-16.062007415043443,182.548051,-13.8004494
25.0,1.096990000589,330.0,166.32325796180552,-11.024360821315103,190.68853343265505,-16.116107904108386,181.333846,-13.9367256
25.0,1.096990000589,340.0,166.28862701047524,-11.472449818173823,189.6229850334245,-16.07946363304808,180.548452,-13.9994006
25.0,1.096990000589,350.0,166.40433951565984,-11.783613138139103,189.0491359794096,-15.97163724040117,180.243934,-13.9926212
25.0,1.185550571198,0.0,185.95912897110955,-12.735259073258502,212.3004477476964,-17.206126578378015,202.347031,-15.1133292
25.0,1.185550571198,10.0,185.94154762474363,-12.6396892113908,212.41673742124445,-16.899352779772755,202.899372,-14.94708
25.0,1.185550571198,20.0,186.00500270784408,-12.383196327761494,213.0857943341251,-16.55158861713193,204.000308,-14.738806
25.0,1.185550571198,30.0,186.13155421009955,-11.975870830770901,214.23336401339392,-16.16230886315235,205.586781,-14.4888243
25.0,1.185550571198,40.0,186.3212250925301,-11.43941396475536,215.74511461215823,-15.727008929593174,207.57001,-14.1974834
25.0,1.185550571198,50.0,186.43190401238752,-10.775656195635483,217.45186276788183,-15.235981275223612,209.83906,-13.8640255
25.0,1.185550571198,60.0,186.4910783182169,-10.019654529694398,219.18446543101905,-14.688379586271251,212.266751,-13.4880831
25.0,1.185550571198,70.0,186.5027913662383,-9.196344749999918,220.77294096615643,-14.078409080372277,214.717663,-13.0707161
25.0,1.185550571198,80.0,186.47279102863538,-8.338313102253212,222.06641861761105,-13.41316657719539,217.045996,-12.6125631
25.0,1.185550571198,90.0,186.3543155103915,-7.4801812101992855,223.4050754513487,-12.792487246275169,219.118824,-12.1166351
25.0,1.185550571198,100.0,186.1311391083725,-6.6496410926232015,223.874011811871,-12.06914239151094,220.872199,-11.5995165
25.0,1.185550571198,110.0,185.85194011453441,-5.867519620071718,223.9618743273561,-11.362030991472372,222.220619,-11.071085
25.0,1.185550571198,120.0,185.47788997404493,-5.158282001959771,223.7608087958964,-10.701837601307394,223.113391,-10.5489177
25.0,1.185550571198,130.0,185.1241451445485,-4.537896842434742,223.43521621674827,-10.139877483850787,223.610132,-10.0683094
25.0,1.185550571198,140.0,184.7957525707583,-4.015920355874672,223.1334402813262,-9.70609010998528,223.806504,-9.66211632
25.0,1.185550571198,150.0,184.4631917248137,-3.6034625639410454,222.99248185617543,-9.425629929132592,223.824502,-9.3594719
25.0,1.185550571198,160.0,184.22082538215108,-3.3075066873675905,223.1393255751212,-9.319282415919549,223.75509,-9.17841385
25.0,1.185550571198,170.0,184.10520151635959,-3.132867272846624,223.63271554227416,-9.395845301843186,223.665199,-9.12956211
25.0,1.185550571198,180.0,184.1362316745586,-3.0831101113934447,224.46554608666463,-9.65654223807618,223.585849,-9.21673049
25.0,1.185550571198,190.0,184.29623355313691,-3.156600744288623,225.56511816997048,-10.091527494050572,223.506969,-9.43650475
25.0,1.185550571198,200.0,184.5944063111136,-3.354523210354377,226.8018651146604,-10.681298492619527,223.372545,-9.77692419
25.0,1.185550571198,210.0,185.00294122683414,-3.6728323499832647,228.01882953268748,-11.398931339324731,223.108975,-10.2201861
25.0,1.185550571198,220.0,185.4650078093505,-4.106311498199663,229.06747936935776,-12.2063809057546,222.637985,-10.7427215
25.0,1.185550571198,230.0,185.90572172141498,-4.647085926904097,229.7970113126252,-13.06405581683047,221.922388,-11.3218231
25.0,1.185550571198,240.0,186.34054620830318,-5.28356178754336,230.0831062937532,-13.938248937081504,220.922848,-11.9283533
25.0,1.185550571198,250.0,186.75170880441524,-6.005624020705502,229.8148858707325,-14.785034958273384,219.622057,-12.5368983
25.0,1.185550571198,260.0,187.04423174171296,-6.796489996160291,229.0172633029724,-15.574792463983483,218.003633,-13.1207293
25.0,1.185550571198,270.0,187.25237825425563,-7.631330941929379,227.72074967013725,-16.275949849616214,216.071565,-13.6528427
25.0,1.185550571198,280.0,187.30887404392595,-8.487458673734332,225.97869910787185,-16.86441877302371,213.94788,-14.1274818
25.0,1.185550571198,290.0,187.27427539741208,-9.340068348063147,223.9189402257977,-17.321646734428057,211.717693,-14.5285453
25.0,1.185550571198,300.0,187.18324124990016,-10.15201005309808,221.6646543957016,-17.638282956346654,209.488385,-14.8465516
25.0,1.185550571198,310.0,187.02613231055358,-10.893540500694092,219.3769771446226,-17.818371833557283,207.374349,-15.0772216
25.0,1.185550571198,320.0,186.79849238080308,-11.53747928295814,217.21043721910016,-17.874181040728317,205.491449,-15.2212984
25.0,1.185550571198,330.0,186.49491558555812,-12.052434708668734,215.30994532266493,-17.82275143922537,203.949376,-15.2844654
25.0,1.185550571198,340.0,186.249560802972,-12.435694325623436,213.79150345522075,-17.680693871330437,202.85007,-15.2771532
25.0,1.185550571198,350.0,186.06447748139828,-12.666379120100737,212.76678818142045,-17.470096186919594,202.26005,-15.2072889
25.0,1.274449428801,0.0,206.18143203593687,-13.814002774478249,236.48257037946016,-18.92357542529428,226.159946,-16.8122891
25.0,1.274449428801,10.0,205.6156017790377,-13.606299999286204,236.12858749424765,-18.516025157536635,226.433111,-16.5882059
25.0,1.274449428801,20.0,205.11503676334945,-13.238949899914381,236.3993577988325,-18.088693734026133,227.321115,-16.3370403
25.0,1.274449428801,30.0,204.6740097325494,-12.725924173747623,237.22661008797544,-17.640441126944978,228.768157,-16.0601794
25.0,1.274449428801,40.0,204.28144559420713,-12.088399632164858,238.4905162380317,-17.16355794997505,230.679287,-15.7552287
25.0,1.274449428801,50.0,203.92304570949844,-11.350397278524074,240.03349518267737,-16.65138861405113,232.945974,-15.421053
25.0,1.274449428801,60.0,203.59240007954008,-10.535117036198528,241.67322472238348,-16.09535670583061,235.433511,-15.0545914
25.0,1.274449428801,70.0,203.2772415317928,-9.677205614804988,243.2329431559852,-15.4895579610049,237.997521,-14.6540418
25.0,1.274449428801,80.0,202.9770752406557,-8.804139035526646,244.55274266564984,-14.8379714493919,240.484747,-14.2183655
25.0,1.274449428801,90.0,202.69762493381765,-7.945280792146843,246.0204521697113,-14.24716995701812,242.748182,-13.749593
25.0,1.274449428801,100.0,202.45142098957194,-7.131030224737868,246.6301184358433,-13.553458077235192,244.697155,-13.2616707
25.0,1.274449428801,110.0,202.26084261205168,-6.386722145583048,246.89695206801744,-12.881433698475416,246.25156,-12.7682795
25.0,1.274449428801,120.0,202.15887437299642,-5.725003910981574,246.93185661096493,-12.27371526849754,247.376069,-12.2882325
25.0,1.274449428801,130.0,202.16872080657896,-5.168437363228215,246.8996886277608,-11.770411646944472,248.140366,-11.854995
25.0,1.274449428801,140.0,202.317289169578,-4.727681655474363,246.9801699848293,-11.406502066924046,248.640966,-11.499737
25.0,1.274449428801,150.0,202.62790967544151,-4.402359755267027,247.31140935944555,-11.207039157497316,249.001677,-11.2521172
25.0,1.274449428801,160.0,203.11217665580372,-4.198220703120387,248.0269195474069,-11.195926406746262,249.313122,-11.1319406
25.0,1.274449428801,170.0,203.7636807101025,-4.118282051313451,249.16478797092296,-11.381339678400444,249.629906,-11.1498506
25.0,1.274449428801,180.0,204.56411183180037,-4.1635639155172806,250.69313100405083,-11.761347712346469,249.968144,-11.3085091
25.0,1.274449428801,190.0,205.48132445657487,-4.332988424307905,252.49197784687408,-12.319889362883126,250.292291,-11.6009167
25.0,1.274449428801,200.0,206.47104196822409,-4.623299279820755,254.3805405495266,-13.031159934234688,250.522652,-12.0106186
25.0,1.274449428801,210.0,207.48049715055438,-5.028911270440727,256.1614340248325,-13.861798092685667,250.566808,-12.5159855
25.0,1.274449428801,220.0,208.4551121734326,-5.541854200935998,257.6412065123242,-14.76954074989191,250.324685,-13.0897899
25.0,1.274449428801,230.0,209.33000468642777,-6.1666022991794,258.6546118257175,-15.70924133738599,249.738366,-13.7070822
25.0,1.274449428801,240.0,210.05954113362637,-6.876561639367116,259.0737079731082,-16.640611632643697,248.751877,-14.3377124
25.0,1.274449428801,250.0,210.60427124296208,-7.652731069499724,258.8225732967217,-17.51614320237867,247.351535,-14.9545076
25.0,1.274449428801,260.0,210.93377795340788,-8.484074718831444,257.9081425274355,-18.303756624344672,245.541492,-15.5290282
25.0,1.274449428801,270.0,211.0427161344067,-9.338894136321878,256.3810865332634,-18.974980284052048,243.35714,-16.035369
25.0,1.274449428801,280.0,210.93633621476457,-10.189454017365465,254.31930117145103,-19.5024038717844,240.920322,-16.4651782
25.0,1.274449428801,290.0,210.6340683918718,-11.008788959007234,251.8514746028335,-19.875256813714746,238.329978,-16.8051184
25.0,1.274449428801,300.0,210.16685878278895,-11.771185835796043,249.13250342586267,-20.09224673836292,235.70274,-17.0482711
25.0,1.274449428801,310.0,209.5814241180951,-12.44480676687558,246.3318286421748,-20.160387724856296,233.166776,-17.1944695
25.0,1.274449428801,320.0,208.9121014777,-13.010121374338643,243.62128133226364,-20.094793614261096,230.852821,-17.2492434
25.0,1.274449428801,330.0,208.20186959139463,-13.445073848168986,241.15069883956224,-19.91405115895116,228.882983,-17.2221472
25.0,1.274449428801,340.0,207.49102225973706,-13.73104911966041,239.06080215307392,-19.64191490169452,227.372898,-17.1274266
25.0,1.274449428801,350.0,206.81040214071663,-13.855749063230027,237.4756369037095,-19.30454473678374,226.400201,-16.9760932
25.0,1.363009999412,0.0,224.0132843598598,-14.34202875915721,257.9793140817212,-20.051133668849094,246.196547,-17.6504178
25.0,1.363009999412,10.0,222.83822648992745,-14.012388609567887,257.0532280351869,-19.516025468504026,246.102062,-17.3475009
25.0,1.363009999412,20.0,221.74096610100696,-13.52949141190691,256.8206519115325,-18.977055055376244,246.682246,-17.030121
25.0,1.363009999412,30.0,220.72335353118896,-12.910803705171265,257.2259811794334,-18.43606579748516,247.89044,-16.7015908
25.0,1.363009999412,40.0,219.78259720402963,-12.177593703234503,258.1576808606096,-17.889948660697897,249.632217,-16.3594614
25.0,1.363009999412,50.0,218.92107260272175,-11.353501224299508,259.4521088162534,-17.328124898988364,251.79264,-16.0009685
25.0,1.363009999412,60.0,218.13554843250998,-10.472234292474871,260.9205800901029,-16.737628686214276,254.230971,-15.6215849
25.0,1.363009999412,70.0,217.43586159688084,-9.562891295295547,262.37845323966314,-16.11353083913302,256.790126,-15.2168512
25.0,1.363009999412,80.0,216.83436048069942,-8.656085374907477,263.6555886813194,-15.457970268808005,259.310429,-14.7843501
25.0,1.363009999412,90.0,216.3542992676595,-7.783825265280036,265.1769191560956,-14.880495319274049,261.641516,-14.3253561
25.0,1.363009999412,100.0,216.02364727367907,-6.978365824192707,265.86966518894343,-14.202855168251793,263.691549,-13.8533992
25.0,1.363009999412,110.0,215.886367072886,-6.25332580719145,266.2883216452556,-13.562094506512702,265.384131,-13.3827658
25.0,1.363009999412,120.0,215.9768392471051,-5.632051846446666,266.5654028594734,-12.99959975127795,266.703276,-12.9353579
25.0,1.363009999412,130.0,216.32462736500463,-5.1340680685570055,266.8853067490199,-12.557912419615649,267.723701,-12.5445696
25.0,1.363009999412,140.0,216.95644675226274,-4.7567966739404985,267.4430697759778,-12.27395687612391,268.547607,-12.2422968
25.0,1.363009999412,150.0,217.88023756681702,-4.5074018547777905,268.38635941713807,-12.17580485801951,269.306218,-12.0594915
25.0,1.363009999412,160.0,219.08664977180047,-4.390333694773662,269.83151816550725,-12.285648414299793,270.082165,-12.0153472
25.0,1.363009999412,170.0,220.54330129392955,-4.407342357804341,271.7892474584872,-12.609660301500886,270.913948,-12.1188164
25.0,1.363009999412,180.0,222.19810734489388,-4.557743260575509,274.1823034492407,-13.140132227051753,271.789186,-12.3693218
25.0,1.363009999412,190.0,223.98171769343728,-4.838344195720237,276.83285506945475,-13.855303722616588,272.646284,-12.7566757
25.0,1.363009999412,200.0,225.8113690856712,-5.243229258082337,279.5042494122049,-14.720726383626632,273.374045,-13.2600412
25.0,1.363009999412,210.0,227.59763342141636,-5.763569989383069,281.9491632047679,-15.69418035927404,273.850344,-13.8529421
25.0,1.363009999412,220.0,229.24940541787996,-6.394094217144519,283.94941695683707,-16.723400751132317,273.952229,-14.5037297
25.0,1.363009999412,230.0,230.680257609029,-7.1255653997616255,285.31157995605173,-17.762962488806405,273.599993,-15.1825101
25.0,1.363009999412,240.0,231.8241332722047,-7.928054858007578,285.9145073240884,-18.766691268360688,272.733316,-15.856708
25.0,1.363009999412,250.0,232.62885833325257,-8.782569421892356,285.6915691273382,-19.682791598628807,271.338624,-16.4972807
25.0,1.363009999412,260.0,233.06482862783093,-9.669469692744896,284.65871897743654,-20.48187403729305,269.434089,-17.0765646
25.0,1.363009999412,270.0,233.13310076308508,-10.554804443300284,282.8871947142159,-21.13454748403497,267.067295,-17.5690729
25.0,1.363009999412,280.0,232.85208002918355,-11.40937621602432,280.4747356598953,-21.614154429585003,264.363857,-17.9653659
25.0,1.363009999412,290.0,232.25707697378948,-12.207038807412111,277.56847373633303,-21.914378242000883,261.436309,-18.2536188
25.0,1.363009999412,300.0,231.3963847456333,-12.922131414767227,274.3418744228884,-22.03656011166956,258.419822,-18.4300635
25.0,1.363009999412,310.0,230.33765708723283,-13.52611263359652,270.9828184890713,-21.991739383673583,255.453084,-18.4965073
25.0,1.363009999412,320.0,229.13830325976727,-14.00204952571908,267.66849495823453,-21.796954312556508,252.680615,-18.4616394
25.0,1.363009999412,330.0,227.85765418838756,-14.332327051549722,264.56463008266473,-21.475715680339423,250.241827,-18.339427
25.0,1.363009999412,340.0,226.5486619350775,-14.503300510703774,261.82604484909734,-21.05698223150187,248.264074,-18.1473427
25.0,1.363009999412,350.0,225.25668283628306,-14.50719430965231,259.5943667813256,-20.572693666983355,246.843644,-17.901427
25.0,1.450558283611,0.0,243.624352924322,-15.37503943600375,279.5444219478015,-21.387447295599213,268.277514,-19.0994952
25.0,1.450558283611,10.0,241.74656032198783,-14.90361928953157,277.97945200697035,-20.705823844505968,267.765388,-18.7022664
25.0,1.450558283611,20.0,239.96645488969182,-14.284423256000785,277.1717491250943,-20.036683573716378,267.997011,-18.3049237
25.0,1.450558283611,30.0,238.2943837343263,-13.538284343506374,277.0891094571509,-19.38934603404924,268.934629,-17.912683
25.0,1.450558283611,40.0,236.74275437838554,-12.68615239865225,277.62443153559843,-18.759365462095808,270.487066,-17.523549
25.0,1.450558283611,50.0,235.31895258888153,-11.760282962908867,278.6251270843006,-18.13670105788231,272.534188,-17.1333496
25.0,1.450558283611,60.0,234.03692520406756,-10.79332153964735,279.8869784062703,-17.504106980121822,274.928379,-16.7358478
25.0,1.450558283611,70.0,232.9237293896939,-9.815309731058305,281.22019567148067,-16.858084892039166,277.503725,-16.3246042
25.0,1.450558283611,80.0,232.00676743102252,-8.859948711403328,282.4388464681397,-16.194775804578153,280.093867,-15.8956666
25.0,1.450558283611,90.0,231.32625236168562,-7.9638361637778505,284.0077220155368,-15.62691228651602,282.545091,-15.4494141
25.0,1.450558283611,100.0,230.93318367753963,-7.150122811173635,284.7980258699943,-14.971147080726544,284.760216,-14.9980796
25.0,1.450558283611,110.0,230.88210009802194,-6.436546970411688,285.4100082999758,-14.368670330404816,286.671732,-14.5574813
25.0,1.450558283611,120.0,231.2180506875434,-5.85217735145179,285.9995204141327,-13.86363131375508,288.273712,-14.1511026
25.0,1.450558283611,130.0,231.97637615948696,-5.403245892861811,286.76578332706833,-13.500219565750244,289.651338,-13.8142268
25.0,1.450558283611,140.0,233.17688323531019,-5.092695918782947,287.9227962128088,-13.31905989213668,290.90704,-13.5789566
25.0,1.450558283611,150.0,234.81358197906775,-4.926824661915708,289.6134541479925,-13.34799342645662,292.167574,-13.4764447
25.0,1.450558283611,160.0,236.85292324032736,-4.9089197297713065,291.9254392653911,-13.60667431135211,293.502684,-13.5248892
25.0,1.450558283611,170.0,239.23260615799225,-5.039348970565547,294.83006200340515,-14.096706390605716,294.932969,-13.7318857
25.0,1.450558283611,180.0,241.86337316945546,-5.315467339747555,298.1942105080502,-14.80571716159752,296.422826,-14.0942598
25.0,1.450558283611,190.0,244.6337843079022,-5.731378979903116,301.77647802357666,-15.70268379385721,297.869523,-14.5960106
25.0,1.450558283611,200.0,247.41757040425065,-6.2776398779232885,305.2735535942992,-16.74196222626198,299.131732,-15.2113414
25.0,1.450558283611,210.0,250.08081676645392,-6.947482379142211,308.392038841565,-17.866898514369932,300.054585,-15.9075737
25.0,1.450558283611,220.0,252.49368168144522,-7.731004772991863,310.8906071706055,-19.02648757997833,300.494092,-16.6478514
25.0,1.450558283611,230.0,254.54645754501445,-8.595191856662927,312.5738651660108,-20.169795611336223,300.354021,-17.3974588
25.0,1.450558283611,240.0,256.14767644346284,-9.516479186423132,313.3274122459282,-21.24232454032833,299.566494,-18.1203888
25.0,1.450558283611,250.0,257.2302523451232,-10.475958336820534,313.092441266707,-22.19804403198989,298.128006,-18.7871329
25.0,1.450558283611,260.0,257.7726616629055,-11.4345582986534,311.9024708334476,-23.00344773877352,296.066392,-19.369294
25.0,1.450558283611,270.0,257.7776572105201,-12.361187565640385,309.85223478713164,-23.62871374819193,293.449445,-19.8431661
25.0,1.450558283611,280.0,257.27717436517884,-13.226200286467488,307.05730256443195,-24.053162585332817,290.411108,-20.1990257
25.0,1.450558283611,290.0,256.3249340628795,-14.003856703845958,303.682865220646,-24.271691140269297,287.077626,-20.4264589
25.0,1.450558283611,300.0,254.9966403327641,-14.666353905553533,299.9179458514742,-24.288449989115687,283.597273,-20.5236469
25.0,1.450558283611,310.0,253.37746974017892,-15.192902171273836,295.9621227011533,-24.117261499338703,280.127005,-20.4961845
25.0,1.450558283611,320.0,251.55006529278467,-15.568724284440549,292.0082728406308,-23.77968966426268,276.8242,-20.3559693
25.0,1.450558283611,330.0,249.5961841490715,-15.780480074478254,288.228385966108,-23.30240812149528,273.843448,-20.1211022
25.0,1.450558283611,340.0,247.5866207159565,-15.819615257146708,284.7906378798116,-22.71986244276803,271.328628,-19.8137642
25.0,1.450558283611,350.0,245.58109746890085,-15.683424288934368,281.85093886182113,-22.069551633110617,269.39376,-19.4550122
25.0,1.536427986098,0.0,260.14676218863656,-16.274794607478903,297.76235209782936,-22.550837672950845,285.886886,-20.154945
25.0,1.536427986098,10.0,257.63571695726046,-15.672845610795894,295.44716418322884,-21.71143039251153,284.877672,-19.6550494
25.0,1.536427986098,20.0,255.25163374418221,-14.930899224167579,293.93894482334764,-20.901163285209364,284.676345,-19.1688678
25.0,1.536427986098,30.0,252.98582812862998,-14.073890835780293,293.23729514371354,-20.13664579787378,285.254089,-18.7022858
25.0,1.536427986098,40.0,250.74204978501038,-13.119080907706417,293.24590087118867,-19.41435247985635,286.530131,-18.2549677
25.0,1.536427986098,50.0,248.6658222551845,-12.108172462065697,293.8553953884165,-18.714360814745817,288.377343,-17.8222344
25.0,1.536427986098,60.0,246.68726254178813,-11.065791508696757,294.82174412222133,-18.02900673333824,290.634633,-17.396592
25.0,1.536427986098,70.0,244.85699026673433,-10.027058664575847,295.9503931866868,-17.35076962188698,293.125527,-16.9713868
25.0,1.536427986098,80.0,243.39705591086897,-9.044074061585334,297.02681582299687,-16.672533400900168,295.672022,-16.5423565
25.0,1.536427986098,90.0,242.25908901062644,-8.13882021786694,298.5346257562369,-16.123055036218584,298.117888,-16.1099989
25.0,1.536427986098,100.0,241.56370276834843,-7.332198553027823,299.33197880565393,-15.502509383897236,300.371547,-15.6853902
25.0,1.536427986098,110.0,241.38431567060576,-6.645283447281563,300.0837107249769,-14.955340807444117,302.38731,-15.2855039
25.0,1.536427986098,120.0,241.88245597009714,-6.1118586542593585,300.9740884179168,-14.527665848563233,304.179427,-14.9343093
25.0,1.536427986098,130.0,243.0012176186263,-5.726721187277943,302.2220233363344,-14.264827919615447,305.841441,-14.6653042
25.0,1.536427986098,140.0,244.7345332665085,-5.49529910048164,304.0449053761428,-14.208583665998477,307.495893,-14.5116836
25.0,1.536427986098,150.0,247.06247199564825,-5.4229192940958715,306.5836884451625,-14.38373222291871,309.265619,-14.5028021
25.0,1.536427986098,160.0,249.9285969616902,-5.511723425817781,309.8805217487048,-14.80626006665134,311.214504,-14.6560035
25.0,1.536427986098,170.0,253.23968008568045,-5.760573640348195,313.8580162808668,-15.474559395126311,313.334584,-14.9755443
25.0,1.536427986098,180.0,256.8691529484705,-6.1647548265198875,318.3159344520413,-16.36741134746256,315.54745,-15.4535656
25.0,1.536427986098,190.0,260.66414574296084,-6.715560087216181,322.93754084256904,-17.443597973671938,317.712762,-16.0707046
25.0,1.536427986098,200.0,264.4921578926241,-7.406600019667654,327.33408742119104,-18.647077060229016,319.634979,-16.7957274
25.0,1.536427986098,210.0,268.2254533042048,-8.228908409401308,331.12443924103303,-19.931120089724867,321.122912,-17.5933593
25.0,1.536427986098,220.0,271.62788217452083,-9.147590935160467,334.11647035737536,-21.227259423101103,321.989685,-18.4225711
25.0,1.536427986098,230.0,274.54937790149495,-10.135495497537828,336.1428891171462,-22.47455944058517,322.118227,-19.2449341
25.0,1.536427986098,240.0,276.8224281286704,-11.16595717735064,337.1100138010861,-23.609469488296863,321.45686,-20.0208245
25.0,1.536427986098,250.0,278.41452148940255,-12.20308439318922,336.9363911909731,-24.59818308784253,320.025977,-20.7171163
25.0,1.536427986098,260.0,279.27941285338164,-13.213014804120427,335.68266215737793,-25.4042264623228,317.883973,-21.3047624
25.0,1.536427986098,270.0,279.26679415897917,-14.148248806547917,333.48485942166883,-25.988571143535456,315.110809,-21.7600133
25.0,1.536427986098,280.0,278.59249497267217,-14.993402881761213,330.41964007764847,-26.347083846115208,311.839175,-22.073893
25.0,1.536427986098,290.0,277.32264567710837,-15.721455958655364,326.66538986415526,-26.47511182623475,308.197614,-22.2380951
25.0,1.536427986098,300.0,275.4521032264364,-16.307568111677522,322.4260341175398,-26.38056262825736,304.338035,-22.2533428
25.0,1.536427986098,310.0,273.22170625168536,-16.737683313931313,317.9113587956653,-26.079951829981297,300.422762,-22.1280817
25.0,1.536427986098,320.0,270.7394902446255,-16.99875464900303,313.3219379589458,-25.597445996292294,296.623844,-21.8789104
25.0,1.536427986098,330.0,268.1070138701834,-17.082716401287733,308.83489270721753,-24.962302653152488,293.105083,-21.5269051
25.0,1.536427986098,340.0,265.41349217346465,-16.986635609089504,304.63230634343216,-24.214134481468104,290.031199,-21.0994282
25.0,1.536427986098,350.0,262.7504063676252,-16.71665279003149,300.88768943492323,-23.39599544057432,287.537306,-20.6223113
25.0,1.619965586583,0.0,276.22237080923924,-17.329337509481928,314.65221267230964,-23.72952599937953,303.030943,-21.3991223
25.0,1.619965586583,10.0,273.1025977472126,-16.596100499537698,311.57135569416977,-22.724349615238328,301.504328,-20.7893327
25.0,1.619965586583,20.0,270.16839752211314,-15.736106032489234,309.32037441926474,-21.765259416668727,300.850269,-20.2058051
25.0,1.619965586583,30.0,267.20791139085173,-14.761479542027278,307.9533333987321,-20.876012785698776,301.056048,-19.656975
25.0,1.619965586583,40.0,264.2411087205682,-13.70224189344211,307.43054401856006,-20.044796324904706,302.037413,-19.143136
25.0,1.619965586583,50.0,261.48647174862856,-12.60375727177056,307.61646414083674,-19.26036474876617,303.662641,-18.660929
25.0,1.619965586583,60.0,258.6642697739143,-11.475985750009123,308.25874817190663,-18.516651115811744,305.756788,-18.2023071
25.0,1.619965586583,70.0,256.06421255202434,-10.373018884654105,309.1468373418802,-17.79973576394521,308.137641,-17.761271
25.0,1.619965586583,80.0,253.95950881314272,-9.351870069942997,309.97087248997366,-17.117424976221873,310.61827,-17.3327107
25.0,1.619965586583,90.0,252.3325423849936,-8.429558843420846,311.3954356604907,-16.5881258560017,313.052766,-16.9168404
25.0,1.619965586583,100.0,251.3163636984673,-7.627112516570079,312.1900674921523,-16.00312839706552,315.360623,-16.5236908
25.0,1.619965586583,110.0,251.00665391723996,-6.964850232454742,313.103878487902,-15.516205012352524,317.511714,-16.169969
25.0,1.619965586583,120.0,251.65474048995495,-6.474126820910976,314.33708371142944,-15.17298578917916,319.536496,-15.8795802
25.0,1.619965586583,130.0,253.1433311605439,-6.152179270360857,316.1209981653884,-15.019259795902975,321.544267,-15.6860291
25.0,1.619965586583,140.0,255.4293352129059,-6.001069963241815,318.68338910233393,-15.096749426276494,323.662334,-15.6216548
25.0,1.619965586583,150.0,258.4755164210151,-6.024984616621268,322.1354335246597,-15.427102792620904,326.003608,-15.71352
25.0,1.619965586583,160.0,262.20192260235865,-6.2250453111393975,326.46674424795003,-16.02184739369809,328.612193,-15.9766966
25.0,1.619965586583,170.0,266.483695073153,-6.598633110699918,331.55727376910824,-16.874612390812022,331.451761,-16.4128566
25.0,1.619965586583,180.0,271.15616185181847,-7.13885770110811,337.1363131495656,-17.955951197550675,334.407605,-17.0114547
25.0,1.619965586583,190.0,276.1122677625925,-7.842086764643674,342.79978080356153,-19.211935449154627,337.287176,-17.7487923
25.0,1.619965586583,200.0,281.21498488987544,-8.69896306040529,347.9821989416899,-20.60110156134871,339.85934,-18.5923984
25.0,1.619965586583,210.0,286.1151072253016,-9.675258608953982,352.4189982423791,-22.05262385661312,341.875101,-19.5021811
25.0,1.619965586583,220.0,290.5967675820895,-10.742321849196136,355.88436981568725,-23.488523341339008,343.113728,-20.4323626
25.0,1.619965586583,230.0,294.3861068674388,-11.86325031353502,358.3319388171628,-24.82525052586688,343.478951,-21.3380987
25.0,1.619965586583,240.0,297.39961187430123,-13.003940528271562,359.5215172845903,-26.025355019164905,342.948434,-22.1744683
25.0,1.619965586583,250.0,299.57879007846327,-14.130872494358929,359.43840642232914,-27.05079389303515,341.564866,-22.9041369
25.0,1.619965586583,260.0,300.47319060200533,-15.171874498810672,358.2269191259889,-27.840294068876982,339.393336,-23.4976317
25.0,1.619965586583,270.0,300.46430811455656,-16.119869861010734,355.89692979970005,-28.385678975133995,336.500014,-23.9321222
25.0,1.619965586583,280.0,299.63487336989414,-16.946316093664343,352.5782330016793,-28.678785479018448,333.012982,-24.1996721
25.0,1.619965586583,290.0,297.77123828817867,-17.609722854937488,348.45345166242805,-28.715818180308847,329.061752,-24.2940709
25.0,1.619965586583,300.0,295.3691831912554,-18.119690286226763,343.740427995296,-28.508475937316074,324.805981,-24.219525
25.0,1.619965586583,310.0,292.54459611091625,-18.450795453495,338.654614792792,-28.07512890999242,320.418365,-23.9881898
25.0,1.619965586583,320.0,289.4262964669264,-18.59486457289025,333.4174945977831,-27.445685118020112,316.085422,-23.6207813
25.0,1.619965586583,330.0,286.13502230541434,-18.549169301266268,328.20579993838624,-26.65096603463591,311.993671,-23.1437619
25.0,1.619965586583,340.0,282.7770510907389,-18.316200157489153,323.20995544620143,-25.734473603152832,308.325751,-22.5883806
25.0,1.619965586583,350.0,279.4514065619383,-17.905788224708964,318.62375196129886,-24.74529536384944,305.240827,-21.9852427
25.0,1.700535313487,0.0,291.8779991857443,-18.548594764771586,330.8817430988664,-25.052992106395028,318.920676,-22.6521854
25.0,1.700535313487,10.0,288.1783116626437,-17.68266213355579,327.01065760069724,-23.879011386858835,316.864098,-21.9293586
25.0,1.700535313487,20.0,284.6806913326871,-16.694595769451908,323.9955623588192,-22.76562133035764,315.752685,-21.2458753
25.0,1.700535313487,30.0,281.055112810018,-15.60181728999266,321.9394876980345,-21.7460738236487,315.584805,-20.6121597
25.0,1.700535313487,40.0,277.3526175991766,-14.434323215684362,320.90468026143725,-20.80005280610989,316.269399,-20.0298594
25.0,1.700535313487,50.0,273.9114451817235,-13.244766591033718,320.6430583819368,-19.92447685780273,317.661834,-19.4962833
25.0,1.700535313487,60.0,270.2199792215894,-12.027492895329322,320.9481386341318,-19.116768602969,319.580168,-19.0045344
25.0,1.700535313487,70.0,266.8362194020609,-10.856400095411887,321.54051626585607,-18.358845033173925,321.829117,-18.5472779
25.0,1.700535313487,80.0,263.9675249705573,-9.775245552516685,322.0952296480113,-17.67491533036497,324.227192,-18.1197089
25.0,1.700535313487,90.0,261.8477608312181,-8.831350655240795,323.4343787671172,-17.162803647827342,326.643491,-17.7212104
25.0,1.700535313487,100.0,260.5185617870769,-8.029388979802807,324.2514457758814,-16.613899578808198,329.011722,-17.3610026
25.0,1.700535313487,110.0,260.0979704397392,-7.388988807290088,325.3600821637322,-16.188096586958988,331.310158,-17.0544823
25.0,1.700535313487,120.0,260.8719266890146,-6.937291061792302,326.9829176192701,-15.93201369801934,333.590647,-16.8264894
25.0,1.700535313487,130.0,262.70674519045497,-6.672892267719939,329.36705463441984,-15.89194194838034,335.964208,-16.7087991
25.0,1.700535313487,140.0,265.54686589776463,-6.60069640804705,332.7169825897322,-16.106270040047818,338.557263,-16.7324794
25.0,1.700535313487,150.0,269.3358529551805,-6.723649644622926,337.1162428877605,-16.596007423116465,341.478594,-16.9241449
25.0,1.700535313487,160.0,273.9510559676487,-7.039637106558159,342.5225259196568,-17.36801777493382,344.748091,-17.2963433
25.0,1.700535313487,170.0,279.2354691957039,-7.544587012225061,348.7602239972601,-18.411820479976388,348.307919,-17.8503883
25.0,1.700535313487,180.0,285.1491694604171,-8.239926715342575,355.4893129357121,-19.689247338965483,352.002739,-18.5736116
25.0,1.700535313487,190.0,291.5013349726885,-9.114753814013277,362.1040901707349,-21.14907330923404,355.594673,-19.4407035
25.0,1.700535313487,200.0,297.8837485164648,-10.138802115536588,368.0207613231351,-22.74897170267404,358.79065,-20.4155785
25.0,1.700535313487,210.0,304.01809658253416,-11.283431911601197,373.0956798633493,-24.378668390879668,361.284619,-21.45297
25.0,1.700535313487,220.0,309.52580587747315,-12.503860756403435,377.1865237731115,-25.94281026167017,362.874876,-22.4978275
25.0,1.700535313487,230.0,314.25961180491163,-13.767206311240155,380.04228007837537,-27.37997146488263,363.503394,-23.4966275
25.0,1.700535313487,240.0,318.0880335796849,-15.034781039845683,381.4714676416002,-28.6537376086085,363.177882,-24.3983123
25.0,1.700535313487,250.0,320.3222233288561,-16.217025947156685,381.6166858653822,-29.693466185561658,361.940211,-25.1638805
25.0,1.700535313487,260.0,321.3798526452263,-17.30492130314401,380.43363525594094,-30.469983268948088,359.812681,-25.7638749
25.0,1.700535313487,270.0,321.39241878009375,-18.2701257087586,377.9582853058193,-30.97669097396088,356.85341,-26.176971
25.0,1.700535313487,280.0,319.8763837990923,-19.04791187502567,374.3586655060578,-31.20081458515321,353.176907,-26.3944189
25.0,1.700535313487,290.0,317.572509443897,-19.666580634050273,369.8273009624232,-31.140758767638182,348.919235,-26.413358
25.0,1.700535313487,300.0,314.6650663004362,-20.098867141842344,364.6025919152189,-30.81368183097541,344.247899,-26.2411551
25.0,1.700535313487,310.0,311.2740710238679,-20.329295575639932,358.9164982251347,-30.242540197649863,339.353418,-25.8946864
25.0,1.700535313487,320.0,307.5480107747842,-20.354662517614322,352.98879746812185,-29.45814221107369,334.442915,-25.3996423
25.0,1.700535313487,330.0,303.6260379553159,-20.17762391475605,347.0109329498419,-28.496586418662226,329.730372,-24.7883706
25.0,1.700535313487,340.0,299.6310932587083,-19.806099399479564,341.18683900447627,-27.40653115539979,325.42588,-24.0973367
25.0,1.700535313487,350.0,295.70677036409745,-19.261507563941024,335.72503175002726,-26.241767501891843,321.715455,-23.3619807
25.0,1.777523982538,0.0,309.5097265452583,-19.859425905379364,348.07918808881755,-26.235067152987643,336.482216,-23.8997271
25.0,1.777523982538,10.0,305.0829348661628,-18.83400478863648,343.4363472931861,-24.891582304014324,333.886813,-23.0580664
25.0,1.777523982538,20.0,300.8538003728102,-17.68852244079868,339.6939695567921,-23.6259128409502,332.319573,-22.272402
25.0,1.777523982538,30.0,296.4723894888976,-16.448952710617792,337.00285337346094,-22.47459666380473,331.775415,-21.5532887
25.0,1.777523982538,40.0,292.01975569623687,-15.149137595399619,335.4774714887598,-21.412094990973586,332.151522,-20.9026363
25.0,1.777523982538,50.0,287.8921409967905,-13.84501816163016,334.75965712885494,-20.448908948875086,333.296444,-20.3178249
25.0,1.777523982538,60.0,283.4536999351262,-12.522945309917464,334.7175318711132,-19.57981837538007,335.024084,-19.7913073
25.0,1.777523982538,70.0,279.4850346212103,-11.273096049432695,334.905640903426,-18.79579516034376,337.145692,-19.3159004
25.0,1.777523982538,80.0,276.08900995573657,-10.126668549506666,335.2800511287807,-18.09535053616056,339.487908,-18.885481
25.0,1.777523982538,90.0,273.5563233237223,-9.13470914336067,336.5618326437946,-17.587627000135928,341.933018,-18.4990029
25.0,1.777523982538,100.0,272.0864152846138,-8.321264278846506,337.4559208964999,-17.06648207682783,344.419502,-18.1651885
25.0,1.777523982538,110.0,271.71935330362356,-7.692475116250972,338.8062441709559,-16.69392746757582,346.932899,-17.8996184
25.0,1.777523982538,120.0,272.76758399083934,-7.275742952119157,340.8574364007009,-16.518571588205145,349.524524,-17.7267028
25.0,1.777523982538,130.0,275.05309777403505,-7.067347224748319,343.86432250597886,-16.587232778431332,352.310103,-17.678873
25.0,1.777523982538,140.0,278.5104501456139,-7.070941619178476,348.01203721524604,-16.936405430297,355.408594,-17.7867875
25.0,1.777523982538,150.0,283.07621505439124,-7.290412517346559,353.3704368074359,-17.58720967826363,358.913875,-18.0760165
25.0,1.777523982538,160.0,288.63707756590253,-7.727393820335063,359.8503838806931,-18.542707330630787,362.842654,-18.5609802
25.0,1.777523982538,170.0,295.06953458021803,-8.379695706166475,367.23389998233415,-19.789191304801346,367.113856,-19.2424521
25.0,1.777523982538,180.0,302.3352883204189,-9.248913911023816,375.0902074880571,-21.27539440098801,371.538938,-20.1065321
25.0,1.777523982538,190.0,309.9344047935111,-10.304292489078971,382.54993154830873,-22.97125268439009,375.83671,-21.1254563
25.0,1.777523982538,200.0,317.541657021377,-11.518908448145362,389.3308776484864,-24.77475192275887,379.650667,-22.256655
25.0,1.777523982538,210.0,324.7554481919399,-12.85144189443,395.129223456338,-26.57859183473015,382.664796,-23.4428958
25.0,1.777523982538,220.0,331.25439445211794,-14.2581592161046,399.8786083994364,-28.27001267766671,384.71016,-24.6179942
25.0,1.777523982538,230.0,336.8573362439855,-15.697216584791937,403.0906705706768,-29.816112015826008,385.734239,-25.7199715
25.0,1.777523982538,240.0,340.8700497602751,-17.079715798818643,404.8071417203402,-31.159689941758785,385.730705,-26.6948533
25.0,1.777523982538,250.0,343.3844399734577,-18.368059315526764,405.0878436016316,-32.21669784027198,384.676891,-27.5031213
25.0,1.777523982538,260.0,344.65045639623116,-19.537837940243197,403.7943385246431,-32.992330676881856,382.583602,-28.1148562
25.0,1.777523982538,270.0,344.0641641412573,-20.510996809423855,401.0769183395039,-33.46470788749519,379.504138,-28.5070947
25.0,1.777523982538,280.0,342.2716929293313,-21.29300693864109,397.1099607177633,-33.6209356489106,375.559889,-28.6717847
25.0,1.777523982538,290.0,339.66447996489796,-21.88210938208908,392.11419339622745,-33.46538762139546,370.90088,-28.6085095
25.0,1.777523982538,300.0,336.30679808736096,-22.24541164025623,386.335472413495,-33.01768801749818,365.717495,-28.3293294
25.0,1.777523982538,310.0,332.4452802665732,-22.382946153530185,380.0206619888893,-32.30519808410708,360.22062,-27.8552197
25.0,1.777523982538,320.0,328.20203523300216,-22.29319928119479,373.3924888554236,-31.36087726195497,354.649155,-27.218965
25.0,1.777523982538,330.0,323.59413786229356,-21.97387038719588,366.6567312658538,-30.226596128209696,349.24662,-26.4595788
25.0,1.777523982538,340.0,318.7758905038822,-21.441069560112226,360.02378909007206,-28.955189125379032,344.250024,-25.6192626
25.0,1.777523982538,350.0,314.0773631335968,-20.73546169723334,353.7225284086065,-27.607062102165816,339.881047,-24.7412572
25.0,1.850345663479,0.0,326.6541651887818,-21.296682383581153,364.2195136771255,-27.43642134597189,352.617252,-25.0777587
25.0,1.850345663479,10.0,321.4831559194456,-20.10348489523391,358.8068506113475,-25.92052277561244,349.458895,-24.1124049
25.0,1.850345663479,20.0,316.5364229212142,-18.799307984949095,354.3382206824419,-24.50007211082877,347.413665,-23.2214336
25.0,1.850345663479,30.0,311.44240206066485,-17.396135290852282,351.0444789777053,-23.21223001942123,346.476126,-22.4162479
25.0,1.850345663479,40.0,306.26383352147866,-15.958582154374943,348.97946130676564,-22.040935906097346,346.531441,-21.6982949
25.0,1.850345663479,50.0,301.4827087471812,-14.535767948182372,347.798537195742,-20.990267754729032,347.419108,-21.0637863
25.0,1.850345663479,60.0,296.4562505110817,-13.113780698448934,347.37498824516746,-20.05437552608845,348.948038,-20.5033651
25.0,1.850345663479,70.0,291.9862091798018,-11.784413578299862,347.17195488911057,-19.237167226533284,350.934717,-20.0093342
25.0,1.850345663479,80.0,288.2195552652723,-10.581225821731856,347.3679911659122,-18.516728446195195,353.218205,-19.5750524
25.0,1.850345663479,90.0,285.2952110973936,-9.532591357062527,348.596175814007,-18.0107998873365,355.688528,-19.198957
25.0,1.850345663479,100.0,283.6961669872923,-8.69936314649093,349.57678495309733,-17.51513253348539,358.285222,-18.8888726
25.0,1.850345663479,110.0,283.44207906172295,-8.081862603431446,351.16702048105145,-17.192009887768126,361.001481,-18.6611498
25.0,1.850345663479,120.0,284.74436007754804,-7.696821092691024,353.6464149308894,-17.09487030987968,363.887352,-18.539882
25.0,1.850345663479,130.0,287.50419645888536,-7.545489904204349,357.28547031891753,-17.27274002762026,367.060666,-18.5582885
25.0,1.850345663479,140.0,291.6127755146383,-7.629515373354783,362.2411995623241,-17.75925777001679,370.642854,-18.7483238
25.0,1.850345663479,150.0,296.99050364018984,-7.952861886012519,368.5821917737219,-18.57811357707662,374.728694,-19.1375901
25.0,1.850345663479,160.0,303.50993340824255,-8.516477648327054,376.17929335952414,-19.7299629824226,379.328827,-19.7422862
25.0,1.850345663479,170.0,311.2412701621399,-9.332503956059886,384.7577742613541,-21.195570179746376,384.334771,-20.5625921
25.0,1.850345663479,180.0,319.68135405543416,-10.374936226257768,393.6749051386601,-22.919733761184503,389.531354,-21.5852003
25.0,1.850345663479,190.0,328.48195618149407,-11.621110104895944,402.0693688537304,-24.86010792567382,394.567046,-22.7760952
25.0,1.850345663479,200.0,337.2356820252325,-13.035654491858734,409.7344968850255,-26.876016679692224,399.03901,-24.0820729
25.0,1.850345663479,210.0,345.4331626873756,-14.56380633423683,416.41255916476166,-28.837111183691423,402.652603,-25.4300454
25.0,1.850345663479,220.0,352.87926281282324,-16.167593670673437,421.68752227540216,-30.676171828585755,405.248037,-26.7426255
25.0,1.850345663479,230.0,358.9072282840085,-17.76181307512623,425.2477582470164,-32.33617427707275,406.77074,-27.9533199
25.0,1.850345663479,240.0,363.1845970229801,-19.27477024038218,427.30776052774326,-33.71221756766426,407.1403,-29.0074135
25.0,1.850345663479,250.0,366.07998887775415,-20.6861578643068,427.5652626471742,-34.797642770934395,406.297604,-29.8632801
25.0,1.850345663479,260.0,366.85072149906534,-21.902331902413877,426.1066736477536,-35.56579191918891,404.242012,-30.4872432
25.0,1.850345663479,270.0,366.06387841787125,-22.911544427835334,423.0998968586059,-35.9964471660392,401.03505,-30.8567201
25.0,1.850345663479,280.0,364.1877966626593,-23.713771150544925,418.73942811277,-36.08210478759364,396.807349,-30.9647009
25.0,1.850345663479,290.0,361.3156766891618,-24.269623894687467,413.26625566153393,-35.82933191831139,391.724687,-30.8131243
25.0,1.850345663479,300.0,357.81729577265475,-24.582622170461242,406.9440793806981,-35.259803887455654,385.996971,-30.4172423
25.0,1.850345663479,310.0,353.5122902905946,-24.624041546205085,400.0331390815284,-34.40539442551179,379.866338,-29.8049837
25.0,1.850345663479,320.0,348.59275901536455,-24.400627661019758,392.7252184790115,-33.29800617110906,373.597504,-29.0155217
25.0,1.850345663479,330.0,343.2433416521022,-23.92712086719616,385.2399814472515,-31.98568922324662,367.459516,-28.0942623
25.0,1.850345663479,340.0,337.7257614256271,-23.244442971872637,377.8108449114049,-30.52793904372293,361.729872,-27.0927238
25.0,1.850345663479,350.0,332.0527747686413,-22.35050898492145,370.6810411444756,-28.99097175950949,356.657157,-26.0600117
25.0,1.918446139346,0.0,342.35247558924937,-22.77380472940016,378.0129201704558,-28.497004384568527,366.617716,-26.1560653
25.0,1.918446139346,10.0,336.4620661192817,-21.41213504428054,371.8554039394076,-26.812107188264203,362.861084,-25.0597462
25.0,1.918446139346,20.0,330.82715580596516,-19.950202900433137,366.68649175947377,-25.241676951997903,360.311384,-24.0593481
25.0,1.918446139346,30.0,325.2832427954049,-18.414394876693148,362.80875224933817,-23.82328066398217,358.958885,-23.1656064
25.0,1.918446139346,40.0,319.2716585973583,-16.81468538089957,360.1911662416792,-22.54204996680555,358.672447,-22.3784745
25.0,1.918446139346,50.0,313.87019492757304,-15.27483137206958,358.55223586959414,-21.407058706950654,359.281979,-21.692574
25.0,1.918446139346,60.0,308.3855627054737,-13.763429446518327,357.67827743777246,-20.410610105620336,360.598179,-21.0981473
25.0,1.918446139346,70.0,303.477067123359,-12.360160078379591,357.1330438401173,-19.5540610596562,362.435401,-20.5852508
25.0,1.918446139346,80.0,299.42114912716005,-11.107444411713212,357.12121557443066,-18.81058603340855,364.641619,-20.146052
25.0,1.918446139346,90.0,296.33544168905524,-10.030293276048452,358.2830583509883,-18.30646872479475,367.119314,-19.7795799
25.0,1.918446139346,100.0,294.54089428103845,-9.165685790503835,359.32549298993894,-17.834182847479315,369.804414,-19.4919628
25.0,1.918446139346,110.0,294.3477765812741,-8.551610219400896,361.13159979078046,-17.558576524877434,372.696692,-19.3001568
25.0,1.918446139346,120.0,295.8691025973701,-8.198171044889763,364.0179840548981,-17.53851375637149,375.85429,-19.2293898
25.0,1.918446139346,130.0,299.1140436575531,-8.107180601455518,368.26852632387073,-17.824960128098258,379.398915,-19.3140025
25.0,1.918446139346,140.0,303.8698543550571,-8.274661577817152,374.0354708744895,-18.452621440826373,383.460981,-19.5884617
25.0,1.918446139346,150.0,310.0708470486979,-8.706640045513772,381.3742064047681,-19.44617687255183,388.1414,-20.0836322
25.0,1.918446139346,160.0,317.7655731762866,-9.416482955441255,390.1044164574653,-20.80218762355996,393.436621,-20.8166342
25.0,1.918446139346,170.0,326.56284217304676,-10.389250201217713,399.8884686483641,-22.494761293475147,399.222867,-21.7901371
25.0,1.918446139346,180.0,336.1238332704885,-11.608784762421227,409.748862158788,-24.477190461197168,405.226896,-22.9874665
25.0,1.918446139346,190.0,346.05610575022575,-13.048320718724344,419.1587790622276,-26.6505724546373,411.01885,-24.3660023
25.0,1.918446139346,200.0,355.75865947564125,-14.653254978554989,427.6972698448385,-28.862995399366785,416.193118,-25.8568137
25.0,1.918446139346,210.0,364.9566001394966,-16.385502690124238,435.14289636868006,-30.97792450222541,420.47053,-27.3716383
25.0,1.918446139346,220.0,373.09602621170376,-18.17318164009091,440.8223708477257,-32.94023878910804,423.701473,-28.8246739
25.0,1.918446139346,230.0,379.3046081248905,-19.90524879004538,444.824215293825,-34.66356654560988,425.767318,-30.147101
25.0,1.918446139346,240.0,384.10272923353125,-21.56946753448832,446.9432564387282,-36.0748231734224,426.514329,-31.2807248
25.0,1.918446139346,250.0,386.6407876419559,-23.059301250504863,447.1148466276257,-37.170233876062106,425.872944,-32.1808089
25.0,1.918446139346,260.0,387.3035561462005,-24.34494808823654,445.4438704485934,-37.91428016216813,423.845183,-32.8129655
25.0,1.918446139346,270.0,386.5888538495028,-25.410947927610035,442.1335692687624,-38.29786091574883,420.497907,-33.1551152
25.0,1.918446139346,280.0,384.7987093358626,-26.228595178567794,437.4179329099388,-38.31491698638149,415.978132,-33.2020133
25.0,1.918446139346,290.0,381.9526556809992,-26.767888806156503,431.550031357861,-37.97376102068113,410.475479,-32.958793
25.0,1.918446139346,300.0,377.9831155549709,-27.000555293238715,424.77958239718185,-37.29678684645673,404.218106,-32.4440821
25.0,1.918446139346,310.0,373.0992808150385,-26.92880836591765,417.3539614058606,-36.31439333554157,397.464859,-31.6902249
25.0,1.918446139346,320.0,367.5254901143418,-26.56756950681899,409.4757029461271,-35.058911309474325,390.49937,-30.7419803
25.0,1.918446139346,330.0,361.55996196600574,-25.958041873572565,401.3263465900882,-33.581375602755976,383.620454,-29.6529956
25.0,1.918446139346,340.0,355.26210927218784,-25.100010042557873,393.16793575877,-31.946452809697035,377.134516,-28.4819804
25.0,1.918446139346,350.0,348.7906083436255,-24.025043566800445,385.2621191524966,-30.22742105679937,371.329812,-27.2864782
25.0,1.981307124396,0.0,356.4352266362089,-24.23101247871912,388.6250415850204,-29.234636356602667,377.898025,-27.0129518
25.0,1.981307124396,10.0,349.633526825476,-22.684480427933764,381.7604287930669,-27.394075594165955,373.54008,-25.7846456
25.0,1.981307124396,20.0,343.33462922149096,-21.066058042031106,375.9298254517645,-25.6876584099808,370.474544,-24.6727022
25.0,1.981307124396,30.0,337.4182446049218,-19.403995742366707,371.494500328492,-24.14388492026468,368.690365,-23.6886955
25.0,1.981307124396,40.0,330.8045287972365,-17.67891574246874,368.3211236839404,-22.758931906036025,368.040942,-22.8314651
25.0,1.981307124396,50.0,324.6881185160826,-16.002706831129114,366.2025208051977,-21.54210669085961,368.348892,-22.0944393
25.0,1.981307124396,60.0,318.8013739031587,-14.405437813715626,364.7942623077934,-20.49700576720548,369.424333,-21.4664032
25.0,1.981307124396,70.0,313.5226943743115,-12.937170048172772,363.9245853036141,-19.60065300635266,371.084384,-20.935384
25.0,1.981307124396,80.0,309.25954285028183,-11.645119469034483,363.6749002930034,-18.83405015788541,373.192802,-20.4929282
25.0,1.981307124396,90.0,306.08501624673073,-10.548693686564524,364.7607357834488,-18.33403001889852,375.649365,-20.135759
25.0,1.981307124396,100.0,304.35995057242746,-9.687107890679192,365.8499646718833,-17.88587527700794,378.398379,-19.8705615
25.0,1.981307124396,110.0,304.2608966659127,-9.080295851530943,367.8607141923911,-17.659375529717888,381.445105,-19.7146444
25.0,1.981307124396,120.0,305.9281945932923,-8.744993076819862,371.14323400600114,-17.718937659306963,384.854357,-19.6941931
25.0,1.981307124396,130.0,309.60140193567076,-8.714896960723884,376.03901080366137,-18.114508302332425,388.762685,-19.84634
25.0,1.981307124396,140.0,315.07004029884166,-8.974163153162188,382.6473567779517,-18.88714441150461,393.31103,-20.2085894
25.0,1.981307124396,150.0,322.2237738974583,-9.52761900732915,391.01929347387176,-20.059723224968312,398.597784,-20.8136533
25.0,1.981307124396,160.0,330.85650337104846,-10.374556562904722,400.9117528977808,-21.622984697572672,404.615766,-21.6819376
25.0,1.981307124396,170.0,340.6706508732745,-11.506517731206799,411.8984219338988,-23.5399416095454,411.20611,-22.8161747
25.0,1.981307124396,180.0,351.2903980855135,-12.904852609600196,422.69360362489607,-25.76712392233728,418.020889,-24.1944456
25.0,1.981307124396,190.0,362.16215979894383,-14.527878920315333,433.0426839068178,-28.155178489757382,424.578414,-25.7634586
25.0,1.981307124396,200.0,372.84586923171133,-16.332088616524032,442.4224503054684,-30.5200611028806,430.475674,-27.4355946
25.0,1.981307124396,210.0,382.96890820405656,-18.267338171585614,450.3584501361324,-32.765870840293964,435.440748,-29.1084638
25.0,1.981307124396,220.0,391.17534438025996,-20.192281250202356,456.2836419052384,-34.808465979531235,439.303935,-30.6912979
25.0,1.981307124396,230.0,398.0062759167432,-22.09543969659556,460.5237222887319,-36.54640524855342,441.845503,-32.1115697
25.0,1.981307124396,240.0,402.66261485260236,-23.870214966782147,462.51199521271406,-37.95262152997922,442.893021,-33.3082878
25.0,1.981307124396,250.0,405.1368272485552,-25.46223140411643,462.4889344038149,-39.02424722681968,442.3798,-34.236153
25.0,1.981307124396,260.0,405.9731720335788,-26.83048072829417,460.5366464856165,-39.722506116519405,440.324775,-34.8644215
25.0,1.981307124396,270.0,405.6613319837161,-27.95902718880913,456.9355796716657,-40.05200699589579,436.809169,-35.1722157
25.0,1.981307124396,280.0,403.92208783255427,-28.785680324771548,451.93450262497646,-40.00752491417085,432.012154,-35.1584951
25.0,1.981307124396,290.0,400.7317261871866,-29.274964488252138,445.7813700128076,-39.59930550472792,426.137667,-34.8299991
25.0,1.981307124396,300.0,396.29511346873045,-29.420068549383558,438.6951301557791,-38.84302329026777,419.424784,-34.2077301
25.0,1.981307124396,310.0,390.8674251733923,-29.234002200272265,430.9064619073556,-37.766565624567725,412.132234,-33.3250007
25.0,1.981307124396,320.0,384.7456755687497,-28.749413114746158,422.5968769921225,-36.39821568382798,404.548909,-32.2299777
25.0,1.981307124396,330.0,378.0498040465224,-27.97053093636535,413.9308493682248,-34.78774637030086,396.989832,-30.9818775
25.0,1.981307124396,340.0,370.9844851216196,-26.931416084515618,405.1601162260668,-33.00336192282924,389.79177,-29.6475346
25.0,1.981307124396,350.0,363.72879657609275,-25.670887972305778,396.5692630127456,-31.12486769761317,383.278221,-28.2919662
25.0,2.038450208578,0.0,368.5911105250013,-25.542021042430648,395.25261199640494,-29.372552595256646,385.928324,-27.4547877
25.0,2.038450208578,10.0,360.8014564857552,-23.80049954458366,387.8017327914928,-27.41527129330657,381.022706,-26.1045355
25.0,2.038450208578,20.0,353.82419196748543,-22.02269235132035,381.4247124295559,-25.609728567902863,377.474246,-24.8867065
25.0,2.038450208578,30.0,347.28638021547664,-20.220388561974573,376.53249236424,-23.952940802662024,375.266345,-23.8166793
25.0,2.038450208578,40.0,340.27088236732556,-18.38442550391031,372.83063523639765,-22.481938062495875,374.24329,-22.894317
25.0,2.038450208578,50.0,333.6422027082933,-16.60987077077008,370.19871574144736,-21.1976169341788,374.223269,-22.1113451
25.0,2.038450208578,60.0,327.25250473615864,-14.91556388995632,368.2232977388129,-20.1284366559114,375.023397,-21.455356
25.0,2.038450208578,70.0,321.5788170899299,-13.382512748331164,367.02953227835087,-19.201525895150027,376.471828,-20.9110536
25.0,2.038450208578,80.0,317.14490542987784,-12.061123864057205,366.5293541715546,-18.417562340231186,378.451407,-20.4684862
25.0,2.038450208578,90.0,313.9348522879746,-10.956778896265492,367.52423364162246,-17.924664881378632,380.857958,-20.1226295
25.0,2.038450208578,100.0,312.33649879706127,-10.109483735842169,368.6119684732464,-17.507359973847898,383.649227,-19.8816404
25.0,2.038450208578,110.0,312.5271750643011,-9.538284298800255,370.76859508542367,-17.336883736618876,386.826085,-19.7615144
25.0,2.038450208578,120.0,314.6372994293964,-9.258763701682449,374.4458648654884,-17.471876418331544,390.471965,-19.7913463
25.0,2.038450208578,130.0,318.72939529980874,-9.283597835222967,379.9725400549698,-17.967996493548494,394.72849,-20.0093729
25.0,2.038450208578,140.0,324.77972615049293,-9.622446996410662,387.4509109533316,-18.87113795576864,399.75311,-20.4568115
25.0,2.038450208578,150.0,332.75655347959537,-10.292832770059382,396.8118205982736,-20.208851758522,405.647164,-21.1688921
25.0,2.038450208578,160.0,342.32599693619915,-11.28094890669366,407.78768125614056,-21.957251720190506,412.386732,-22.167219
25.0,2.038450208578,170.0,353.14226995881404,-12.575051056503932,419.8449316900165,-24.064652116161664,419.769737,-23.4529053
25.0,2.038450208578,180.0,364.75169201553956,-14.150290552591677,431.5378278464712,-26.481508557705805,427.374825,-24.9982215
25.0,2.038450208578,190.0,376.55193930434075,-15.959188930630047,442.6062952406549,-29.023968134339626,434.671142,-26.7374658
25.0,2.038450208578,200.0,388.2001334892186,-17.964483209486584,452.5089306607559,-31.485908040915948,441.238229,-28.5651934
25.0,2.038450208578,210.0,398.58795309990194,-20.053880325973175,460.6627953325001,-33.78560682580612,446.814211,-30.3690186
25.0,2.038450208578,220.0,407.4639842427533,-22.161266282547672,466.6236626369926,-35.82264980809674,451.157845,-32.0502457
25.0,2.038450208578,230.0,414.6303248885726,-24.22850462727215,470.6984132842975,-37.52858585039774,454.003703,-33.533246
25.0,2.038450208578,240.0,419.0909632897437,-26.115990252165403,472.3996108453825,-38.87494589957738,455.188898,-34.758549
25.0,2.038450208578,250.0,421.8075527502813,-27.808626056746654,472.07469635325407,-39.88007537545612,454.676009,-35.6866986
25.0,2.038450208578,260.0,423.26555098169183,-29.280245410685136,469.8255032526858,-40.51005006928397,452.504309,-36.2907821
25.0,2.038450208578,270.0,423.0845817669742,-30.449807077893475,465.9880256394688,-40.782956274609454,448.802262,-36.5578491
25.0,2.038450208578,280.0,421.14122399422445,-31.261749754845813,460.8004512804252,-40.6924150179525,443.77384,-36.4906806
25.0,2.038450208578,290.0,417.6091875314832,-31.694952198187625,454.508180892752,-40.24833239465797,437.627821,-36.0963865
25.0,2.038450208578,300.0,412.92450793920426,-31.76842825445875,447.2973315815586,-39.45866356897119,430.598744,-35.3951348
25.0,2.038450208578,310.0,407.12010627320797,-31.48283976079967,439.357539053321,-38.342188478161496,422.927833,-34.417491
25.0,2.038450208578,320.0,400.232535067004,-30.83147097201937,430.8462561345012,-36.92235124503322,414.89374,-33.2108637
25.0,2.038450208578,330.0,392.58872245150576,-29.85622199489615,421.8834279288512,-35.24221917306733,406.808097,-31.8357563
25.0,2.038450208578,340.0,384.74228874190516,-28.62693245640758,412.7241035846268,-33.36898488772312,399.024268,-30.3637389
25.0,2.038450208578,350.0,376.6851051599985,-27.172371286713403,403.65452825174526,-31.387544617243027,391.904601,-28.8685083
25.0,2.089440498517,0.0,378.5775129624728,-26.54617270558762,395.9396262278301,-28.399580992175107,390.243875,-27.2614925
25.0,2.089440498517,10.0,369.82083221912035,-24.605523980490627,388.1236881083216,-26.405986236362185,384.905818,-25.8106413
25.0,2.089440498517,20.0,362.0939476536937,-22.659760523965918,381.5076891511905,-24.52038576660125,380.963931,-24.5056014
25.0,2.089440498517,30.0,354.86529323522836,-20.711357056770186,376.1732352426627,-22.81180036245198,378.360881,-23.3660725
25.0,2.089440498517,40.0,347.2116082172832,-18.752950314186574,371.96386066933,-21.297070497067576,376.94238,-22.3928111
25.0,2.089440498517,50.0,340.00872452131733,-16.881511493140373,368.6012759444132,-20.03872934088038,376.541093,-21.5766125
25.0,2.089440498517,60.0,333.1179870994717,-15.114810239342535,366.20922865177226,-18.942557383570307,377.00238,-20.9023423
25.0,2.089440498517,70.0,326.9405587615301,-13.51264402141596,364.68222093635313,-18.00245519783336,378.197905,-20.351959
25.0,2.089440498517,80.0,322.2859064866981,-12.168233428108456,363.9060745619006,-17.2260927289183,380.018072,-19.9149257
25.0,2.089440498517,90.0,319.04295061319255,-11.066657743456387,364.7105614851192,-16.764034430620942,382.35181,-19.584489
25.0,2.089440498517,100.0,317.5902032129622,-10.244602534402608,365.77455630984986,-16.38772346903544,385.154777,-19.3679815
25.0,2.089440498517,110.0,318.1030892757615,-9.719524715158505,368.1235787690459,-16.26583196695241,388.437933,-19.2826572
25.0,2.089440498517,120.0,320.70454335286166,-9.506069333225236,372.1847536753687,-16.468325009642953,392.290297,-19.3583187
25.0,2.089440498517,130.0,325.44402487359434,-9.616633779961276,378.29004054334047,-17.05078153083808,396.871904,-19.6358557
25.0,2.089440498517,140.0,332.2793065022697,-10.061075769023919,386.59813691031104,-18.05261357438445,402.339863,-20.1569224
25.0,2.089440498517,150.0,341.06393438553454,-10.84533245814074,396.9411063919338,-19.49999952645046,408.806487,-20.9594505
25.0,2.089440498517,160.0,351.5428367245282,-11.96896214723458,408.8488986729226,-21.376481342748217,416.236031,-22.0656905
25.0,2.089440498517,170.0,363.3576843634217,-13.42192200678764,421.7446202037893,-23.596812741099445,424.393558,-23.4752416
25.0,2.089440498517,180.0,375.92265022326313,-15.168720080513314,434.2958894420229,-26.07654083656171,432.777869,-25.1519429
25.0,2.089440498517,190.0,388.77135976079774,-17.17307701140627,445.7601089696022,-28.66358288974881,440.734977,-27.0141326
25.0,2.089440498517,200.0,401.3509832980226,-19.378550307352487,455.6820538758372,-31.1377616961088,447.813541,-28.9457446
25.0,2.089440498517,210.0,412.197841683323,-21.637956808132675,463.70319083649946,-33.37577771219131,453.75879,-30.827527
25.0,2.089440498517,220.0,421.859927834866,-23.939896843355985,469.3067332939245,-35.3238524437213,458.31246,-32.5529521
25.0,2.089440498517,230.0,428.729841048139,-26.119013278410595,472.8220119063324,-36.92618449193123,461.206472,-34.0455678
25.0,2.089440498517,240.0,433.5989870744241,-28.139538022363475,474.0549505807385,-38.14350531654315,462.315655,-35.2536967
25.0,2.089440498517,250.0,436.9851360813188,-29.96409151251171,473.3269344285857,-39.03443663389019,461.646183,-36.1466274
25.0,2.089440498517,260.0,438.80803052668233,-31.5225745398657,470.7748879658299,-39.57259501157109,459.288955,-36.7078686
25.0,2.089440498517,270.0,438.60158623411905,-32.720556309829234,466.7751714340258,-39.7857854208708,455.407566,-36.9319805
25.0,2.089440498517,280.0,436.6313152511872,-33.530359587342744,461.52010729406544,-39.66721167717605,450.222266,-36.8254694
25.0,2.089440498517,290.0,433.2507616658594,-33.94690202926572,455.2558537685645,-39.226026441335925,443.940902,-36.3955623
25.0,2.089440498517,300.0,428.2492185729897,-33.94434624643825,448.1376938202655,-38.46045594958514,436.780754,-35.6587871
25.0,2.089440498517,310.0,421.7769779268396,-33.51373860892628,440.2935111992092,-37.379060790166925,428.953834,-34.639444
25.0,2.089440498517,320.0,414.11410717667997,-32.68663825108708,431.84626894316426,-35.9963161762503,420.708425,-33.3784104
25.0,2.089440498517,330.0,405.5371710127966,-31.506989935130612,422.8930072500554,-34.33921059752276,412.338536,-31.9325574
25.0,2.089440498517,340.0,396.4605051005964,-30.04057706265014,413.66322262353873,-32.47656558488834,404.197431,-30.3733599
25.0,2.089440498517,350.0,387.54145631544077,-28.379206771878625,404.4965219717715,-30.46942178425388,396.664896,-28.7794415
25.0,2.133889927319,0.0,384.18675090662464,-27.168903153950954,387.88508797472514,-26.13626661829037,388.912562,-26.4397374
25.0,2.133889927319,10.0,374.53117653016756,-25.039671600878894,380.2348906156825,-24.15822159907655,383.45261,-24.9547746
25.0,2.133889927319,20.0,366.06875366522877,-22.93443264362182,373.5094856983812,-22.297051382441392,379.243646,-23.6046898
25.0,2.133889927319,30.0,358.15962546091777,-20.850017211821353,367.7669397066352,-20.64708808946902,376.233409,-22.4178387
25.0,2.133889927319,40.0,349.79110597083957,-18.776440629292544,362.9477687198552,-19.224561621580914,374.313217,-21.4019293
25.0,2.133889927319,50.0,342.02717622826543,-16.822014670127068,359.2240844378354,-17.97696951695494,373.39226,-20.5518226
25.0,2.133889927319,60.0,334.57415505114636,-14.992380949497678,356.47797590106666,-16.90247328445756,373.407181,-19.8535825
25.0,2.133889927319,70.0,328.09549325437683,-13.364003892303467,354.5536662881803,-16.010477888301235,374.267115,-19.2930557
25.0,2.133889927319,80.0,323.11784113456616,-11.993889571880528,353.5081136046542,-15.277539438140252,375.837926,-18.8547064
25.0,2.133889927319,90.0,319.8709077875984,-10.909247194164116,354.218761168418,-14.84336921537112,378.021674,-18.5336547
25.0,2.133889927319,100.0,318.59067936836647,-10.124638082367175,355.3018561471831,-14.506814193939569,380.769188,-18.3358656
25.0,2.133889927319,110.0,319.44717681826296,-9.655378599854458,357.79558001774177,-14.42982378964524,384.096082,-18.2788129
25.0,2.133889927319,120.0,322.5518296526016,-9.514737868072283,362.1266937175759,-14.679283019731711,388.099164,-18.3928802
25.0,2.133889927319,130.0,327.93703642439715,-9.714513302224864,368.62464469663377,-15.309121326431388,392.949718,-18.7201274
25.0,2.133889927319,140.0,335.53875801368844,-10.26455048130191,377.4375897475668,-16.35761475663651,398.82727,-19.3053186
25.0,2.133889927319,150.0,345.1849560807237,-11.171008657664663,388.4243753633153,-17.83190372658198,405.844782,-20.1869214
25.0,2.133889927319,160.0,356.59226975038536,-12.433444425567178,400.9948529865508,-19.7080486361336,413.954515,-21.38647
25.0,2.133889927319,170.0,369.37246928807775,-14.041105372106479,414.2503360489686,-21.91663814527908,422.86466,-22.8967214
25.0,2.133889927319,180.0,382.8267869503873,-15.949041280923582,427.2839633209475,-24.28559875776984,431.968751,-24.6659714
25.0,2.133889927319,190.0,396.60747510215447,-18.130726038781216,438.7605420901557,-26.75526994071436,440.449318,-26.5938752
25.0,2.133889927319,200.0,409.60277152806077,-20.483362988075672,448.26208462225367,-29.10478188942384,447.760116,-28.5516366
25.0,2.133889927319,210.0,421.1969672253204,-22.91701481771933,455.6512386951506,-31.195750740546817,453.648702,-30.4143475
25.0,2.133889927319,220.0,431.02227225934234,-25.356295738170274,460.6709069648602,-32.93992801874371,457.968756,-32.0860078
25.0,2.133889927319,230.0,438.12570997432687,-27.662395933527396,463.41102620626793,-34.37985042666178,460.534376,-33.5021478
25.0,2.133889927319,240.0,443.45615082413275,-29.808348233214378,463.9429286366198,-35.47355521536152,461.278491,-34.6238237
25.0,2.133889927319,250.0,447.61504151037497,-31.764437318400688,462.818195345996,-36.22099583097424,460.270873,-35.433655
25.0,2.133889927319,260.0,449.5798861300665,-33.384475345675696,460.0198202134136,-36.6569573407486,457.656872,-35.9264871
25.0,2.133889927319,270.0,449.6011500060854,-34.624380125244805,455.954038813086,-36.818045434700274,453.621475,-36.1032822
25.0,2.133889927319,280.0,448.010392608657,-35.461732108812946,450.7881685914208,-36.69348417721549,448.377763,-35.9707974
25.0,2.133889927319,290.0,444.36750037966056,-35.82874475153521,444.7507364326594,-36.29134378433696,442.129397,-35.5366192
25.0,2.133889927319,300.0,438.88183928696486,-35.71818849494077,437.95486501005104,-35.60347584488304,435.06365,-34.8109845
25.0,2.133889927319,310.0,431.79941823489554,-35.143156359869515,430.49709439388033,-34.627329045417895,427.368018,-33.8122222
25.0,2.133889927319,320.0,423.4167265129503,-34.14181364393075,422.4600204865886,-33.36792895728297,419.259963,-32.5732016
25.0,2.133889927319,330.0,414.03007614442873,-32.76625496796777,413.8914516067513,-31.84031111330331,411.006134,-31.1430433
25.0,2.133889927319,340.0,403.9229158188043,-31.078429524819427,405.1392327244893,-30.057526726706023,402.938547,-29.5885189
25.0,2.133889927319,350.0,393.9929484977939,-29.19891922847512,396.3561566145258,-28.11362857740172,395.410075,-27.9844514
25.0,2.171460207989,0.0,377.24788576449765,-27.253350123895753,363.7032807585131,-22.65819113126732,383.023228,-26.8735113
25.0,2.171460207989,10.0,367.25907180250016,-25.030227200377958,356.5329054602159,-20.865099758835782,377.470784,-25.376851
25.0,2.171460207989,20.0,358.2698457997386,-22.835557520298664,349.83071156226214,-19.22133339529221,373.236577,-24.0218646
25.0,2.171460207989,30.0,350.12536802729784,-20.701090917355568,343.9739564779291,-17.738944574405494,370.26978,-22.8307764
25.0,2.171460207989,40.0,341.83643289277387,-18.612721512835627,339.11973427419935,-16.410396223100932,368.429164,-21.8089924
25.0,2.171460207989,50.0,333.9686957711698,-16.65008693065152,335.1785154872365,-15.2725607759436,367.560936,-20.9490669
25.0,2.171460207989,60.0,326.6580544397998,-14.844032578839789,332.1895030373012,-14.291818203694428,367.542555,-20.2379625
25.0,2.171460207989,70.0,320.28392250002383,-13.247094356747036,330.16928079794195,-13.468058907611184,368.312252,-19.6654977
25.0,2.171460207989,80.0,315.4791772571111,-11.917518189873796,329.0414714999509,-12.79743182190591,369.793447,-19.2233689
25.0,2.171460207989,90.0,312.3359478638016,-10.865841108540305,329.67191024592205,-12.4109539620662,371.907629,-18.9074548
25.0,2.171460207989,100.0,311.32632141783205,-10.137171087301152,330.7395999309363,-12.125436974397866,374.632476,-18.7263642
25.0,2.171460207989,110.0,312.5691142390322,-9.738997078967003,333.26150452457875,-12.087480342411672,378.011507,-18.7009665
25.0,2.171460207989,120.0,316.099878877734,-9.67550804672713,337.6504822319906,-12.358448107228936,382.152612,-18.8632598
25.0,2.171460207989,130.0,321.92845866247416,-9.9574731345323,344.21199109494506,-12.987005036543986,387.238384,-19.2582623
25.0,2.171460207989,140.0,329.9685088245979,-10.594019600354857,353.0412978026613,-14.008215153766663,393.429473,-19.9306112
25.0,2.171460207989,150.0,340.0279040304278,-11.590637405216526,363.9512579646232,-15.422291146199877,400.796511,-20.9171912
25.0,2.171460207989,160.0,351.8070564187237,-12.946010815515184,376.3800159847171,-17.18304276190469,409.178373,-22.2276693
25.0,2.171460207989,170.0,364.7840819566397,-14.63723841285401,389.33050627735565,-19.204567341034167,418.117087,-23.8328981
25.0,2.171460207989,180.0,378.4894150811481,-16.637627709821608,401.7672315942828,-21.37560738684916,426.886075,-25.654571
25.0,2.171460207989,190.0,392.4059886215814,-18.904974777875886,412.7716636423318,-23.496609035199626,434.936338,-27.5866334
25.0,2.171460207989,200.0,404.949788234067,-21.294078373584313,421.4053133590674,-25.53135598221519,441.960036,-29.5124284
25.0,2.171460207989,210.0,416.64123364576795,-23.799425203073408,427.7426213398331,-27.34337369487788,447.726339,-31.3239305
25.0,2.171460207989,220.0,425.5457562803738,-26.237845921614415,431.7132424440175,-28.85678728663787,451.910437,-32.9321403
25.0,2.171460207989,230.0,432.7041512484084,-28.58497216314959,433.7041539512523,-30.033173163511805,454.327006,-34.2810542
25.0,2.171460207989,240.0,438.78400825113897,-30.81156891356955,433.6952389770084,-30.91307868565228,454.934711,-35.3364566
25.0,2.171460207989,250.0,442.929496769315,-32.77973692206373,432.0931461053986,-31.538149984355822,453.824239,-36.0872084
25.0,2.171460207989,260.0,445.1768972061182,-34.41984630683251,429.0842464059683,-31.900119363090493,451.152899,-36.5310159
25.0,2.171460207989,270.0,445.7807737664626,-35.69373828454999,425.0692276170027,-32.039012352356686,447.122585,-36.6712132
25.0,2.171460207989,280.0,444.10305744175804,-36.49546300818084,420.1793521742788,-31.939110022423407,441.956989,-36.5164954
25.0,2.171460207989,290.0,440.27389413663605,-36.79169641230196,414.6296561823715,-31.60756017177896,435.840177,-36.0702993
25.0,2.171460207989,300.0,434.5322009257633,-36.58362295403236,408.5058746203874,-31.03111342994101,428.940417,-35.3393204
25.0,2.171460207989,310.0,427.1568259573236,-35.894834373122904,401.8740598334803,-30.19981219903917,421.416532,-34.3370191
25.0,2.171460207989,320.0,418.4465333181205,-34.767955842451144,394.77959087476046,-29.109446806536635,413.443543,-33.0894642
25.0,2.171460207989,330.0,408.70316410316485,-33.26048533010563,387.2306346588619,-27.76408343113856,405.257208,-31.6428571
25.0,2.171460207989,340.0,398.21909881149804,-31.440367694774125,379.3520384224096,-26.206757847520667,397.17802,-30.0642875
25.0,2.171460207989,350.0,387.3914238339635,-29.392023861829557,371.36466139624576,-24.480471586754955,389.594861,-28.4360753
25.0,2.201865408009,0.0,333.06148268253526,-25.574546545290964,317.46368255364206,-20.60097602377388,355.051268,-28.9604099
25.0,2.201865408009,10.0,324.4219214471496,-23.589822040532784,311.3144632782239,-19.02831162231501,348.712109,-27.3158459
25.0,2.201865408009,20.0,316.27526617709066,-21.612028828883954,305.6031037150053,-17.506693764396548,343.669856,-25.8502646
25.0,2.201865408009,30.0,309.2227621689607,-19.724928306388257,300.34448285576246,-16.16483441116395,340.078956,-24.5944276
25.0,2.201865408009,40.0,303.1431502043144,-17.952059857226754,295.9304850222317,-14.958623167950272,337.913549,-23.5505391
25.0,2.201865408009,50.0,297.2075341621687,-16.27396945630819,292.3994642959689,-13.904328402791094,337.044922,-22.703037
25.0,2.201865408009,60.0,291.8291845757111,-14.747517880562965,289.6012803075943,-13.012818226210108,337.302949,-22.0323839
25.0,2.201865408009,70.0,287.39259135334356,-13.414213395786545,287.72209654320403,-12.273960627723374,338.453699,-21.5139347
25.0,2.201865408009,80.0,283.87576593348507,-12.287071458213878,286.653071818286,-11.676631872713097,340.310025,-21.1332168
25.0,2.201865408009,90.0,281.94192807749016,-11.42291293552598,287.1975991320251,-11.342749589278808,342.72987,-20.8822933
25.0,2.201865408009,100.0,281.733515879111,-10.83624306761734,288.1981959927634,-11.10737189844867,345.653273,-20.7682424
25.0,2.201865408009,110.0,283.3119104058641,-10.535270071609393,290.55018030526526,-11.105061356802516,349.097644,-20.8120598
25.0,2.201865408009,120.0,286.79073102015366,-10.535581832273337,294.61311168318497,-11.390708159041004,353.149894,-21.0477061
25.0,2.201865408009,130.0,292.17372291566016,-10.847370374997022,300.6455024283808,-12.008109370915289,357.935569,-21.5184597
25.0,2.201865408009,140.0,299.35469981535755,-11.475835338150185,308.717242865478,-12.98323923565142,363.553903,-22.266317
25.0,2.201865408009,150.0,308.07897154812014,-12.416382207681043,318.6091377093105,-14.31020839909166,370.028461,-23.3208171
25.0,2.201865408009,160.0,318.13005115951313,-13.668229692385049,329.7335152347467,-15.94104644946823,377.298197,-24.6879461
25.0,2.201865408009,170.0,329.16745215245413,-15.21670378728479,341.04338991470104,-17.800675806664383,385.283442,-26.3491956
25.0,2.201865408009,180.0,340.33787970204884,-16.999731324076446,351.8698375062783,-19.73766560072792,393.782389,-28.2528884
25.0,2.201865408009,190.0,351.18454997654624,-18.96891470426155,361.0549899636319,-21.648957207938206,402.323262,-30.302886
25.0,2.201865408009,200.0,361.39493093284284,-21.07969275148025,368.14715813288313,-23.390798049028195,410.235098,-32.3619533
25.0,2.201865408009,210.0,369.7314530460074,-23.206688436497394,373.19230530540113,-24.891566614760908,416.809088,-34.2882234
25.0,2.201865408009,220.0,376.9901606176652,-25.33410565151503,376.3176701207829,-26.07875600327233,421.527895,-35.9695178
25.0,2.201865408009,230.0,383.6730514915355,-27.439074027389385,377.59347762691885,-27.00925992934279,424.196052,-37.3435894
25.0,2.201865408009,240.0,388.6743049797027,-29.374678207011506,377.2127733450489,-27.692562993218505,424.819331,-38.3799265
25.0,2.201865408009,250.0,392.6728549580216,-31.13241236442058,375.5025720009335,-28.159799396057966,423.597803,-39.0798899
25.0,2.201865408009,260.0,394.82856822753587,-32.57904189165412,372.6654346526793,-28.414238846750106,420.82559,-39.459326
25.0,2.201865408009,270.0,394.9400090225014,-33.63828058134378,369.1295104235039,-28.480549241013943,416.804065,-39.5340676
25.0,2.201865408009,280.0,393.0271366673888,-34.26211163553202,364.9093369153956,-28.36571677573692,411.822006,-39.3204281
25.0,2.201865408009,290.0,389.32125171416544,-34.44210850965582,360.1925673364417,-28.079814555675327,406.103077,-38.8265526
25.0,2.201865408009,300.0,384.05148392290977,-34.184358906474486,355.02837665026294,-27.6070348799758,399.798227,-38.056325
25.0,2.201865408009,310.0,377.4566112687378,-33.51111913859998,349.4681608768678,-26.938373533971344,392.986077,-37.0130398
25.0,2.201865408009,320.0,369.78129389192463,-32.45833419542626,343.5485886487643,-26.054582934972853,385.706379,-35.7095975
25.0,2.201865408009,330.0,361.28740111740285,-31.07812137396009,337.31790502641746,-24.936635301301948,378.015533,-34.1763678
25.0,2.201865408009,340.0,352.1514606146811,-29.4226873305846,330.7641003086035,-23.62098465452929,370.079682,-32.4731353
25.0,2.201865408009,350.0,342.6626973713527,-27.564752331350896,324.0174079838964,-22.156360513088483,362.223582,-30.6879012
25.0,2.224874125444,0.0,246.94596493116728,-20.7527985712528,241.2272158327316,-18.27094581847476,277.083637,-26.8840888
25.0,2.224874125444,10.0,240.75435082350663,-19.318427972874556,236.79465739262065,-17.091542590690047,272.193027,-25.3748385
25.0,2.224874125444,20.0,234.87148998594495,-17.8869802366805,232.5639835110991,-15.919567025132238,267.783353,-23.9923236
25.0,2.224874125444,30.0,230.09473825727406,-16.552699617449182,228.8263654121952,-14.788189013651028,264.214956,-22.791791
25.0,2.224874125444,40.0,225.86529842211354,-15.291081141174827,225.70366232657125,-13.743074021037671,261.668709,-21.7913023
25.0,2.224874125444,50.0,222.70272411312598,-14.16129784435369,223.2212818721574,-12.82425760592404,260.147866,-20.9821368
25.0,2.224874125444,60.0,220.360684573061,-13.161650624166246,221.17478137722483,-12.06614721842884,259.569146,-20.3459425
25.0,2.224874125444,70.0,218.58233938266977,-12.2926754665417,219.8393969973849,-11.445687445899884,259.823739,-19.8651744
25.0,2.224874125444,80.0,217.3178925786853,-11.567534155855421,219.12597484326508,-10.949761688720168,260.791314,-19.5249044
25.0,2.224874125444,90.0,217.05768685510395,-11.025133529919843,219.62832750448052,-10.68273522218856,262.371811,-19.3185982
25.0,2.224874125444,100.0,217.85657295757252,-10.676585082115437,220.49930271714567,-10.508683467885785,264.502353,-19.2492698
25.0,2.224874125444,110.0,219.74098979674977,-10.530450827648112,222.4103587037885,-10.540462082152288,267.182873,-19.3335093
25.0,2.224874125444,120.0,222.6592209622488,-10.589766181404887,225.66872233169087,-10.822725558969312,270.484452,-19.6020179
25.0,2.224874125444,130.0,226.72706209623345,-10.87067030607177,230.39189254180584,-11.396347615607814,274.535229,-20.0955327
25.0,2.224874125444,140.0,231.69240311886256,-11.362100576766101,236.61287239315723,-12.27653038759234,279.491681,-20.8580929
25.0,2.224874125444,150.0,237.47744152209248,-12.065349093576978,244.14456922963208,-13.45254316008623,285.481181,-21.9258719
25.0,2.224874125444,160.0,243.90430057540522,-12.972045483368605,252.40281950759103,-14.889411042077386,292.497706,-23.3085785
25.0,2.224874125444,170.0,250.75620192447164,-14.066845393913162,260.627095157449,-16.510554367580742,300.28645,-24.9720654
25.0,2.224874125444,180.0,257.35730600193295,-15.30038465644684,268.35393967576925,-18.150318422744025,308.341423,-26.8368065
25.0,2.224874125444,190.0,263.5039007062461,-16.64001102190642,274.9607149937965,-19.63017544138353,315.912242,-28.774692
25.0,2.224874125444,200.0,269.27780021014615,-18.062935810672432,279.9365029223109,-20.90494897503998,322.129779,-30.6237903
25.0,2.224874125444,210.0,275.0104667477406,-19.56448423997386,283.3673924935429,-21.94567916198256,326.446283,-32.2535192
25.0,2.224874125444,220.0,279.91712550452684,-21.051078316077824,285.3135937168567,-22.74571925717289,328.952271,-33.6175525
25.0,2.224874125444,230.0,284.3928657794757,-22.5161615024519,285.8699102532103,-23.343555933174525,329.903753,-34.7062205
25.0,2.224874125444,240.0,287.8899239765097,-23.871662312851498,285.2359428584162,-23.75629557700292,329.466877,-35.5057102
25.0,2.224874125444,250.0,290.0615929850541,-25.040612974112896,283.6685929165105,-24.01339142646288,327.783015,-36.0095666
25.0,2.224874125444,260.0,290.81226165269663,-25.967963041280978,281.3188938648493,-24.119631411228777,325.069777,-36.2346461
25.0,2.224874125444,270.0,290.2535248839432,-26.628907144607336,278.48124210891825,-24.11707203113413,321.568714,-36.2069521
25.0,2.224874125444,280.0,288.4547024358173,-26.999627684771,275.2259397503637,-23.991378967108016,317.511426,-35.9534907
25.0,2.224874125444,290.0,285.5272820890665,-27.069951228759344,271.69312997893616,-23.74981935254568,313.080065,-35.4909672
25.0,2.224874125444,300.0,281.52130098684785,-26.832383389070507,267.92722280680044,-23.38147470509861,308.389745,-34.823273
25.0,2.224874125444,310.0,276.84466694581545,-26.331224320585925,263.9592563834364,-22.876813555550267,303.485428,-33.942873
25.0,2.224874125444,320.0,271.50290322124846,-25.573306717672015,259.7920562472077,-22.2256877286877,298.352708,-32.8365137
25.0,2.224874125444,330.0,265.65694204128937,-24.591869878425452,255.38524374673992,-21.42129692932369,292.991615,-31.5089261
25.0,2.224874125444,340.0,259.51654035345655,-23.43238102241834,250.75029373651537,-20.47030885786561,287.507469,-30.0081437
25.0,2.224874125444,350.0,253.24465809727474,-22.139370580237472,245.9610709093621,-19.402964204487173,282.136314,-28.4297517
25.0,2.240311250063,0.0,145.93561964485286,-13.37457886397091,180.4660437750521,-23.50919983822457,175.486685,-21.5511895
25.0,2.240311250063,10.0,142.90385720800944,-12.614300666776131,179.7189554268042,-22.36868270189433,174.630245,-20.8543055
25.0,2.240311250063,20.0,140.06638949383495,-11.854082370206035,178.39285540131314,-21.23036348558338,173.617429,-20.1490833
25.0,2.240311250063,30.0,137.45742092588665,-11.111805840105955,176.4597476342501,-20.142428948599065,172.684896,-19.4712089
25.0,2.240311250063,40.0,135.17705685420668,-10.412136108752879,174.55046673306057,-19.10944691579908,172.032195,-18.8520394
25.0,2.240311250063,50.0,133.57204528937234,-9.795975308738303,172.9279967777766,-18.17880181595186,171.781134,-18.3263625
25.0,2.240311250063,60.0,132.45808530437643,-9.256406843705097,171.6328137790948,-17.37530395710359,171.971231,-17.9101591
25.0,2.240311250063,70.0,131.8122242578757,-8.800032047687331,170.81565983075205,-16.72443914633575,172.580233,-17.6036788
25.0,2.240311250063,80.0,131.84318937629587,-8.449134861900545,170.49186295930167,-16.225591493207563,173.538954,-17.3974133
25.0,2.240311250063,90.0,132.3505135719198,-8.195362892469172,170.9544948337922,-15.995057601997088,174.799883,-17.2876755
25.0,2.240311250063,100.0,133.33824633374533,-8.044983789012388,171.75177971800292,-15.876865121355898,176.355476,-17.2811569
25.0,2.240311250063,110.0,134.79777027025094,-8.002658328938534,173.38160851867892,-15.99100443068489,178.238827,-17.3953065
25.0,2.240311250063,120.0,136.7054940128087,-8.07136382548113,176.07419090219403,-16.396853552436912,180.509012,-17.6557313
25.0,2.240311250063,130.0,139.02102005530216,-8.252180414895582,179.936664456199,-17.13339277977837,183.229098,-18.0926932
25.0,2.240311250063,140.0,141.68616260745455,-8.543939797477195,184.73747827023465,-18.227759370306515,186.422706,-18.7313396
25.0,2.240311250063,150.0,144.6251361901391,-8.94276808292883,190.49806333736603,-19.66191856648952,190.051396,-19.583566
25.0,2.240311250063,160.0,147.74263785092361,-9.440831030647026,196.5831437160232,-21.3381471654661,194.023409,-20.6420506
25.0,2.240311250063,170.0,150.93742851186798,-10.028140710479882,202.4969193871113,-23.128476726608096,198.064663,-21.8431317
25.0,2.240311250063,180.0,154.30754121045862,-10.706326517215391,207.3698256639809,-24.82645178549544,201.666183,-23.0489375
25.0,2.240311250063,190.0,157.59310400540602,-11.447450369926255,210.01557169024468,-26.344410514958525,204.278369,-24.1205131
25.0,2.240311250063,200.0,160.6299493916696,-12.225884798804637,210.81850583521805,-27.59655221249149,205.509281,-24.9821007
25.0,2.240311250063,210.0,163.69282058825215,-13.049782718801655,210.37022508766327,-28.529637289645063,205.352462,-25.6089741
25.0,2.240311250063,220.0,166.3029532331171,-13.860111268654038,209.13356931344515,-29.17943699393012,204.128091,-26.0171472
25.0,2.240311250063,230.0,168.3243633151274,-14.622525446659408,207.3181540857924,-29.585663755593824,202.150539,-26.238288
25.0,2.240311250063,240.0,169.67117057284943,-15.304923552613758,205.0374868593532,-29.80248551812396,199.671645,-26.3068096
25.0,2.240311250063,250.0,170.35111000786318,-15.886247518421525,202.44220162031988,-29.834810695301865,196.888114,-26.2538681
25.0,2.240311250063,260.0,170.19672380428835,-16.325179876598234,199.63157096104388,-29.73238814748288,193.953934,-26.1041721
25.0,2.240311250063,270.0,169.18463846234013,-16.598323730164502,196.7436564628341,-29.540220400772807,190.990236,-25.8755864
25.0,2.240311250063,280.0,167.65567046072206,-16.72985172666696,193.87786425224024,-29.25524985512615,188.105813,-25.581989
25.0,2.240311250063,290.0,165.67784587867365,-16.716898338705878,191.14499370605745,-28.880710130642463,185.400201,-25.2331515
25.0,2.240311250063,300.0,163.33138308924643,-16.562635185250258,188.60892822354705,-28.432669558673933,182.959756,-24.8354781
25.0,2.240311250063,310.0,160.70387630058443,-16.275760907765523,186.35545798087364,-27.88947431371335,180.854581,-24.3926574
25.0,2.240311250063,320.0,157.8857586931272,-15.869693167539248,184.4323716052568,-27.25212811869592,179.137412,-23.9074375
25.0,2.240311250063,330.0,154.96638493251453,-15.36156848865349,182.8750191401331,-26.50594486092147,177.832938,-23.382447
25.0,2.240311250063,340.0,152.0309643970557,-14.771158291972974,181.7172957084018,-25.60735374186532,176.891197,-22.8155624
25.0,2.240311250063,350.0,149.11141575283554,-14.114343184100791,180.9548042647196,-24.600100697439085,176.170466,-22.2013229
25.0,2.248059296027,0.0,48.5725150179776,-4.971813522171845,58.85119556501369,-9.522938160016006,55.7018157,-7.35895725
25.0,2.248059296027,10.0,47.95215552254144,-4.781183316711126,58.67221461314645,-9.293438199575514,55.8186058,-7.19196164
25.0,2.248059296027,20.0,47.42367025215485,-4.591399355950477,58.64329679577373,-9.130560853607244,55.9848395,-7.03242253
25.0,2.248059296027,30.0,46.94188274851692,-4.40109474887312,58.8038327230679,-9.000550988486417,56.160539,-6.88214964
25.0,2.248059296027,40.0,46.481558540055104,-4.211713972228996,59.148935298048514,-8.87438654797628,56.3305038,-6.74429684
25.0,2.248059296027,50.0,46.13965647771577,-4.038234746708686,59.66672369212987,-8.731961435837723,56.5120051,-6.62282112
25.0,2.248059296027,60.0,45.923306637569844,-3.885055691927182,60.27367852543881,-8.609067405648547,56.743424,-6.52126933
25.0,2.248059296027,70.0,45.83702550108958,-3.755500170897799,60.9418802800237,-8.519510560206603,57.0458742,-6.44190247
25.0,2.248059296027,80.0,45.89367442330345,-3.6533778826958523,61.64358108062573,-8.463007840720415,57.4271374,-6.38705298
25.0,2.248059296027,90.0,46.09620031376849,-3.581224195503019,62.37655604657856,-8.472816021281611,57.8900121,-6.36064631
25.0,2.248059296027,100.0,46.446335740250575,-3.54115376692113,63.08408290914817,-8.509543589302124,58.4386997,-6.36793407
25.0,2.248059296027,110.0,46.96753165852414,-3.5368205349605684,63.77022806824045,-8.601033206675082,59.0825854,-6.41593132
25.0,2.248059296027,120.0,47.603650627019995,-3.564924267896581,64.43676170211019,-8.761794970862333,59.8371018,-6.51362921
25.0,2.248059296027,130.0,48.33955865822098,-3.625386365501701,65.09076480514277,-9.00073012479338,60.7185439,-6.67058091
25.0,2.248059296027,140.0,49.15560234413389,-3.717350348646634,65.73954923485381,-9.319601147762835,61.7275256,-6.89222563
25.0,2.248059296027,150.0,50.043528079242506,-3.840432137101116,66.37619887576574,-9.703331474533202,62.8230425,-7.17237532
25.0,2.248059296027,160.0,51.00152717784783,-3.9942719711671684,66.98479514099368,-10.108271178424795,63.9008906,-7.49025978
25.0,2.248059296027,170.0,51.97309699905175,-4.173125825283062,67.64401386046758,-10.437600818476492,64.7933615,-7.81550798
25.0,2.248059296027,180.0,52.92394951624784,-4.372240217121259,68.25038044234462,-10.711955199411,65.3353641,-8.11558462
25.0,2.248059296027,190.0,53.81929670918039,-4.585844163355471,68.71411481553868,-11.000780843925698,65.502437,-8.36873638
25.0,2.248059296027,200.0,54.611398922620644,-4.8054240869384515,68.92970371046749,-11.260862603364446,65.356463,-8.56652865
25.0,2.248059296027,210.0,55.28051470591334,-5.024946536978584,68.80038664453488,-11.454602673861496,64.9824114,-8.71147208
25.0,2.248059296027,220.0,55.8045703586437,-5.237159693309514,68.38215000348053,-11.575905495203054,64.4427832,-8.80847821
25.0,2.248059296027,230.0,56.06805366294046,-5.423037940318088,67.77001695619063,-11.633457419898214,63.7635926,-8.86035622
25.0,2.248059296027,240.0,56.104147816521206,-5.580001584710415,67.00965838350623,-11.635344315587782,62.9722068,-8.87136319
25.0,2.248059296027,250.0,55.975058382023406,-5.7094527934174915,66.28371557796329,-11.608854509030758,62.0999011,-8.84668042
25.0,2.248059296027,260.0,55.681189271747954,-5.805634233276603,65.46179754512417,-11.54186300460534,61.1812513,-8.79182704
25.0,2.248059296027,270.0,55.19467098682683,-5.858075658105858,64.58180815886966,-11.44252509946054,60.251677,-8.71196957
25.0,2.248059296027,280.0,54.593757446392196,-5.875304418587788,63.67697522220353,-11.31416139510255,59.3456069,-8.61176598
25.0,2.248059296027,290.0,53.90131862996446,-5.857237287050504,62.77773463150936,-11.159669685779546,58.4944563,-8.49441957
25.0,2.248059296027,300.0,53.14252604352475,-5.805149854350865,61.90766928993481,-10.980144037331778,57.7253945,-8.36218505
25.0,2.248059296027,310.0,52.34458821865928,-5.721865141379531,61.08360003844607,-10.775174266059892,57.0601283,-8.2162015
25.0,2.248059296027,320.0,51.533871542214236,-5.6109830739804405,60.31805020587317,-10.544289396195287,56.5148592,-8.0573916
25.0,2.248059296027,330.0,50.73387006543658,-5.476313857485673,59.72051194684561,-10.298805514065664,56.1007379,-7.88750326
25.0,2.248059296027,340.0,49.9675073102346,-5.322664459458028,59.34970017728884,-10.045683285630128,55.825653,-7.71019231
25.0,2.248059296027,350.0,49.255204359263544,-5.155148458589421,59.1013832203031,-9.78300819991153,55.6931531,-7.5307844
30.0,0.211940703974,0.0,2.6901253899407758,0.6698281285408105,6.089553052924233,1.6182363179964288,6.75641562,1.59134515
30.0,0.211940703974,10.0,2.784321307668196,0.7033354552544783,6.181682521545949,1.7907798950614608,6.85348924,1.75551165
30.0,0.211940703974,20.0,2.8891748767398786,0.7873434547266698,6.312576580938617,2.0661776285473263,6.98529955,2.02572032
30.0,0.211940703974,30.0,3.0039368381392935,0.9230465328352616,6.483355373054866,2.446157332206152,7.15655971,2.40377311
30.0,0.211940703974,40.0,3.128423741523851,1.1109908471576673,6.698940186350111,2.932614696533531,7.37306233,2.89107967
30.0,0.211940703974,50.0,3.262364839826705,1.3508545903531484,6.96277840917983,3.527789338180856,7.63642886,3.48859002
30.0,0.211940703974,60.0,3.404639416436325,1.6410555351044784,7.274252680986149,4.230987806303359,7.94544619,4.19617482
30.0,0.211940703974,70.0,3.5526447700297905,1.9781491384851355,7.617340347037334,5.034398748801578,8.29861251,5.0086651
30.0,0.211940703974,80.0,3.7020172133346487,2.356146938600662,7.981967049877383,5.926133167224296,8.67550964,5.91213159
30.0,0.211940703974,90.0,3.8468054848236566,2.7659926706812237,8.359624980683584,6.8831194025402285,9.08503025,6.89063592
30.0,0.211940703974,100.0,3.9800365506504884,3.1954152962335245,8.715102319571097,7.867683879023642,9.50848011,7.9159727
30.0,0.211940703974,110.0,4.0945063052075925,3.629260764510153,9.073757974352953,8.845029542329803,9.87016768,8.92447271
30.0,0.211940703974,120.0,4.183606653306013,4.0502692821153685,9.35453410075594,9.742836900557274,10.1841643,9.87841259
30.0,0.211940703974,130.0,4.242040186684917,4.440174528649054,9.5653777779264,10.544242090295183,10.43844,10.7299426
30.0,0.211940703974,140.0,4.266331965108786,4.780968972204612,9.70206751547436,11.18518754657981,10.6222095,11.432534
30.0,0.211940703974,150.0,4.255099168297096,5.05618755846318,9.757854566594908,11.62755210437738,10.7203763,11.943652
30.0,0.211940703974,160.0,4.2090773898825145,5.252088304283709,9.729684174202122,11.84828143393666,10.7422941,12.2385255
30.0,0.211940703974,170.0,4.130929743922422,5.35863810687051,9.625615879219817,11.838879731427753,10.6702412,12.2898837
30.0,0.211940703974,180.0,4.024885105894545,5.370238831199486,9.452651099194176,11.605771769029554,10.5109337,12.0965568
30.0,0.211940703974,190.0,3.8962661729325747,5.286150756979875,9.217859275099345,11.162340785487515,10.2750674,11.6728441
30.0,0.211940703974,200.0,3.7509764649788515,5.11058830090439,8.933436726976806,10.53362324827973,9.97661862,11.0474963
30.0,0.211940703974,210.0,3.5950170283490364,4.852478078955412,8.613530436718344,9.757628430973009,9.62766321,10.2590894
30.0,0.211940703974,220.0,3.4340973813692983,4.5248837668422865,8.27344020219349,8.880252240235222,9.25416676,9.35754174
30.0,0.211940703974,230.0,3.2733901074101754,4.144118051558454,7.926932850308973,7.949327987804803,8.86946509,8.39276414
30.0,0.211940703974,240.0,3.117453563575936,3.7285817138108825,7.590130965088149,7.006670132096548,8.48593156,7.4077424
30.0,0.211940703974,250.0,2.9703122225488277,3.2973963641034976,7.272600994332947,6.08947350650044,8.1199077,6.44259371
30.0,0.211940703974,260.0,2.835641187673635,2.868933521206561,6.956809042472535,5.221853395302309,7.78576531,5.53044641
30.0,0.211940703974,270.0,2.716957802953033,2.4593899174973664,6.692527636654478,4.442441695572952,7.47128755,4.69008752
30.0,0.211940703974,280.0,2.617696187891331,2.0816115130069948,6.475277672704908,3.7428584658240016,7.18924151,3.93694896
30.0,0.211940703974,290.0,2.5410577627373807,1.7444040376415695,6.300401541641189,3.1403114578980973,6.98323211,3.291527
30.0,0.211940703974,300.0,2.4896172112218324,1.4525388959195384,6.163771835410553,2.6348514453472696,6.82634699,2.74797365
30.0,0.211940703974,310.0,2.4648059350769587,1.207516937627832,6.071255456564074,2.2270904586063534,6.72239105,2.30601965
30.0,0.211940703974,320.0,2.46651415324861,1.008893495328627,6.017111684998086,1.9132659110921704,6.66359265,1.96369049
30.0,0.211940703974,330.0,2.4930415178846923,0.8557206478658337,5.993378204177401,1.6939820628781617,6.64245978,1.72056738
30.0,0.211940703974,340.0,2.5414633315360557,0.74761494472842,5.997499376499923,1.570994732048546,6.65145833,1.57568049
30.0,0.211940703974,350.0,2.6082805898256187,0.6851776036000674,6.0295568058329465,1.545421783176281,6.68933516,1.53265397
30.0,0.219688749936,0.0,3.7701305505737377,1.057342989260253,6.213542375983149,1.8196047880168824,6.87443604,1.79798469
30.0,0.219688749936,10.0,3.829297836841608,1.0981371827650777,6.3109559473009496,1.9967136185516905,6.97751225,1.96613283
30.0,0.219688749936,20.0,3.907805655227308,1.2100529005265594,6.449571068596124,2.279844961199482,7.11730506,2.24303415
30.0,0.219688749936,30.0,4.006990475006354,1.3943494517184956,6.629937769470345,2.6709960741741283,7.29814133,2.63087088
30.0,0.219688749936,40.0,4.129037085425188,1.652436770754631,6.856428407363541,3.1722948830131323,7.5254001,3.13125066
30.0,0.219688749936,50.0,4.275891928538419,1.9856470876668764,7.132190643252405,3.786000966815634,7.79997341,3.74524059
30.0,0.219688749936,60.0,4.448069760529592,2.394528116964646,7.456223287110262,4.511160016209129,8.120188,4.47253312
30.0,0.219688749936,70.0,4.64369344316688,2.8775863494262652,7.810894123581978,5.339147948609683,8.48428921,5.30751463
30.0,0.219688749936,80.0,4.858046323470154,3.429717560021543,8.18604557762972,6.257500574535633,8.87065039,6.23539926
30.0,0.219688749936,90.0,5.083734163437133,4.040778111542521,8.57207976830035,7.241781156126724,9.28941123,7.23997274
30.0,0.219688749936,100.0,5.3113517064939355,4.694752714229371,8.934105007803595,8.253151620138468,9.72239838,8.29221115
30.0,0.219688749936,110.0,5.530433649007069,5.3697932973717055,9.302529461136976,9.25700929448357,10.0884315,9.32542809
30.0,0.219688749936,120.0,5.730466133768431,6.039166291545382,9.585941842446555,10.176610686738346,10.4042235,10.301551
30.0,0.219688749936,130.0,5.901796684626467,6.6729586482538465,9.797253612767706,10.99731190134601,10.6581907,11.1719469
30.0,0.219688749936,140.0,6.036352011959481,7.2402913344354065,9.932462268954987,11.652494986575528,10.8398526,11.8893784
30.0,0.219688749936,150.0,6.128126685484785,7.711757669072839,9.98448514906199,12.103604032039565,10.9339599,12.4106369
30.0,0.219688749936,160.0,6.173439464175654,8.061815207419345,9.950967115562134,12.32754092702747,10.9500389,12.7106671
30.0,0.219688749936,170.0,6.170975763166672,8.270893530254876,9.840956188756325,12.31623907117657,10.8716394,12.7620558
30.0,0.219688749936,180.0,6.121650657390765,8.327025324970913,9.661979311966377,12.076746441942854,10.7055988,12.563642
30.0,0.219688749936,190.0,6.028339175296258,8.2268594632993,9.421357628292188,11.622668657694913,10.4635219,12.1302641
30.0,0.219688749936,200.0,5.895528657688508,7.97596987939898,9.131666990425652,10.979325163241802,10.1594555,11.4910731
30.0,0.219688749936,210.0,5.728949744427396,7.588431340030012,8.80725718487298,10.185376751618838,9.80579623,10.6852122
30.0,0.219688749936,220.0,5.5352363553402135,7.085691374255911,8.463041722241407,9.287349598874014,9.42773411,9.76324833
30.0,0.219688749936,230.0,5.3216499258943575,6.4948254947118835,8.112747888829498,8.33385470808988,9.03860693,8.77600664
30.0,0.219688749936,240.0,5.0958794043735605,5.846319246414996,7.772534791588096,7.367445698966198,8.65065543,7.76729691
30.0,0.219688749936,250.0,4.865898056581856,5.171574370586876,7.451164485142876,6.42591458938335,8.2802289,6.77797147
30.0,0.219688749936,260.0,4.639825688958729,4.50038569475882,7.126852556093227,5.533128546392596,7.94159543,5.84210813
30.0,0.219688749936,270.0,4.425719995743368,3.8586759823673584,6.856276648886866,4.730863958032766,7.6206634,4.97872828
30.0,0.219688749936,280.0,4.231219407252747,3.2667966607701606,6.632814063152167,4.0096314595625016,7.32999378,4.20405096
30.0,0.219688749936,290.0,4.06300201095081,2.7386787351108444,6.450370702939817,3.388257217427366,7.11718248,3.54051707
30.0,0.219688749936,300.0,3.9261206316495065,2.28201279855337,6.305536493846191,2.8670038488270326,6.95357718,2.98209442
30.0,0.219688749936,310.0,3.82339686841618,1.899422078324657,6.205727662692749,2.446795943777247,6.84381061,2.52864228
30.0,0.219688749936,320.0,3.7551314708246775,1.5903018181548794,6.145546078403399,2.123638890406476,6.78053105,2.17797555
30.0,0.219688749936,330.0,3.7193315516371945,1.3527644042410814,6.11720074310167,1.8980081281756176,6.7564228,1.92938533
30.0,0.219688749936,340.0,3.7124636655270637,1.1851209457273637,6.118781866255234,1.7715023921538842,6.76448991,1.78148123
30.0,0.219688749936,350.0,3.7305266724066293,1.0865944314245546,6.150862965517951,1.7450475144004864,6.80370324,1.73774914
30.0,0.235125874557,0.0,3.4661665962966803,1.186459700647639,5.009794182605076,1.7287444469952264,5.47010606,1.71207199
30.0,0.235125874557,10.0,3.4962559366665555,1.222490897769173,5.093199651827482,1.8727921386848496,5.55816725,1.84797494
30.0,0.235125874557,20.0,3.548272880510198,1.3257643860019934,5.2122991319453,2.103750051814963,5.6771668,2.07185931
30.0,0.235125874557,30.0,3.623930344295888,1.4976543461015295,5.366502492205153,2.4234489558857666,5.82987845,2.38586094
30.0,0.235125874557,40.0,3.725573897533877,1.7401591827641567,5.558315254077513,2.833745579622626,6.01983816,2.79145938
30.0,0.235125874557,50.0,3.8551890225226115,2.0555699255934323,5.789762654882271,3.33628502330517,6.24667546,3.28951403
30.0,0.235125874557,60.0,4.013357365719695,2.44563121475419,6.059591781059662,3.929844319995557,6.50845034,3.8795297
30.0,0.235125874557,70.0,4.198450279154884,2.910164040262454,6.351269454836694,4.6063516811743455,6.8036236,4.55649245
30.0,0.235125874557,80.0,4.406270680709199,3.4453976196085847,6.65695314063084,5.355305001762551,7.11366007,5.30769517
30.0,0.235125874557,90.0,4.630194337703435,4.0424451308173195,6.967266357504365,6.155699123691615,7.44751492,6.1202691
30.0,0.235125874557,100.0,4.861707438923843,4.686357660905034,7.256099430358136,6.975821439851539,7.79302452,6.97077745
30.0,0.235125874557,110.0,5.091162155141796,5.356033706210039,7.557515792911623,7.790265051219578,8.07966896,7.80331867
30.0,0.235125874557,120.0,5.308581909334838,6.02505112565008,7.779187664477074,8.531612289509459,8.32387399,8.58794059
30.0,0.235125874557,130.0,5.504401367727126,6.6633105127245225,7.942437073208972,9.192936315318883,8.51756067,9.2861437
30.0,0.235125874557,140.0,5.6700806039415035,7.239265520177969,8.043686842964712,9.718737614876176,8.65297131,9.86051702
30.0,0.235125874557,150.0,5.798570105791215,7.7224612899765255,8.077094203114548,10.078904342656964,8.71805752,10.2766564
30.0,0.235125874557,160.0,5.884624031368914,8.086090675787785,8.041994807830312,10.255634966564642,8.71890447,10.5146085
30.0,0.235125874557,170.0,5.924970468033391,8.309296200858787,7.947178573698036,10.243491940307225,8.64788883,10.5537939
30.0,0.235125874557,180.0,5.918354988377857,8.378985327674972,7.799339246008791,10.04895988900244,8.50973529,10.393235
30.0,0.235125874557,190.0,5.865479726198995,8.290982064473337,7.604568366546768,9.682946821924624,8.31509902,10.0451542
30.0,0.235125874557,200.0,5.768864275180586,8.050404588673606,7.3731710976292435,9.16534336023146,8.07430993,9.53264238
30.0,0.235125874557,210.0,5.632655716222476,7.671231978815836,7.116378365460175,8.526849605896603,7.79810781,8.88670953
30.0,0.235125874557,220.0,5.462411833120593,7.175098838741538,6.844917069208414,7.804158244682672,7.50246729,8.14669556
30.0,0.235125874557,230.0,5.264873525764076,6.589430082750679,6.569323052128193,7.0357473493008165,7.19771772,7.35308249
30.0,0.235125874557,240.0,5.047729923653231,5.945094988262587,6.302277051801433,6.255472549585427,6.89388509,6.54098664
30.0,0.235125874557,250.0,4.819364281187136,5.273815464672393,6.049054919400812,5.4932110492081305,6.60371121,5.74307431
30.0,0.235125874557,260.0,4.588553733456549,4.605603920847762,5.78433267747819,4.7663174404373,6.33796523,4.98685785
30.0,0.235125874557,270.0,4.364087543070986,3.966525801168794,5.56662911258762,4.1128115619232135,6.08341084,4.28736705
30.0,0.235125874557,280.0,4.154276201662824,3.3770723950745825,5.385097343020468,3.5231481629181176,5.84857766,3.65810352
30.0,0.235125874557,290.0,3.966358657799248,2.8513766833495193,5.23285634546986,3.0145221484597133,5.67589588,3.11944892
30.0,0.235125874557,300.0,3.805880634884575,2.397389988072126,5.108429055142157,2.5874150965633294,5.54111062,2.66653329
30.0,0.235125874557,310.0,3.6761945631912654,2.0179511103088235,5.0202423485410845,2.2432204914760607,5.44907565,2.29952115
30.0,0.235125874557,320.0,3.578272145335639,1.7124538025485774,4.964471807924355,1.9786486250826696,5.39460955,2.01645377
30.0,0.235125874557,330.0,3.510969699351804,1.4786452928414058,4.935356045574438,1.794029676950965,5.37234549,1.81643694
30.0,0.235125874557,340.0,3.4717395992313738,1.3140833615151033,4.932532939584266,1.690467482456942,5.37770876,1.69780591
30.0,0.235125874557,350.0,3.4576110094162145,1.2169797690121995,4.9572615734364165,1.668468528460444,5.41015177,1.66310943
30.0,0.258134591992,0.0,2.347204748812389,1.0181564807532917,3.3102563323060603,1.3751659063162327,3.43369756,1.3398991
30.0,0.258134591992,10.0,2.3608469841250193,1.0427006593255985,3.3698118133390182,1.4702996377678674,3.49359803,1.42793201
30.0,0.258134591992,20.0,2.39211655522201,1.1150140531820891,3.45526119980978,1.6233656240716563,3.57388877,1.57275869
30.0,0.258134591992,30.0,2.4420536691699217,1.2362771771836218,3.5650934931678595,1.8355334090482784,3.67576593,1.77596963
30.0,0.258134591992,40.0,2.511958318386651,1.40826033513382,3.699908209460182,2.107901555255595,3.80105691,2.03856229
30.0,0.258134591992,50.0,2.6027841192089936,1.632956187402135,3.860724780505573,2.441187917723805,3.94858214,2.36101573
30.0,0.258134591992,60.0,2.714526867440311,1.9118720585167086,4.04643717449964,2.8340497442145973,4.11677534,2.74278299
30.0,0.258134591992,70.0,2.845774299993859,2.245002245230913,4.243161016651339,3.2799227457968883,4.30483814,3.1802774
30.0,0.258134591992,80.0,2.9935237557652252,2.629659336989364,4.4464146786348495,3.771591135056056,4.50002416,3.66472135
30.0,0.258134591992,90.0,3.153280627870942,3.0594409984998387,4.647804987449508,4.294092189757024,4.70507764,4.18759405
30.0,0.258134591992,100.0,3.319371917829786,3.5235997025486543,4.832881112919833,4.826757195677392,4.91764409,4.73427781
30.0,0.258134591992,110.0,3.4853773013353577,4.006989470819153,5.039592034169968,5.357673386480189,5.09153475,5.26769326
30.0,0.258134591992,120.0,3.6445907982698866,4.490640046176135,5.176236372392757,5.834674331936577,5.23696719,5.76872265
30.0,0.258134591992,130.0,3.790455482025175,4.952898621573848,5.275817587021687,6.259551258340925,5.34979676,6.21331778
30.0,0.258134591992,140.0,3.9169411397072254,5.3710002647449135,5.3337415954527705,6.594758763302761,5.42539166,6.57801193
30.0,0.258134591992,150.0,4.018852471201052,5.7228812983216555,5.346267555299654,6.822183409067353,5.45616485,6.84097947
30.0,0.258134591992,160.0,4.092064417204156,5.989030459521693,5.314258827619084,6.931205495699975,5.44097835,6.9886813
30.0,0.258134591992,170.0,4.133685434062349,6.154176209819798,5.245353388460497,6.919450865635658,5.3869383,7.0111607
30.0,0.258134591992,180.0,4.142152026892998,6.208631554172336,5.144721393254154,6.792040853551647,5.2946209,6.90732032
30.0,0.258134591992,190.0,4.117259944468851,6.14915672155139,5.01657504077087,6.5560580236090304,5.17291008,6.68556222
30.0,0.258134591992,200.0,4.060139207194974,5.979251107447685,4.867737139607107,6.223869044903736,5.02602492,6.35997017
30.0,0.258134591992,210.0,3.97318109186766,5.708844430433577,4.704923789711769,5.814688463448427,4.86306405,5.95027674
30.0,0.258134591992,220.0,3.8599247871287914,5.3534181367991645,4.533414467940202,5.351102464239186,4.68588758,5.47930225
30.0,0.258134591992,230.0,3.724909349621409,4.932646586785766,4.35989702697817,4.857136473523796,4.50065979,4.97245251
30.0,0.258134591992,240.0,3.573492909510216,4.4686985132964,4.192672794829541,4.354152693234612,4.31574159,4.45268338
30.0,0.258134591992,250.0,3.4116364033388145,3.984378134997644,4.03304167140146,3.860597489956037,4.13926542,3.94074136
30.0,0.258134591992,260.0,3.245644859082551,3.501308236317722,3.8526995135361535,3.384409089312338,3.97756124,3.45431925
30.0,0.258134591992,270.0,3.081858051193155,3.038361119090173,3.711916534983312,2.9565475547693456,3.8226934,3.00299907
30.0,0.258134591992,280.0,2.926288287952518,2.6105240613370544,3.5918954219480645,2.5679061564285206,3.67652972,2.59543274
30.0,0.258134591992,290.0,2.7842208155647237,2.2283391787689975,3.4874122183304053,2.2316470023649417,3.56658815,2.24620458
30.0,0.258134591992,300.0,2.6598232224918523,1.8979782821171431,3.398398092708701,1.9481401480708835,3.47966134,1.95288597
30.0,0.258134591992,310.0,2.55584590694728,1.6219016339048296,3.333293260879227,1.7192787193965124,3.41946621,1.71574136
30.0,0.258134591992,320.0,2.4735140126057797,1.399923165857706,3.2898113135845244,1.5431107724336677,3.38324112,1.5334424
30.0,0.258134591992,330.0,2.4126856793282045,1.2304082071432372,3.2645895600279133,1.4200590689696098,3.36780155,1.405157
30.0,0.258134591992,340.0,2.372275408686821,1.111319458824561,3.258703435875695,1.3508613660649809,3.37115797,1.32945801
30.0,0.258134591992,350.0,2.3508456088587115,1.0409263728806608,3.273826150100693,1.3357413561670857,3.39302398,1.30779744
30.0,0.28853979201,0.0,3.7193475093219814,1.479838444367946,5.62064407357416,2.0097921122846443,5.36105256,1.90690038
30.0,0.28853979201,10.0,3.7445328622525564,1.5096297103024403,5.727970312899281,2.1236113767877938,5.46671239,2.01084107
30.0,0.28853979201,20.0,3.8039951638818916,1.5969255671929472,5.882173949445591,2.3066534228193896,5.60907504,2.18094656
30.0,0.28853979201,30.0,3.8989689872403788,1.7431897984372042,6.078409806297182,2.5596928609563143,5.78966028,2.4191542
30.0,0.28853979201,40.0,4.030725266371195,1.950527732656113,6.316528524714904,2.883441511674232,6.01159362,2.72645995
30.0,0.28853979201,50.0,4.19973216933561,2.2210756531653697,6.599540309088901,3.2782265629790976,6.27134995,3.10322956
30.0,0.28853979201,60.0,4.404576332527149,2.5561053261508215,6.926627592648636,3.741959261459316,6.56586242,3.54856846
30.0,0.28853979201,70.0,4.641162003760939,2.95492700515115,7.263880196479082,4.264443361263479,6.89384381,4.05796722
30.0,0.28853979201,80.0,4.902772152264322,3.413441570207258,7.607002806273891,4.837547463114361,7.23306223,4.62080891
30.0,0.28853979201,90.0,5.17943218680131,3.923802384836697,7.932960191424125,5.441606976288894,7.5535281,5.22335965
30.0,0.28853979201,100.0,5.461871457650516,4.471081874702563,8.22643996796114,6.053757482229028,7.87730499,5.8518912
30.0,0.28853979201,110.0,5.736245846692997,5.038989312331205,8.627431757349612,6.677592841627098,8.15837387,6.46529361
30.0,0.28853979201,120.0,5.992287120555828,5.60447190537828,8.827315446872696,7.220395825452948,8.38476333,7.03993659
30.0,0.28853979201,130.0,6.2198332726405665,6.142725394338154,8.975040561113275,7.704080155942171,8.55119352,7.54759203
30.0,0.28853979201,140.0,6.410836877767849,6.627875127279115,9.048737075344969,8.082112203066849,8.64955543,7.96180721
30.0,0.28853979201,150.0,6.559932804985474,7.034743717398116,9.043656284976237,8.334616960539115,8.67189324,8.25856461
30.0,0.28853979201,160.0,6.662599323318791,7.341893324338682,8.96395311944955,8.451253730718092,8.60218908,8.41932549
30.0,0.28853979201,170.0,6.71770658271391,7.531923162945545,8.830295584107994,8.430481345554968,8.48984224,8.43993195
30.0,0.28853979201,180.0,6.724517764836441,7.594208055745718,8.654268746349596,8.279864606862574,8.33005883,8.31838739
30.0,0.28853979201,190.0,6.683835322252557,7.525147925733173,8.443489122759923,8.0079735138008,8.14277428,8.06529326
30.0,0.28853979201,200.0,6.597215325639549,7.328679707215735,8.20841547956069,7.628343666388766,7.92596723,7.6954862
30.0,0.28853979201,210.0,6.467079985667732,7.01587548097709,7.95572684649233,7.16235439578121,7.70056471,7.23162434
30.0,0.28853979201,220.0,6.2966934124175875,6.604125902628569,7.686912172861285,6.633530999682496,7.44154602,6.69524053
30.0,0.28853979201,230.0,6.090498411774785,6.115485614812272,7.414264867634493,6.0693862847216,7.15821613,6.11420757
30.0,0.28853979201,240.0,5.854436958518587,5.575034481861309,7.153898141084763,5.49549417542318,6.86761896,5.51628947
30.0,0.28853979201,250.0,5.596053050903252,5.008651333655046,6.901498399454816,4.9281752179989065,6.58200807,4.92659706
30.0,0.28853979201,260.0,5.324384904923871,4.441246807995931,6.556981827060926,4.368792554473861,6.31609006,4.3632265
30.0,0.28853979201,270.0,5.04914717660677,3.8953163722122315,6.333057130431466,3.872859077836104,6.07404503,3.84111911
30.0,0.28853979201,280.0,4.782468122101988,3.3874191449408415,6.130847356825186,3.4189531413760457,5.84201883,3.36806214
30.0,0.28853979201,290.0,4.532904557995877,2.9321893619598502,5.950463110411186,3.025056694906996,5.6401566,2.95905762
30.0,0.28853979201,300.0,4.3098313746175885,2.536951521663684,5.789867051610954,2.690347020797196,5.47863535,2.61607581
30.0,0.28853979201,310.0,4.119560175106475,2.2056323713041497,5.672648681707668,2.4192829524574297,5.36321539,2.33939414
30.0,0.28853979201,320.0,3.96580426096427,1.938689962610768,5.592898836005758,2.209943341397776,5.29047251,2.12738711
30.0,0.28853979201,330.0,3.8498045722178205,1.7347121683478333,5.544068097477793,2.0633373843954987,5.25532811,1.97888585
30.0,0.28853979201,340.0,3.7710164186349258,1.5914927914711936,5.530266639325983,1.980751294810646,5.25600605,1.89196567
30.0,0.28853979201,350.0,3.7279717488922195,1.506988476941317,5.555689386346123,1.9626699309162248,5.29110567,1.86809923
30.0,0.326110072682,0.0,8.6191165023842,2.2125646034739286,13.003597564408231,2.922336680560852,12.0335201,2.7883213
30.0,0.326110072682,10.0,8.695163273803354,2.2514959305891336,13.24755895278608,3.060058759506497,12.29615,2.91765582
30.0,0.326110072682,20.0,8.859745604727014,2.3632490559626165,13.591253535425688,3.2804697940159806,12.6506691,3.12752798
30.0,0.326110072682,30.0,9.112719201825215,2.5496037606781514,14.010641256084094,3.5836126148367047,13.0976568,3.42079953
30.0,0.326110072682,40.0,9.452686212989427,2.8124976946888687,14.50449825096195,3.9704010293077032,13.6448787,3.79898784
30.0,0.326110072682,50.0,9.872693014326362,3.15364731194342,15.094093792069753,4.441654019577059,14.2729886,4.26114485
30.0,0.326110072682,60.0,10.355591229172479,3.577470584944456,15.78940910773457,4.995868949137155,14.9621665,4.80550628
30.0,0.326110072682,70.0,10.887376118501013,4.07515137140045,16.45051719561985,5.623607457316751,15.6960063,5.43180338
30.0,0.326110072682,80.0,11.435104821590103,4.644377036026901,17.090911945017893,6.302653043916688,16.4363658,6.11742289
30.0,0.326110072682,90.0,11.968706093437467,5.271878034028559,17.614652153808496,7.018053116830809,16.8918846,6.83781195
30.0,0.326110072682,100.0,12.456790741972439,5.939943291339207,18.04719578225729,7.742292575101746,17.245775,7.58122627
30.0,0.326110072682,110.0,12.872416973366635,6.62602058601078,19.43374302587298,8.532437720453954,17.6272676,8.31563104
30.0,0.326110072682,120.0,13.201448954087036,7.302900934225098,19.658159116683034,9.179662948853624,17.8329878,8.99677159
30.0,0.326110072682,130.0,13.324001682553313,7.906260353722875,19.85800767131424,9.754073089720066,17.8560373,9.59168588
30.0,0.326110072682,140.0,13.596353292659469,8.525764872979193,19.92358258460163,10.200778544249056,17.6646825,10.0625274
30.0,0.326110072682,150.0,16.350315477764788,5.943652050297603,19.810898963438856,10.4968954429929,17.2001805,10.3634506
30.0,0.326110072682,160.0,16.779893754491216,6.1721400712290535,19.52879336872324,10.62837830093008,16.9379131,10.593436
30.0,0.326110072682,170.0,17.019364666514868,6.318003105687179,19.16592229814484,10.597013397993672,16.7673474,10.8203148
30.0,0.326110072682,180.0,17.06752502889336,6.366853455849791,18.76576468168787,10.413742516239594,16.7193313,10.2666813
30.0,0.326110072682,190.0,16.92014863426137,6.310141489149432,18.345866562641945,10.090138867844288,16.0507243,10.3923032
30.0,0.326110072682,200.0,16.585472213374654,6.150953952483979,17.919143649540533,9.641197929583742,15.592085,9.69060164
30.0,0.326110072682,210.0,16.083965243500472,5.905507788529684,17.47461229153752,9.089012319442714,15.289295,9.13977946
30.0,0.326110072682,220.0,13.806866916971645,7.786982060040239,16.96913401553215,8.460263909090704,15.2435385,8.55508918
30.0,0.326110072682,230.0,12.743285770392337,7.8630707192267515,16.464907849630748,7.786716651544854,14.9788622,7.87233829
30.0,0.326110072682,240.0,12.471887919986724,7.221528495560903,16.040665318658693,7.102338538072835,14.647588,7.16307441
30.0,0.326110072682,250.0,12.203774117462734,6.560591329922524,15.617045587319682,6.426878303469311,14.2626393,6.45550782
30.0,0.326110072682,260.0,11.819422659944419,5.876304967860466,14.503729688126104,5.720455523137528,13.8518629,5.77545877
30.0,0.326110072682,270.0,11.382352448768609,5.211833285803408,14.193383592813854,5.1276815326253375,13.557646,5.14680906
30.0,0.326110072682,280.0,10.910692412580437,4.589618387667668,13.841484570425171,4.589817569623373,13.2306025,4.57921131
30.0,0.326110072682,290.0,10.430578195309902,4.026385604483735,13.521510614637704,4.119641348563696,12.7694503,4.07140237
30.0,0.326110072682,300.0,9.969492793568481,3.533821377361067,13.199280904631488,3.7202633188845815,12.3864101,3.65023163
30.0,0.326110072682,310.0,9.550226912819031,3.1207954082234775,12.99077722248659,3.398844079303205,12.0940682,3.31026309
30.0,0.326110072682,320.0,9.197237866883164,2.7860732813664106,12.861178849025627,3.1521203676158494,11.8966418,3.0505059
30.0,0.326110072682,330.0,8.92221293516715,2.53030157451226,12.78252300963672,2.979916197046512,11.791413,2.86988288
30.0,0.326110072682,340.0,8.73296660110466,2.3508475018544894,12.77295826173462,2.883623918189855,11.7829295,2.7656486
30.0,0.326110072682,350.0,8.63185036238666,2.2453939510073364,12.847308504998075,2.8642512590618785,11.8626795,2.73858187
30.0,0.370559501483,0.0,16.832810790200888,2.9622404391224184,23.953325733190724,3.719557717154999,21.3940027,3.57169008
30.0,0.370559501483,10.0,16.998900092893173,3.009235524045722,24.43817297039222,3.8783352462746463,21.8361051,3.72162418
30.0,0.370559501483,20.0,17.29984713864746,3.142040171993485,25.11149473508745,4.122878575125685,22.4019201,3.96018272
30.0,0.370559501483,30.0,17.72055828971251,3.3621119716831216,25.87241165387456,4.471119813874648,23.0639848,4.29432181
30.0,0.370559501483,40.0,18.23531099778454,3.6703025071940845,26.71077622627774,4.911108031262732,23.8283751,4.72054707
30.0,0.370559501483,50.0,18.801686763610203,4.065895283593386,27.754925542084862,5.447088594494637,24.5898021,5.23779972
30.0,0.370559501483,60.0,19.360040974154447,4.546488973007281,29.106875972994697,6.079540754423516,25.21283,5.84047083
30.0,0.370559501483,70.0,19.841517635169968,5.104370000421791,30.151647168891003,6.779651078947566,25.5999878,6.51562828
30.0,0.370559501483,80.0,19.976909203442272,5.662005478955492,31.04822156164653,7.535535615432823,25.4852619,7.16482279
30.0,0.370559501483,90.0,25.29751945026959,0.7386027703656208,31.439871624208124,8.313629541479706,29.3742616,2.91413035
30.0,0.370559501483,100.0,27.286828523555076,0.9162785598183384,31.651982695699203,8.990291911282263,32.8785942,1.01094598
30.0,0.370559501483,110.0,28.790567088048288,1.3783461437949907,35.01966870144103,1.3461975528934482,34.4683213,1.4290067
30.0,0.370559501483,120.0,30.48401239676611,1.8464223465538112,35.86385286888624,1.9329068979079995,35.8608668,1.9219506
30.0,0.370559501483,130.0,32.63815715831183,2.0630631109746393,36.93270624241988,2.349711914635168,37.1575668,2.35209973
30.0,0.370559501483,140.0,34.49595516756517,2.2591301106356245,38.04724078201608,2.469151657451056,38.7831901,2.45029885
30.0,0.370559501483,150.0,36.11681408499608,2.605589854932259,38.75502963027453,2.8815558435578925,39.6957761,2.54998826
30.0,0.370559501483,160.0,37.030891111066474,2.997608736353823,38.73823228389427,3.288819042049298,40.3197967,2.7102476
30.0,0.370559501483,170.0,37.44472358579944,3.343877446811328,38.296386073909794,3.531913686801531,40.3041416,2.82633203
30.0,0.370559501483,180.0,37.41773888804341,3.5536050211643424,37.58188246967064,3.5362406509924846,39.7180949,2.83869174
30.0,0.370559501483,190.0,37.030441884123306,3.575072079687757,36.63659304666488,3.3092373528191903,38.7144801,2.7157524
30.0,0.370559501483,200.0,36.28937262856758,3.418949565487968,35.46034821739392,2.881030272363009,37.2350016,2.50557096
30.0,0.370559501483,210.0,35.26014734857251,3.0636247352127963,33.99346843891043,2.379303515193246,35.3012216,2.26849881
30.0,0.370559501483,220.0,33.84839192402322,2.6050784329607892,32.09275667879899,2.034961823721368,33.3136269,2.10355186
30.0,0.370559501483,230.0,31.98802120153213,2.152028346307743,30.265627871866887,1.7967451127128566,30.9490671,1.9432686
30.0,0.370559501483,240.0,29.730974143257278,1.882854737818532,28.95172125257593,1.2781142129409282,29.1661982,1.49940273
30.0,0.370559501483,250.0,27.372825286390075,1.700500132493113,27.760570453959755,0.8392065866802536,27.6476052,1.02655686
30.0,0.370559501483,260.0,25.599884415415378,1.2493613222025337,25.724407565333973,6.870338572472935,25.8790504,0.759831088
30.0,0.370559501483,270.0,24.166565738246778,0.7901847665525498,25.6582585610208,6.2185903916207375,20.3558066,6.31665316
30.0,0.370559501483,280.0,18.64815412748956,5.748237630739927,25.23399617635165,5.615193771970144,21.1905465,5.56965724
30.0,0.370559501483,290.0,18.21430738944099,5.003129750030767,24.786903554523047,5.084449090154654,21.2262917,5.02034544
30.0,0.370559501483,300.0,18.05889787279683,4.478393252854278,24.107055931212503,4.621869913187713,21.1902543,4.55170322
30.0,0.370559501483,310.0,17.751056511142444,4.011432090400277,23.78187173466313,4.251899700475508,21.0407236,4.16811456
30.0,0.370559501483,320.0,17.420297187363822,3.6278107651017195,23.62356640200382,3.969280282996161,20.889933,3.87276999
30.0,0.370559501483,330.0,17.122748344592484,3.3318220126856875,23.501284648515284,3.779211413192911,20.8216981,3.66573259
30.0,0.370559501483,340.0,16.907153993284286,3.1230791200890495,23.48481409853885,3.6733710282059646,20.8882523,3.54674207
30.0,0.370559501483,350.0,16.805699865103566,2.9991652375192857,23.63744333042088,3.651062182316304,21.0739203,3.51441747
30.0,0.421549791422,0.0,25.583951778970977,3.071171865005494,34.18954076006204,-4.8399312614050265,33.7469474,-4.78841515
30.0,0.421549791422,10.0,25.844981863829943,3.1310075392495462,35.10872486592713,-5.016870849862315,34.7066843,-4.93336051
30.0,0.421549791422,20.0,32.53882438035528,-4.60742589517176,36.52272233829343,-5.209039354136844,36.2496076,-5.1813683
30.0,0.421549791422,30.0,33.982274100795806,-4.861409544859643,38.17730090107634,-5.288267599882917,38.0501204,-5.33339274
30.0,0.421549791422,40.0,35.725852226837695,-5.011191196039015,40.0552794336648,-5.24763235576716,39.8626158,-5.3206132
30.0,0.421549791422,50.0,37.450046578461944,-4.954796005880223,42.64206752060669,-5.230903255042144,42.5284831,-5.34046738
30.0,0.421549791422,60.0,40.084175875569585,-4.924515815878922,46.55354483601713,-5.302076672757459,46.4893924,-5.70826316
30.0,0.421549791422,70.0,44.253311370991575,-5.364338079524819,49.85832375194739,-4.374079463053008,51.1034809,-6.07567584
30.0,0.421549791422,80.0,48.48298941682503,-5.108625866698686,52.95676395148765,-3.411942918519752,55.7141041,-5.82830902
30.0,0.421549791422,90.0,52.017546341858925,-4.214008406708185,54.368566362477736,-3.0129193239104404,59.4270847,-4.83309477
30.0,0.421549791422,100.0,55.67660331620438,-3.5957116659271477,57.035947148106665,-1.547469090885823,62.880411,-3.99830581
30.0,0.421549791422,110.0,55.99159678256058,-2.745896520869042,59.70514921204583,-1.0245968434947623,63.3315603,-3.517773
30.0,0.421549791422,120.0,59.247502527570404,-1.6940470106310257,60.17953013326106,0.0207870543610763,66.7249764,-2.75534474
30.0,0.421549791422,130.0,60.43896187605463,-0.7994680442189237,60.36651401080337,0.928523211400131,69.0131388,-1.81363208
30.0,0.421549791422,140.0,60.83293963671079,0.13797749344390806,59.89804843560279,1.716521333345063,69.3408506,-1.05932136
30.0,0.421549791422,150.0,60.332115371450726,1.0993391358914961,58.96796981483667,2.3439386081660407,69.1831939,-0.424835733
30.0,0.421549791422,160.0,59.01574403578738,1.9806044127082092,57.7672753950582,2.791124142444528,68.4403419,0.130720785
30.0,0.421549791422,170.0,57.19865788271852,2.710591332480597,56.5468618079226,3.018493942231102,67.4274508,0.463266773
30.0,0.421549791422,180.0,55.2151984450701,3.2318566344144926,55.41944301426784,3.0266689694218365,66.2914436,0.554891666
30.0,0.421549791422,190.0,53.20483531157614,3.528703961107857,54.40901061657081,2.830468723014885,65.0670363,0.420370253
30.0,0.421549791422,200.0,51.36010135061693,3.5989482916682127,53.50742769608126,2.4447252167576745,63.715927,0.0867612234
30.0,0.421549791422,210.0,49.783924522403424,3.4462113837480977,52.64215724837389,1.8995565816411275,62.1969683,-0.413487824
30.0,0.421549791422,220.0,48.595335019979814,3.0668550310061993,51.6815201467133,1.2380585923508638,60.2926387,-0.932507783
30.0,0.421549791422,230.0,48.097671754271836,2.3978163196714286,50.6041836646929,0.4597291906899284,58.2824229,-1.55224512
30.0,0.421549791422,240.0,48.26011466298696,1.418174430819077,49.44103886960368,-0.4286897306828141,54.9618796,-2.34473317
30.0,0.421549791422,250.0,48.46361209220807,0.1906859524529595,47.97759964243428,-1.2472208983696342,51.5298225,-2.92424008
30.0,0.421549791422,260.0,48.68359177734068,-1.187413963077236,44.92298481616094,-2.070832207365822,50.3152418,-3.36956779
30.0,0.421549791422,270.0,45.46426222529321,-2.123728194557439,43.77977800243767,-2.6897380946361245,47.1670016,-4.13982701
30.0,0.421549791422,280.0,45.02397059588258,-3.0526531789992752,41.7313824947663,-3.5052490438651183,44.1016315,-4.91191862
30.0,0.421549791422,290.0,42.379839733703704,-4.075419131199492,39.490399201702864,-4.473181054776254,40.3053939,-4.95014179
30.0,0.421549791422,300.0,39.058955665399175,-4.732724344257133,36.72007219945044,-4.509477356985722,37.1469301,-4.5684076
30.0,0.421549791422,310.0,35.7012185581943,-4.406489056984902,35.34992098332241,-4.693604260696123,35.4112676,-4.65890039
30.0,0.421549791422,320.0,33.91428584285955,-4.521777917909617,34.57646497229235,-4.839251742674532,34.4770006,-4.79616542
30.0,0.421549791422,330.0,32.95572145247946,-4.6548197036302374,33.92069942995315,-4.851590410386905,33.785358,-4.82620841
30.0,0.421549791422,340.0,31.95018425357155,-4.568802760558989,33.575925343610834,-4.778909376618921,33.2416966,-4.74136519
30.0,0.421549791422,350.0,25.50662470391277,3.1772088862230583,33.68021465736845,-4.759383583075465,33.2307497,-4.69932349
30.0,0.478692875603,0.0,54.55293320968653,-9.061151647845504,53.37870267175112,-7.711076063375015,55.6839497,-8.36386248
30.0,0.478692875603,10.0,55.25667366964789,-9.195857446161257,54.63264627523634,-7.875717760316717,57.1252551,-8.43103581
30.0,0.478692875603,20.0,56.69456561577091,-9.172142508547944,56.87836811755423,-7.72881281903031,58.2917026,-8.47048793
30.0,0.478692875603,30.0,58.861583388411596,-9.0721113768672,59.72977020052499,-7.243195263355093,59.2623783,-8.57585013
30.0,0.478692875603,40.0,61.86823234853195,-9.109802186926204,62.38758386871337,-6.987226028203871,62.9824793,-8.31469285
30.0,0.478692875603,50.0,61.87453839401834,-8.732984925909074,65.27546890978228,-6.814727684343477,67.0118914,-7.87890578
30.0,0.478692875603,60.0,66.24592925599319,-8.162095843840763,68.39599179634138,-6.520393346657866,69.7827288,-7.48062717
30.0,0.478692875603,70.0,69.26605082578054,-7.617594527321259,70.93068644167631,-5.994955340449541,71.6391972,-6.62799886
30.0,0.478692875603,80.0,71.81654468357658,-7.039788952154403,72.90621795204267,-5.369859704999869,72.578527,-5.61981956
30.0,0.478692875603,90.0,73.46519451557174,-6.1733109278406735,73.88501902365788,-4.5737669518286,72.5089795,-4.54721286
30.0,0.478692875603,100.0,73.85045593281187,-5.138482471951276,74.41385924513304,-3.833762221785912,72.3484611,-3.65113138
30.0,0.478692875603,110.0,73.18642187586944,-4.0487704762842,74.63323792995807,-3.1848053937933845,71.5021599,-2.78294855
30.0,0.478692875603,120.0,71.79446469855765,-3.032987841455461,73.26832002111317,-2.3651087553763968,69.8078973,-1.91580906
30.0,0.478692875603,130.0,70.03078171438706,-2.1051152021454187,71.71682899748095,-1.7135897607931827,67.3783352,-1.15581473
30.0,0.478692875603,140.0,67.60643525123093,-1.288017083461883,69.66431794888605,-1.1483394014857955,64.8902401,-0.55257031
30.0,0.478692875603,150.0,64.79389000073992,-0.5958331740088816,67.47353843537421,-0.7036966851050227,62.5839894,-0.102916651
30.0,0.478692875603,160.0,61.6948875707263,-0.021354398738648972,65.3791631710138,-0.3872630515217483,60.8258422,0.172647311
30.0,0.478692875603,170.0,58.5764920282952,0.42304426652893923,63.65782157217111,-0.2115946386682469,59.4220268,0.31953707
30.0,0.478692875603,180.0,55.53259748715334,0.7464491438480964,62.42343230473959,-0.1716201556757028,58.4463831,0.348103696
30.0,0.478692875603,190.0,52.77479488824701,0.9520662774344618,61.66119016078591,-0.2563646266692251,57.8589672,0.269874096
30.0,0.478692875603,200.0,50.42485740593138,1.0505642008447431,61.31641969308428,-0.4582412701936081,57.6197678,0.0875054881
30.0,0.478692875603,210.0,48.48354639819833,1.0496973888085592,61.258164779241234,-0.7669222793843836,57.6131582,-0.19344731
30.0,0.478692875603,220.0,47.046967022558555,0.9502008646846918,61.351957864256285,-1.1687367136476616,57.9416451,-0.590629237
30.0,0.478692875603,230.0,46.20003638069063,0.7545743691237533,61.4812442270017,-1.6614366646056828,58.536016,-1.10161427
30.0,0.478692875603,240.0,46.11284991443427,0.44723450336503484,61.562977188387634,-2.2458390520440306,59.2521211,-1.73054368
30.0,0.478692875603,250.0,46.70946194975829,0.016069899896301622,61.45444240030228,-2.8753022012135694,59.6058632,-2.43662161
30.0,0.478692875603,260.0,47.98562241545168,-0.5692673916042946,60.51263357360149,-3.395327387142609,59.8210045,-3.18018249
30.0,0.478692875603,270.0,49.44453772101187,-1.2845112064177093,60.27206460774551,-4.146422399853393,60.1596919,-4.07176623
30.0,0.478692875603,280.0,51.152468299781525,-2.1918140859187236,59.35146468097827,-4.777933113421232,59.9140723,-4.92020754
30.0,0.478692875603,290.0,53.37214447714161,-3.340299714400799,58.193303629936246,-5.3823724902511465,59.4348556,-5.83714101
30.0,0.478692875603,300.0,55.75880562096729,-4.807399486651755,56.61165849755747,-5.820321920008161,58.5011528,-6.5339541
30.0,0.478692875603,310.0,56.62018524645215,-6.122477844220513,55.3533667327878,-6.183946998315232,56.717347,-7.10329915
30.0,0.478692875603,320.0,56.056064964003156,-7.449844771685678,54.26726079116267,-6.6142073664684204,54.15682,-7.62330234
30.0,0.478692875603,330.0,54.11912429866103,-7.833866910895264,52.98396792452655,-7.257078291220563,54.1236363,-7.86150311
30.0,0.478692875603,340.0,55.10296291377108,-8.308089578038029,52.37212474212135,-7.552673814865899,54.7960161,-8.03587142
30.0,0.478692875603,350.0,54.54948705118989,-8.75695816794385,52.62950599708548,-7.604183240705164,54.9414873,-8.22090552
30.0,0.541553860654,0.0,62.84124303385674,-9.077020653126393,67.34966170835209,-9.281756696652948,63.7304714,-7.43082839
30.0,0.541553860654,10.0,63.68097527624714,-9.204086809231299,69.07878732015426,-9.18749033711145,65.0527784,-7.45998195
30.0,0.541553860654,20.0,64.54150533512211,-9.189779012661049,71.5835037012424,-8.962463071541286,66.8041231,-7.44582371
30.0,0.541553860654,30.0,66.88542473417418,-8.91257634940198,74.42652726714734,-8.70840683453778,68.9671056,-7.38115283
30.0,0.541553860654,40.0,70.03889046623209,-8.562599480213391,77.2691087326079,-8.525773448218914,71.1541858,-7.04275261
30.0,0.541553860654,50.0,72.71769379197373,-8.163222356605042,80.29026112883189,-8.269505442997959,73.4194214,-6.5795559
30.0,0.541553860654,60.0,75.26318517798971,-7.812277297509447,83.21044157511993,-7.788817990888926,75.4744409,-6.00961679
30.0,0.541553860654,70.0,77.52340036600278,-7.159261288087385,85.54574841616176,-7.1137706170066375,77.061586,-5.33223701
30.0,0.541553860654,80.0,79.1856265881974,-6.346648848804711,87.11456014893524,-6.311689106266239,78.4864685,-4.64084932
30.0,0.541553860654,90.0,79.72250676399956,-5.352272425472389,87.76761976251193,-5.380348890686421,79.6708426,-3.98689917
30.0,0.541553860654,100.0,79.49476505163652,-4.314813035529086,87.4990224850872,-4.433080662632666,80.4798378,-3.3533031
30.0,0.541553860654,110.0,78.54459633900662,-3.309141185853341,86.54453969687461,-3.53939248299179,80.3623288,-2.62354567
30.0,0.541553860654,120.0,77.26123764551852,-2.3644995616912836,84.42442175113163,-2.580807448705672,79.5756403,-1.94368169
30.0,0.541553860654,130.0,75.24613862399086,-1.5027858783447459,82.00373424337779,-1.80364498503816,78.3998849,-1.36288932
30.0,0.541553860654,140.0,72.75168728514866,-0.7473147645120666,79.24939642258359,-1.1502263617723203,77.1227143,-0.897187089
30.0,0.541553860654,150.0,69.90660367057775,-0.09999887024134871,76.54498102333447,-0.6461739313604438,75.7081602,-0.52774925
30.0,0.541553860654,160.0,66.92496131547142,0.42606001640193625,74.10348367068953,-0.2947847627700085,74.3933717,-0.274433901
30.0,0.541553860654,170.0,63.88371515802443,0.8342428693122987,72.21914259753233,-0.1040091615459369,73.1593505,-0.127171031
30.0,0.541553860654,180.0,61.056695442128195,1.1204966526906148,70.99012810311507,-0.0677515125865143,72.0984722,-0.0871196006
30.0,0.541553860654,190.0,58.62279851728932,1.2929931261404235,70.38126744899944,-0.1735575160445766,71.2217174,-0.149008851
30.0,0.541553860654,200.0,56.513161757608,1.3614503246028122,70.30976011855462,-0.4122737033964351,70.529653,-0.309847434
30.0,0.541553860654,210.0,54.76688031884917,1.3331426815848777,70.62522779527406,-0.7732028642011871,69.9586901,-0.560379553
30.0,0.541553860654,220.0,53.45550208177874,1.2109302392342167,71.17277171176265,-1.2461550007603224,69.5008784,-0.895662227
30.0,0.541553860654,230.0,52.701221890580065,0.9892523642659332,71.79742545583838,-1.824451337372052,69.0589924,-1.30103924
30.0,0.541553860654,240.0,52.67769080011126,0.6632934317436724,72.36367106326345,-2.503501967502327,68.6133377,-1.77512459
30.0,0.541553860654,250.0,53.348370125761,0.2169790977759465,72.75226586832513,-3.2575937366380434,68.0987039,-2.32278286
30.0,0.541553860654,260.0,54.507001715197745,-0.356474677370184,72.60768582972757,-3.970765356562735,67.5303738,-2.92991397
30.0,0.541553860654,270.0,56.10953617085314,-1.0729895086454235,72.69791300248274,-4.835226665939974,66.7932421,-3.51316308
30.0,0.541553860654,280.0,57.72850010063993,-1.9151412335278224,72.21729194698749,-5.625749334838781,65.75781,-4.0680338
30.0,0.541553860654,290.0,59.48562919453139,-2.9106040913484224,71.43930696333126,-6.383967358964683,65.1502831,-4.740633
30.0,0.541553860654,300.0,61.409164002964374,-4.065319470613906,70.2458766495928,-7.0189735871465375,64.6158633,-5.41459996
30.0,0.541553860654,310.0,63.267722615640636,-5.375719431070989,69.0957511721565,-7.52982339474045,63.8316839,-5.99528316
30.0,0.541553860654,320.0,64.08071178403218,-6.564472720141168,68.10316612130404,-7.886550305610483,63.2462104,-6.54152518
30.0,0.541553860654,330.0,64.13243060414887,-7.318775983720633,67.12327564861134,-8.331863898343478,62.7674474,-6.89005506
30.0,0.541553860654,340.0,63.49317668583444,-8.239011135819178,66.4429141005236,-8.810828815288993,62.6239738,-7.10210837
30.0,0.541553860654,350.0,62.496419103451146,-8.828760630380993,66.47544249579232,-9.159729423229471,62.9333343,-7.30508123
30.0,0.60965433652,0.0,73.77946372318696,-8.73717739922736,80.93190861034968,-9.83269622425902,75.9138194,-8.33768111
30.0,0.60965433652,10.0,74.6311754476565,-8.900081345730264,82.59863644059986,-9.866917432466405,77.296584,-8.40391197
30.0,0.60965433652,20.0,76.05727887523719,-8.912770750208772,84.92458099496658,-9.837703466513732,79.2075855,-8.39762875
30.0,0.60965433652,30.0,77.91446775431662,-8.797718784436453,87.65206667997337,-9.787346249568808,81.5113571,-8.26080113
30.0,0.60965433652,40.0,79.96155588671179,-8.630391029445311,90.61648212806055,-9.651731543437366,84.0893746,-7.9968378
30.0,0.60965433652,50.0,82.32842647758055,-8.303509675687316,93.71119106888538,-9.312722065352212,86.7849345,-7.62673106
30.0,0.60965433652,60.0,84.6131284008624,-7.762604134696122,96.60623006717576,-8.771128719821284,89.3545287,-7.14631467
30.0,0.60965433652,70.0,86.54509857918558,-7.067792809392447,98.89295160544732,-8.044333492254943,91.6265147,-6.57380483
30.0,0.60965433652,80.0,87.6642597509232,-6.191758120959954,100.30487071236024,-7.168267430655863,93.399378,-5.88176122
30.0,0.60965433652,90.0,88.18649005165909,-5.235986889203374,100.85636717196556,-6.179318991665944,94.6890477,-5.1553055
30.0,0.60965433652,100.0,87.92892866092585,-4.245444453802539,100.28112064237168,-5.133876759143998,95.3227471,-4.4187727
30.0,0.60965433652,110.0,87.17052534001634,-3.281322301725622,98.83256966268526,-4.121184154223456,95.009752,-3.60352916
30.0,0.60965433652,120.0,85.9915485650247,-2.371388674808389,96.4858382071689,-3.09596252816196,94.2309902,-2.8350869
30.0,0.60965433652,130.0,84.14802907759507,-1.5355653562248248,93.75909427619736,-2.2416148743602924,92.8562093,-2.15371736
30.0,0.60965433652,140.0,81.86529597396037,-0.7980722179652264,90.81737446921034,-1.533707336937277,91.2533196,-1.59331171
30.0,0.60965433652,150.0,79.15182746825923,-0.15232517178129146,87.99988030882093,-0.9931158061770894,89.546905,-1.14935714
30.0,0.60965433652,160.0,76.35352670916937,0.37175304167727224,85.53559661544661,-0.6186169096034954,87.9572046,-0.836944184
30.0,0.60965433652,170.0,73.4139943815332,0.7854106109805075,83.65696566365462,-0.4171436250778073,86.5121186,-0.649088563
30.0,0.60965433652,180.0,70.64923324930378,1.0784324115727202,82.47309828550861,-0.3829298328208536,85.3033825,-0.587950456
30.0,0.60965433652,190.0,68.15038382736466,1.256522878495432,81.94567819871911,-0.5040822461907828,84.3660193,-0.650908977
30.0,0.60965433652,200.0,66.03526277178365,1.3256583423398811,81.97563938378342,-0.7703988663519086,83.6841762,-0.831664018
30.0,0.60965433652,210.0,64.2819777781741,1.2921922246160635,82.40147496764583,-1.170778257821848,83.1944762,-1.11943117
30.0,0.60965433652,220.0,63.01660092179147,1.1536363594615673,83.09207243485467,-1.693997031222839,82.857754,-1.50810837
30.0,0.60965433652,230.0,62.34764483425313,0.9112132917868867,83.84743387290246,-2.333200311905698,82.6012415,-1.98964783
30.0,0.60965433652,240.0,62.308189083605505,0.5570904184100588,84.51098642229876,-3.07914602179893,82.2994326,-2.55632799
30.0,0.60965433652,250.0,62.837181499838266,0.08632488746197564,85.03098448790927,-3.896437440915321,81.7806349,-3.18751121
30.0,0.60965433652,260.0,63.88380791692583,-0.5129474109986596,85.13829832906475,-4.706956984681461,81.3564383,-3.87488004
30.0,0.60965433652,270.0,65.31067221467373,-1.2436017294829391,85.23729815576407,-5.617712310271441,80.6209641,-4.53581099
30.0,0.60965433652,280.0,66.75097087205158,-2.0794410402214045,84.86178937945509,-6.47820362780611,79.5649239,-5.17340847
30.0,0.60965433652,290.0,68.19303002459016,-3.0402728749866657,84.17250690137539,-7.291727794429097,78.6510072,-5.84388784
30.0,0.60965433652,300.0,69.84314080687247,-4.100026186253879,83.08829265667292,-7.991118971189654,77.6030901,-6.44020232
30.0,0.60965433652,310.0,71.38686041179132,-5.2528100606794546,81.95275315802733,-8.57843800301236,76.5371561,-6.97504364
30.0,0.60965433652,320.0,72.65010264793425,-6.403604029135704,80.91710811393864,-8.954068599656194,75.6619168,-7.45118149
30.0,0.60965433652,330.0,73.11323060035095,-7.3584585998339005,80.16245558452358,-9.209446084865482,75.0181377,-7.81250898
30.0,0.60965433652,340.0,73.17426911096454,-7.994152383468575,79.7647305535309,-9.492881106458176,74.7752997,-8.05833887
30.0,0.60965433652,350.0,73.4183942770203,-8.393320130436333,79.99952415003715,-9.705701479807136,75.0714134,-8.22272471
30.0,0.682476017461,0.0,84.62657626107183,-9.028467924285108,94.60872496649336,-10.668388349708843,89.1034257,-9.28485716
30.0,0.682476017461,10.0,85.5629930459651,-9.186686801412018,96.21797251642644,-10.751457998552388,90.5370438,-9.32435656
30.0,0.682476017461,20.0,86.9624797060341,-9.231961464110197,98.45676829011164,-10.80245722077512,92.4815735,-9.27135462
30.0,0.682476017461,30.0,88.79389462828408,-9.161498218493366,101.19616113460084,-10.744870368280695,94.8337212,-9.1102751
30.0,0.682476017461,40.0,90.79314854383328,-8.871359696938315,104.22993588916844,-10.536107323476182,97.550565,-8.86864767
30.0,0.682476017461,50.0,92.96363601058843,-8.447834046001004,107.3202030244684,-10.136567862079165,100.367325,-8.5145626
30.0,0.682476017461,60.0,95.05434092077229,-7.88675339297914,110.1900717542814,-9.574694445978936,103.021607,-8.03675667
30.0,0.682476017461,70.0,96.62763239702588,-7.1457745562241515,112.44666340752424,-8.83775192197652,105.347534,-7.44674688
30.0,0.682476017461,80.0,97.71384794895934,-6.283982625229779,113.8331388835274,-7.944472613378218,107.290794,-6.75952995
30.0,0.682476017461,90.0,98.29329501920465,-5.368994808799899,114.4476689583247,-6.952719313048108,108.69269,-6.01770042
30.0,0.682476017461,100.0,98.13627532357475,-4.409958547818709,113.86892643568684,-5.883253113430936,109.48311,-5.26930798
30.0,0.682476017461,110.0,97.65907293163212,-3.4781752095697187,112.35430245897516,-4.829126855188498,109.356398,-4.45718626
30.0,0.682476017461,120.0,96.66602908756207,-2.58967459375932,110.1014363645192,-3.792411129884039,108.738853,-3.66472511
30.0,0.682476017461,130.0,95.02929946022101,-1.762932249428949,107.4527357273478,-2.897880556549806,107.571469,-2.94995833
30.0,0.682476017461,140.0,92.9830625800545,-1.0319586618002936,104.62953853820144,-2.161831379643868,106.066371,-2.35356351
30.0,0.682476017461,150.0,90.50995789747178,-0.38675093549330153,101.93642060384389,-1.6022528889026937,104.40345,-1.87787982
30.0,0.682476017461,160.0,87.82810759689453,0.1513998029956913,99.60879378311088,-1.216144813255357,102.815632,-1.53960667
30.0,0.682476017461,170.0,85.09908943015743,0.5708844999670006,97.85509300709067,-1.0105461089195145,101.341826,-1.3329102
30.0,0.682476017461,180.0,82.3992084377442,0.8760650896396357,96.74950101807906,-0.9808008641080228,100.085602,-1.26163939
30.0,0.682476017461,190.0,79.92643090901427,1.0633113587515892,96.2590497405907,-1.1164237870170608,99.0883331,-1.32389049
30.0,0.682476017461,200.0,77.76626512640483,1.1365086451430229,96.29659954335628,-1.407143263626361,98.3361792,-1.51316142
30.0,0.682476017461,210.0,76.05952674660833,1.0932185628134707,96.72593622106515,-1.8400794733649315,97.7694808,-1.81879405
30.0,0.682476017461,220.0,74.83814982237789,0.9383730602120509,97.37295989073924,-2.4086709787771863,97.3532609,-2.23536313
30.0,0.682476017461,230.0,74.11749740548268,0.674928712311709,98.08164335258223,-3.090738129796513,96.9790636,-2.75202993
30.0,0.682476017461,240.0,74.07443474155444,0.284310741774135,98.64234051833618,-3.887875515085556,96.4813419,-3.35539454
30.0,0.682476017461,250.0,74.40630042078126,-0.21524302622706912,99.10263267953034,-4.736190168968729,95.8634604,-4.02197583
30.0,0.682476017461,260.0,75.23649081451991,-0.840220550392853,99.18011581241,-5.595200144402533,95.2982408,-4.72566548
30.0,0.682476017461,270.0,76.45458994624713,-1.594680528190337,99.11290670624072,-6.518245972378199,94.4531911,-5.42084558
30.0,0.682476017461,280.0,77.69109019236811,-2.4473487290872726,98.6478561691582,-7.399217229482667,93.3132478,-6.09310791
30.0,0.682476017461,290.0,78.8106980908069,-3.389516661374959,97.88381925849067,-8.219867009485808,92.2582021,-6.7754347
30.0,0.682476017461,300.0,80.21244665529818,-4.4108527844786956,96.7570736389436,-8.923398890726864,91.1614495,-7.39342684
30.0,0.682476017461,310.0,81.41249036049373,-5.462671492314566,95.57161153894862,-9.520723113877615,90.0188154,-7.92982944
30.0,0.682476017461,320.0,82.62097580323466,-6.536197482617306,94.487364982815,-9.959943902224682,88.9938327,-8.37270021
30.0,0.682476017461,330.0,83.32211656253212,-7.466682992959068,93.68455654760484,-10.24506699056364,88.2983463,-8.73361633
30.0,0.682476017461,340.0,83.70870865189943,-8.205730908963881,93.37238359794831,-10.418678919029126,88.0368044,-9.00349386
30.0,0.682476017461,350.0,84.10110725774746,-8.739356730848902,93.666501006763,-10.558859717496858,88.270027,-9.17608283
30.0,0.759464686512,0.0,96.6008582142251,-9.220026630749249,109.03230448056358,-11.521241215018646,103.207691,-9.95440599
30.0,0.759464686512,10.0,97.63026036636288,-9.401235052903568,110.61759820853356,-11.564133576749702,104.595944,-9.96086946
30.0,0.759464686512,20.0,98.95524561522028,-9.40127315973819,112.8193658974646,-11.53102387054526,106.526092,-9.88625726
30.0,0.759464686512,30.0,100.6350667020471,-9.253970384720152,115.48490302078176,-11.376796850851704,108.904962,-9.72565885
30.0,0.759464686512,40.0,102.59192040839683,-8.964005710413499,118.45861644594493,-11.10467490081899,111.587735,-9.47086308
30.0,0.759464686512,50.0,104.5521439199001,-8.515494323699878,121.50607410873393,-10.690655740197585,114.36504,-9.10996738
30.0,0.759464686512,60.0,106.22454398200118,-7.889153652501728,124.28632930675826,-10.129403169761805,117.018084,-8.6358836
30.0,0.759464686512,70.0,107.62053120325832,-7.13250876759931,126.48591265315876,-9.40328127994587,119.508095,-8.06960178
30.0,0.759464686512,80.0,108.72289281821747,-6.302130691502999,127.93204635254332,-8.52459051819818,121.639979,-7.41127183
30.0,0.759464686512,90.0,109.25944771365386,-5.406756647487714,128.69273804819034,-7.573361799818709,123.217134,-6.69309446
30.0,0.759464686512,100.0,109.19651983399218,-4.476364971329059,128.2742744779214,-6.529841637452409,124.182185,-5.95572055
30.0,0.759464686512,110.0,108.95680416554784,-3.568803514441391,126.92234897639712,-5.489185972785879,124.305144,-5.16200353
30.0,0.759464686512,120.0,108.04391638841467,-2.6987184822158268,124.92682217587218,-4.474846927606161,123.892118,-4.37338218
30.0,0.759464686512,130.0,106.5750512237664,-1.8867067685213437,122.54022765834588,-3.578651726373787,122.917074,-3.64506558
30.0,0.759464686512,140.0,104.73715538282339,-1.1673560288560507,119.95558544651792,-2.845599211051133,121.534406,-3.02754133
30.0,0.759464686512,150.0,102.49915919232822,-0.5323859572064441,117.5208869938378,-2.2826208082819623,119.945154,-2.53254999
30.0,0.759464686512,160.0,99.99986100996331,0.0033487403425412005,115.403927755834,-1.9004873243033509,118.392316,-2.17847679
30.0,0.759464686512,170.0,97.48148896902558,0.42055524104738085,113.81918090916044,-1.7021169706010166,116.941068,-1.96287732
30.0,0.759464686512,180.0,94.91110119840805,0.7254926392542215,112.8282502155702,-1.6841007737104947,115.693715,-1.89005144
30.0,0.759464686512,190.0,92.57390135752323,0.9068352218457505,112.4025035030315,-1.8375916389597016,114.696333,-1.9590038
30.0,0.759464686512,200.0,90.56008434106622,0.9665169876465152,112.45993079242122,-2.152311482808429,113.932012,-2.16268453
30.0,0.759464686512,210.0,88.9416788133995,0.907033338622363,112.8437668264968,-2.6192824440828866,113.341921,-2.490305
30.0,0.759464686512,220.0,87.7705452671491,0.730664892124383,113.419716838718,-3.220347309434912,112.870427,-2.93439951
30.0,0.759464686512,230.0,87.10166294209952,0.4363721982872718,113.9822244923916,-3.944497529522313,112.387685,-3.48178033
30.0,0.759464686512,240.0,86.9489859868193,0.016710722167369935,114.41975226213276,-4.7684402056017055,111.74653,-4.11332138
30.0,0.759464686512,250.0,87.23918509621274,-0.5195767346414247,114.74293887545666,-5.63017176161319,111.003774,-4.79621866
30.0,0.759464686512,260.0,87.8822486902471,-1.1693507257989548,114.6691436716801,-6.507020350705816,110.264054,-5.50686317
30.0,0.759464686512,270.0,88.88512775244664,-1.9419534149528592,114.37353885180204,-7.418374896247253,109.283,-6.21460811
30.0,0.759464686512,280.0,89.98953336441264,-2.8139938151934247,113.72748294203832,-8.289751252474732,108.017962,-6.8945798
30.0,0.759464686512,290.0,90.79292258162663,-3.7380281519705285,112.83278425199067,-9.08685953231462,106.779274,-7.56728007
30.0,0.759464686512,300.0,91.98532866837934,-4.730159871524674,111.59999769363098,-9.76228635323976,105.559326,-8.17401027
30.0,0.759464686512,310.0,93.00129503249146,-5.724846965233651,110.30238751181734,-10.329269538483963,104.366073,-8.69791822
30.0,0.759464686512,320.0,93.8866316976136,-6.70006241427638,109.14543171271872,-10.771271562586236,103.292817,-9.12515622
30.0,0.759464686512,330.0,94.76305356243358,-7.6017716347939075,108.3083947004628,-11.098833574100045,102.522042,-9.45797446
30.0,0.759464686512,340.0,95.31098183901018,-8.317013698640508,107.92113735329936,-11.303208831503293,102.19056,-9.70235338
30.0,0.759464686512,350.0,95.84856090038947,-8.856824986681788,108.1387686180592,-11.435612274409143,102.401063,-9.86474128
30.0,0.840034413416,0.0,109.78549975299744,-9.588955896251015,124.74294166737336,-12.405586515816958,118.6901,-10.8287082
30.0,0.840034413416,10.0,110.81977725314285,-9.754919203181982,126.21884371357268,-12.385931077899274,120.044203,-10.815145
30.0,0.840034413416,20.0,112.08949309916305,-9.735999797359476,128.33713679723107,-12.29744411790727,121.958017,-10.7253947
30.0,0.840034413416,30.0,113.67306180720163,-9.567598341210335,130.9138958672793,-12.111461617719264,124.334004,-10.5540935
30.0,0.840034413416,40.0,115.50968995254495,-9.255049985300795,133.8517796003202,-11.820039803118306,127.029103,-10.2952611
30.0,0.840034413416,50.0,117.14255264397652,-8.745632876604347,136.80918140772425,-11.403754978811188,129.855884,-9.94136434
30.0,0.840034413416,60.0,118.70066071149564,-8.099364134251529,139.58181837218817,-10.845189146012707,132.66874,-9.49060745
30.0,0.840034413416,70.0,120.08773233475937,-7.340747341765436,141.8457415262479,-10.137225675605862,135.373872,-8.95033943
30.0,0.840034413416,80.0,121.15125585942636,-6.523311205230105,143.44790440578285,-9.28792724194852,137.750187,-8.32315007
30.0,0.840034413416,90.0,121.62813178180686,-5.623818888866769,144.4631316139446,-8.386523484701202,139.626826,-7.63862773
30.0,0.840034413416,100.0,121.73605273930592,-4.7043781119754735,144.34956075411293,-7.383980003928237,140.902865,-6.92547149
30.0,0.840034413416,110.0,121.67412254165156,-3.8130541091701238,143.32140436612795,-6.3755771575931215,141.342241,-6.15779384
30.0,0.840034413416,120.0,120.85057364104678,-2.94790378933624,141.69402215853776,-5.400049982659496,141.216011,-5.38954291
30.0,0.840034413416,130.0,119.59981185916531,-2.147230405076984,139.69305603353948,-4.51444043938389,140.57114,-4.66482196
30.0,0.840034413416,140.0,117.90039649120966,-1.4240263908423596,137.47526537240492,-3.78838161669911,139.470416,-4.03531214
30.0,0.840034413416,150.0,115.97005345926014,-0.8028342713412709,135.35584772951134,-3.2342348399584737,138.084136,-3.52806919
30.0,0.840034413416,160.0,113.70048090085467,-0.2718115098177465,133.54693077729016,-2.8594758609443347,136.675047,-3.16613223
30.0,0.840034413416,170.0,111.39876483024972,0.1406005049004572,132.19888165123476,-2.673533219932096,135.332978,-2.94958983
30.0,0.840034413416,180.0,109.16533609075621,0.4304644791104561,131.36886860484796,-2.6751172149350304,134.160852,-2.88319705
30.0,0.840034413416,190.0,107.0364097363637,0.5998864436186551,131.02929112536646,-2.8564662602165867,133.201329,-2.96598648
30.0,0.840034413416,200.0,105.19100824488997,0.6431720329047119,131.1006195678265,-3.206677994669292,132.429045,-3.19017203
30.0,0.840034413416,210.0,103.71730246733071,0.5604468110453087,131.4526226016288,-3.709120233501813,131.769835,-3.54367665
30.0,0.840034413416,220.0,102.62438049697232,0.3559049790931604,131.9078638477844,-4.352536963694025,131.145495,-4.01733422
30.0,0.840034413416,230.0,102.01862328706069,0.019770806046271756,132.29267091212944,-5.119795267932879,130.414637,-4.59215132
30.0,0.840034413416,240.0,101.8776088171621,-0.4420272679816637,132.5825377598242,-5.957011461561261,129.531264,-5.23680849
30.0,0.840034413416,250.0,102.12460277202763,-1.0226308749093462,132.6915265185813,-6.836581235322825,128.59132,-5.92029167
30.0,0.840034413416,260.0,102.59269612048298,-1.7063230867505705,132.3556315123592,-7.7246394276052035,127.571978,-6.62888118
30.0,0.840034413416,270.0,103.392467686722,-2.5127923415144564,131.7434928905725,-8.624785228230431,126.291692,-7.33366043
30.0,0.840034413416,280.0,104.26156069978211,-3.409602546337581,130.80801159498557,-9.473641595377844,124.766853,-8.00785296
30.0,0.840034413416,290.0,104.82267178712554,-4.3384697472229385,129.63976849407862,-10.235476613279888,123.255979,-8.65942734
30.0,0.840034413416,300.0,105.74916552609363,-5.315803130460449,128.1634129838143,-10.87098364194454,121.778673,-9.23697934
30.0,0.840034413416,310.0,106.51661646907334,-6.277204789287357,126.6847761839716,-11.388448225372668,120.387011,-9.72798507
30.0,0.840034413416,320.0,107.16771286115608,-7.1983460385563,125.34544618309556,-11.78535731082439,119.162036,-10.1231605
30.0,0.840034413416,330.0,107.79862575161118,-8.031692663391793,124.360614422494,-12.069641018550517,118.261719,-10.4231945
30.0,0.840034413416,340.0,108.43632584414438,-8.730067756916393,123.84590760956506,-12.253813113305148,117.817285,-10.6331642
30.0,0.840034413416,350.0,108.99467657518383,-9.242854680606689,123.95754716453656,-12.363377566981598,117.941023,-10.764512
30.0,0.923572013902,0.0,123.57511209257858,-9.910906799730435,141.21318533480033,-13.20622195532974,134.993195,-11.6548007
30.0,0.923572013902,10.0,124.49377610282411,-10.035131825568344,142.52747557907728,-13.13142793351495,136.266354,-11.6119671
30.0,0.923572013902,20.0,125.71245131229631,-9.995730390132696,144.50151162188848,-12.993889131205997,138.11259,-11.4977563
30.0,0.923572013902,30.0,127.0048335990928,-9.760901005065792,146.97747309585634,-12.77602665088446,140.434915,-11.3086207
30.0,0.923572013902,40.0,128.46670369868005,-9.374013924686366,149.76093036931923,-12.461814567780936,143.09197,-11.0388256
30.0,0.923572013902,50.0,129.92384812744368,-8.827886932502905,152.6816767223987,-12.035963303447325,145.950693,-10.6862948
30.0,0.923572013902,60.0,131.34612194335443,-8.1570999377017,155.37973009520329,-11.480507076958462,148.880221,-10.246791
30.0,0.923572013902,70.0,132.5611189557306,-7.398740120122731,157.7239992797037,-10.791495018871332,151.740884,-9.72511635
30.0,0.923572013902,80.0,133.4792529634867,-6.5671687712668545,159.4831229146113,-9.975170675481428,154.323026,-9.13001961
30.0,0.923572013902,90.0,133.83038572657506,-5.658933287779142,160.72443025270323,-9.128943580224378,156.443583,-8.4794004
30.0,0.923572013902,100.0,134.0610292775924,-4.744429973488861,160.88547796908253,-8.172757550570891,157.980111,-7.79387352
30.0,0.923572013902,110.0,133.93060518521105,-3.85751667053725,160.175300944739,-7.206713423081893,158.716545,-7.05611002
30.0,0.923572013902,120.0,133.2136904449399,-3.0074854360176944,158.8931116256674,-6.276008656052167,158.851809,-6.31318093
30.0,0.923572013902,130.0,132.08966492927595,-2.2229327810881223,157.24247452006273,-5.422803310045047,158.478087,-5.60598285
30.0,0.923572013902,140.0,130.5892603462834,-1.5169097994313478,155.42550619094104,-4.712051424150619,157.663954,-4.98475315
30.0,0.923572013902,150.0,128.8967966249636,-0.9143731443454042,153.62450161827886,-4.180924140539466,156.536838,-4.48328885
30.0,0.923572013902,160.0,126.94211421497984,-0.4088674601099694,152.12653898225753,-3.832532230465997,155.344685,-4.12992951
30.0,0.923572013902,170.0,124.97701819833476,-0.023707204026358352,151.04706144282065,-3.6744593631708073,154.187257,-3.92696727
30.0,0.923572013902,180.0,123.09165103943386,0.23628053465204782,150.4415849714977,-3.708062380172708,153.16018,-3.87902847
30.0,0.923572013902,190.0,121.36977334803564,0.36863892771966655,150.27805656733202,-3.926092302419056,152.296197,-3.98478715
30.0,0.923572013902,200.0,119.88357013784871,0.3727422937487674,150.47468236254164,-4.317207451283461,151.557322,-4.23553414
30.0,0.923572013902,210.0,118.68933478997907,0.24933374544705839,150.86215670603795,-4.867337914822058,150.859789,-4.61859281
30.0,0.923572013902,220.0,117.86764664656701,-0.004658003759668162,151.26284483679396,-5.565630626397732,150.114743,-5.12196649
30.0,0.923572013902,230.0,117.53040482267086,-0.39817639800582283,151.59987934462882,-6.368915998555121,149.2313,-5.71813878
30.0,0.923572013902,240.0,117.55541424335824,-0.9154367254736006,151.8039081772023,-7.224813340876917,148.204445,-6.3703799
30.0,0.923572013902,250.0,117.73066749168811,-1.5342406834309035,151.70912571613414,-8.12417495528072,147.070737,-7.05271006
30.0,0.923572013902,260.0,118.20771635116148,-2.2668412247517233,151.16381667150256,-9.018199477732828,145.780094,-7.75567899
30.0,0.923572013902,270.0,118.81690620277143,-3.101767688887289,150.25601143093272,-9.90478117304252,144.227301,-8.45120742
30.0,0.923572013902,280.0,119.4906159236652,-4.021990809737794,149.02615655708905,-10.723908498325184,142.446857,-9.11020547
30.0,0.923572013902,290.0,119.862523859292,-4.9597508939313215,147.53863588498407,-11.439548093032746,140.663275,-9.73363737
30.0,0.923572013902,300.0,120.45762136561997,-5.90699560629801,145.82398996174166,-12.02566167412538,138.929447,-10.2786823
30.0,0.923572013902,310.0,120.96757547684079,-6.83215923479304,144.1012590916591,-12.48381694902716,137.323642,-10.7320502
30.0,0.923572013902,320.0,121.4225762117779,-7.705181411315826,142.54580876617027,-12.81816699717053,135.932473,-11.0890107
30.0,0.923572013902,330.0,121.82500767748307,-8.48206408405641,141.33944928988194,-13.041494972482624,134.890682,-11.3520371
30.0,0.923572013902,340.0,122.26893391621837,-9.120974568775095,140.65438954093142,-13.16966307802241,134.320208,-11.525516
30.0,0.923572013902,350.0,122.85225298324524,-9.605215177052434,140.5948350631133,-13.221239685782342,134.335266,-11.6223477
30.0,1.009441716388,0.0,137.26941273953372,-9.93048647841354,158.621700706067,-13.822879272761789,151.277793,-12.0946612
30.0,1.009441716388,10.0,137.9986787656695,-9.99580591254389,159.67609508019683,-13.681356125231307,152.397248,-12.0141675
30.0,1.009441716388,20.0,138.93817458331677,-9.888200277283723,161.3934722941243,-13.485081948328135,154.09049,-11.8676386
30.0,1.009441716388,30.0,139.97466993304323,-9.596387536511296,163.6683375602647,-13.22175892576531,156.281381,-11.6541945
30.0,1.009441716388,40.0,141.14342442719717,-9.151768848306732,166.22798358171246,-12.871091343005792,158.861565,-11.3693323
30.0,1.009441716388,50.0,142.340569231961,-8.570364581567652,168.95836706523846,-12.426633598321551,161.716183,-11.0107977
30.0,1.009441716388,60.0,143.43609325450157,-7.882029725789678,171.61342681632698,-11.866798123212597,164.688768,-10.5771388
30.0,1.009441716388,70.0,144.3492359140074,-7.1020482617774645,173.9609053258115,-11.188526745639402,167.616641,-10.0779248
30.0,1.009441716388,80.0,144.8493943430895,-6.232779395988866,175.787144654278,-10.411930413704376,170.296828,-9.51809176
30.0,1.009441716388,90.0,145.16300392657078,-5.313151200947065,177.1822250332219,-9.612666395561297,172.529042,-8.90167311
30.0,1.009441716388,100.0,145.40526662154764,-4.427493307145872,177.4990364457373,-8.701544683857342,174.203666,-8.24504181
30.0,1.009441716388,110.0,144.97124813261,-3.5442504663955248,177.04414491902403,-7.7808162174707585,175.157337,-7.53629779
30.0,1.009441716388,120.0,144.31740478400886,-2.7269339526650613,176.04779232730334,-6.8870564576197495,175.525299,-6.81903533
30.0,1.009441716388,130.0,143.25816041773905,-1.9722096714666097,174.69043675589273,-6.074013372149874,175.370742,-6.14113012
30.0,1.009441716388,140.0,142.01417602346515,-1.3080592340636985,173.19338574856386,-5.399438346442575,174.781092,-5.55047148
30.0,1.009441716388,150.0,140.52001369204535,-0.7386306630601431,171.7120623483851,-4.904217194666426,173.892049,-5.07865891
30.0,1.009441716388,160.0,138.9899199934934,-0.28447977517824813,170.54112603073625,-4.5940425243884055,172.932834,-4.75334709
30.0,1.009441716388,170.0,137.50343588325876,0.04696534649215333,169.78332670654353,-4.477209528560706,171.997216,-4.57891532
30.0,1.009441716388,180.0,136.13267924046403,0.251021086743179,169.49050387436594,-4.556937283894595,171.172096,-4.56076261
30.0,1.009441716388,190.0,134.94077553658943,0.3252498827207439,169.6241729104297,-4.826621170986204,170.476353,-4.69702001
30.0,1.009441716388,200.0,133.97764314608617,0.2690887940841855,170.09375635906972,-5.274305801917142,169.86607,-4.97891081
30.0,1.009441716388,210.0,133.2768570701151,0.08358779440386856,170.65486074939804,-5.892065590640126,169.248246,-5.39237262
30.0,1.009441716388,220.0,132.86504509172877,-0.22996751315800998,171.21540417819412,-6.646444865100674,168.532085,-5.92242957
30.0,1.009441716388,230.0,132.8980692716855,-0.6864309536092978,171.65980672088423,-7.493269148701162,167.638604,-6.53951685
30.0,1.009441716388,240.0,133.17531137278357,-1.260928105361111,171.88732316341915,-8.389941479936446,166.556856,-7.20623703
30.0,1.009441716388,250.0,133.4171224988183,-1.9203918931279464,171.71355259401517,-9.313845221388712,165.315929,-7.89521297
30.0,1.009441716388,260.0,133.96474774506862,-2.6962596503222973,171.03518657999263,-10.217075861637456,163.867741,-8.59060752
30.0,1.009441716388,270.0,134.36720799564512,-3.535264033125014,169.9156705997734,-11.087153860917583,162.130803,-9.26537661
30.0,1.009441716388,280.0,134.97837524849908,-4.470132518750247,168.4335119733815,-11.875947565388811,160.149717,-9.89337144
30.0,1.009441716388,290.0,135.21080951261612,-5.408066100208797,166.6454470325946,-12.542833833999945,158.132558,-10.4768027
30.0,1.009441716388,300.0,135.47584940334735,-6.320780525866455,164.72378208529244,-13.074860258276315,156.154658,-10.9807877
30.0,1.009441716388,310.0,135.78666957621056,-7.201452807252587,162.71800697491094,-13.465513467685769,154.337406,-11.3905605
30.0,1.009441716388,320.0,135.95597937249178,-8.000099400901563,160.9193728943993,-13.729903686587631,152.780647,-11.701837
30.0,1.009441716388,330.0,136.12699008346664,-8.699790732316101,159.49327712078107,-13.879448355639385,151.599933,-11.9197614
30.0,1.009441716388,340.0,136.36984893082055,-9.274227023709798,158.5728424230758,-13.933258891388965,150.89103,-12.048707
30.0,1.009441716388,350.0,136.75956447923159,-9.693293695672205,158.26174774146773,-13.90989796656888,150.76427,-12.1026812
30.0,1.096990000589,0.0,154.32537819471614,-10.29678356294742,179.40026499984947,-14.6299678044577,171.374243,-12.9169304
30.0,1.096990000589,10.0,154.76796593205384,-10.289910087508359,180.10124304445353,-14.415899627383489,172.314936,-12.7968908
30.0,1.096990000589,20.0,155.3257849503433,-10.105366855105464,181.48231895874696,-14.160433711443597,173.871912,-12.6214852
30.0,1.096990000589,30.0,155.96164907119058,-9.750748443739027,183.44523037663632,-13.855002897218034,175.979855,-12.3913921
30.0,1.096990000589,40.0,156.6935947251362,-9.253061909788583,185.7936758706865,-13.477422948444854,178.519636,-12.1021223
30.0,1.096990000589,50.0,157.38130707467838,-8.619770046799541,188.3763446311065,-13.023130822500022,181.364332,-11.7552486
30.0,1.096990000589,60.0,157.88494998468445,-7.863792275551777,190.9528732714268,-12.480402565606251,184.356992,-11.3505777
30.0,1.096990000589,70.0,158.25091160429199,-7.016024031615728,193.2589823357989,-11.84911704547786,187.326695,-10.8885114
30.0,1.096990000589,80.0,158.51431110078235,-6.116825155540734,195.11173274678367,-11.124568044108036,190.071677,-10.3660784
30.0,1.096990000589,90.0,158.49594787357898,-5.208668867470034,196.5839717553762,-10.379335387359973,192.43092,-9.78565365
30.0,1.096990000589,100.0,158.19799469704785,-4.312095608430258,197.02733064941023,-9.521289923844485,194.32036,-9.16017471
30.0,1.096990000589,110.0,157.66158490922993,-3.465236979124553,196.80200398690204,-8.639394402817864,195.554712,-8.48393828
30.0,1.096990000589,120.0,156.92895510406433,-2.6808967189503825,196.0444718647234,-7.793466140541613,196.149155,-7.80474574
30.0,1.096990000589,130.0,155.9805749736659,-1.975924128826624,194.92161575856537,-7.040694780780631,196.183932,-7.17342479
30.0,1.096990000589,140.0,154.9496542263533,-1.3712419932072,193.64631762816555,-6.431162945687369,195.792994,-6.62979187
30.0,1.096990000589,150.0,153.90447722125043,-0.8744601384919187,192.5054766015792,-5.985097613704833,195.142819,-6.20086708
30.0,1.096990000589,160.0,152.87573454620508,-0.4911342549893865,191.69947293379064,-5.7263139385854736,194.435246,-5.91376089
30.0,1.096990000589,170.0,151.89645757548666,-0.2248893486688281,191.34123808783724,-5.666764622718198,193.756771,-5.77656492
30.0,1.096990000589,180.0,151.10449171163575,-0.08788298484752084,191.46857469135944,-5.809756074398013,193.179975,-5.79542608
30.0,1.096990000589,190.0,150.53857266996508,-0.08182007775294033,192.0285545160622,-6.1486109685525525,192.717475,-5.96889194
30.0,1.096990000589,200.0,150.22129665017587,-0.2067279778580162,192.9060068109609,-6.669232109853642,192.314411,-6.28633658
30.0,1.096990000589,210.0,150.15778599135558,-0.461043648481551,193.8845069452506,-7.348430381046282,191.872786,-6.73087833
30.0,1.096990000589,220.0,150.25815097342763,-0.833789269347143,194.75605126603543,-8.163951570706852,191.292209,-7.28442863
30.0,1.096990000589,230.0,150.5090956669652,-1.3206359600601292,195.40536890729405,-9.071261571046811,190.461328,-7.91848198
30.0,1.096990000589,240.0,150.99288891801152,-1.9275857576247428,195.7180324675036,-10.008500260119796,189.336018,-8.5987826
30.0,1.096990000589,250.0,151.55710907310544,-2.6373132828279573,195.5600810539629,-10.947768604456044,187.954026,-9.29388147
30.0,1.096990000589,260.0,152.04693174838508,-3.4240416001802445,194.79277536172583,-11.844312738075953,186.332605,-9.97884745
30.0,1.096990000589,270.0,152.60604228463893,-4.29236250785968,193.5232202507168,-12.66747500062292,184.424692,-10.6250805
30.0,1.096990000589,280.0,153.03405889012015,-5.202181982744414,191.7854695152923,-13.393353147435109,182.248201,-11.2077937
30.0,1.096990000589,290.0,153.36625295282786,-6.138108777503076,189.7250170555964,-13.989536777405826,179.983984,-11.7266169
30.0,1.096990000589,300.0,153.52179450222224,-7.051590426950288,187.4821339448956,-14.438942783651838,177.733532,-12.1624942
30.0,1.096990000589,310.0,153.6471043532008,-7.895116450243202,185.20676617273253,-14.737772780270856,175.627683,-12.5054319
30.0,1.096990000589,320.0,153.74754806393028,-8.651809571762204,183.11477750021825,-14.905884021311076,173.793729,-12.7515082
30.0,1.096990000589,330.0,153.74199021190074,-9.281896636758862,181.3588985720781,-14.95804989724711,172.359238,-12.9062075
30.0,1.096990000589,340.0,153.83737475518691,-9.7833234004052,180.0838329428906,-14.915788843747748,171.412707,-12.9745617
30.0,1.096990000589,350.0,154.02911737768966,-10.126565949139264,179.40587385304687,-14.800688842545036,171.06227,-12.9728274
30.0,1.185550571198,0.0,172.35436811197314,-10.949246446719188,201.8982503336588,-15.921998397142966,192.426295,-13.9839413
30.0,1.185550571198,10.0,172.33130235276846,-10.84452098172876,202.1866471478972,-15.617789103663048,193.148178,-13.8185922
30.0,1.185550571198,20.0,172.39606280439668,-10.564163890278884,203.2201319639045,-15.289939902330138,194.546847,-13.6139013
30.0,1.185550571198,30.0,172.46593527190507,-10.110248253697382,204.9084488442235,-14.932176783568096,196.557016,-13.3710683
30.0,1.185550571198,40.0,172.54094679030197,-9.507229020451488,207.08776340412703,-14.530754440147245,199.055765,-13.0842864
30.0,1.185550571198,50.0,172.59273812277726,-8.779337609823505,209.55170955115963,-14.0740758139156,201.913455,-12.7520632
30.0,1.185550571198,60.0,172.63015792915152,-7.952324041451721,212.0828913960536,-13.546276035795648,204.966496,-12.3698935
30.0,1.185550571198,70.0,172.62260286483496,-7.071591525377089,214.4177938128745,-12.934835438368834,208.045731,-11.9353954
30.0,1.185550571198,80.0,172.43878157717504,-6.161266506348773,216.3173476931904,-12.239247809678616,210.967589,-11.444407
30.0,1.185550571198,90.0,172.14395306442069,-5.255888102548817,217.965493035661,-11.534340880338949,213.551963,-10.8956785
30.0,1.185550571198,100.0,171.72204661093846,-4.3895192999448085,218.5974411376372,-10.705891935508696,215.671936,-10.302225
30.0,1.185550571198,110.0,171.21114956039295,-3.578394458430502,218.58447384763312,-9.868039198661222,217.121778,-9.66748062
30.0,1.185550571198,120.0,170.5728480846726,-2.84909256234823,218.05232013942123,-9.073481671163266,217.929044,-9.03619382
30.0,1.185550571198,130.0,169.9724772463527,-2.215478563226946,217.1671742163215,-8.375022983480259,218.193723,-8.45197549
30.0,1.185550571198,140.0,169.3967250337444,-1.6805813761467299,216.23416647273743,-7.812651775722879,218.07284,-7.95250149
30.0,1.185550571198,150.0,168.86814128973796,-1.2489938067660373,215.50224426033984,-7.422664244337709,217.724166,-7.56690537
30.0,1.185550571198,160.0,168.49173996117693,-0.9399430693212765,215.1744742537666,-7.23092040180344,217.343041,-7.32529138
30.0,1.185550571198,170.0,168.31523118330776,-0.7594731714149902,215.36794654332527,-7.252150652734088,217.011408,-7.23782222
30.0,1.185550571198,180.0,168.33632119368727,-0.7076622620842171,216.0984573828604,-7.48898111429564,216.79223,-7.31128156
30.0,1.185550571198,190.0,168.55404174524003,-0.7847954935287581,217.2785684467224,-7.932154340887105,216.678005,-7.54245705
30.0,1.185550571198,200.0,168.95843855312555,-0.9902316994349867,218.7432233133692,-8.561922370772535,216.591467,-7.91766355
30.0,1.185550571198,210.0,169.54156154981072,-1.3234878610899472,220.2531479959208,-9.346815626036756,216.409982,-8.41484047
30.0,1.185550571198,220.0,170.24703610979327,-1.7780176148244757,221.55319838593,-10.253100472510267,216.020958,-9.01063433
30.0,1.185550571198,230.0,170.9471322243003,-2.3306711965499867,222.4846434760653,-11.233102923777102,215.299084,-9.67303009
30.0,1.185550571198,240.0,171.64563064399653,-2.982315220508985,222.90732013120987,-12.228201487747327,214.183112,-10.3688925
30.0,1.185550571198,250.0,172.33112683321005,-3.726481270692587,222.7096760654892,-13.197624986978695,212.682687,-11.0673662
30.0,1.185550571198,260.0,172.84301949068245,-4.548319002232308,221.8094629394104,-14.095092866102496,210.83472,-11.739388
30.0,1.185550571198,270.0,173.2417923431337,-5.420511650379171,220.2741312049837,-14.889475593462796,208.647703,-12.3555936
30.0,1.185550571198,280.0,173.46506495728087,-6.326440077746844,218.20440930524668,-15.551030365434888,206.166305,-12.8914951
30.0,1.185550571198,290.0,173.5653454875922,-7.231655101303836,215.7227670011611,-16.06336498735168,203.554408,-13.3448977
30.0,1.185550571198,300.0,173.44826471207597,-8.100193530823658,213.01427584546204,-16.415083162090113,200.926858,-13.7014506
30.0,1.185550571198,310.0,173.29138470751656,-8.911376337916234,210.2562365819592,-16.60873351697127,198.427019,-13.9576608
30.0,1.185550571198,320.0,173.11227715922283,-9.617842233182559,207.64689199778897,-16.660689825233437,196.19683,-14.115785
30.0,1.185550571198,330.0,172.8990021247931,-10.19675781171408,205.35858288425425,-16.590984761031006,194.376935,-14.185047
30.0,1.185550571198,340.0,172.68188848016504,-10.622785188703732,203.55575320490604,-16.427824674612445,193.065974,-14.1729489
30.0,1.185550571198,350.0,172.4745413970207,-10.874316388922963,202.3723428624205,-16.19795079329349,192.388691,-14.0994939
30.0,1.274449428801,0.0,191.52520993433612,-11.895153958796834,225.332245157622,-17.527194363062932,215.48475,-15.5699274
30.0,1.274449428801,10.0,190.8615527236361,-11.66387337265028,225.1212086937173,-17.11799430217204,215.903111,-15.3415519
30.0,1.274449428801,20.0,190.26868373144814,-11.259621734146728,225.74403201580355,-16.707449922417563,217.088305,-15.0930518
30.0,1.274449428801,30.0,189.7352013161211,-10.698969750197552,227.12677044534863,-16.291987442377458,218.978738,-14.825367
30.0,1.274449428801,40.0,189.2494473431285,-10.00045680612707,229.10470639114217,-15.857543931660327,221.449491,-14.5310771
30.0,1.274449428801,50.0,188.78690126560437,-9.195663118972357,231.46627050188724,-15.386636109091794,224.361716,-14.2052675
30.0,1.274449428801,60.0,188.3289631569333,-8.31513991131955,233.96572578118392,-14.858863416286816,227.540768,-13.839906
30.0,1.274449428801,70.0,187.8644070394783,-7.391589561373306,236.3368633845628,-14.260726439470025,230.800803,-13.4293001
30.0,1.274449428801,80.0,187.38743653100934,-6.464060309213136,238.3341100127985,-13.588722254456393,233.933399,-12.9670219
30.0,1.274449428801,90.0,186.91255750710852,-5.564976354403255,240.15505316644035,-12.915862554701258,236.736456,-12.4516436
30.0,1.274449428801,100.0,186.45987437727624,-4.722586974584985,240.9482914510108,-12.126202246492786,239.066847,-11.8954616
30.0,1.274449428801,110.0,186.06279752750993,-3.9667159828542498,241.1192591925675,-11.334737527016484,240.761046,-11.3050759
30.0,1.274449428801,120.0,185.77309218042467,-3.2998534615774795,240.8150987444176,-10.587952916465822,241.840672,-10.7177728
30.0,1.274449428801,130.0,185.63213481775892,-2.7203325079973344,240.25186313641748,-9.937415118823774,242.41357,-10.176193
30.0,1.274449428801,140.0,185.68112516830368,-2.2521674265875378,239.7335509382856,-9.435887623548728,242.638983,-9.72146313
30.0,1.274449428801,150.0,185.95269080222008,-1.907717323523997,239.5241596293208,-9.122778210592978,242.685416,-9.38763442
30.0,1.274449428801,160.0,186.4647425383159,-1.6923344201152737,239.8457667829304,-9.028697984757844,242.747124,-9.20737322
30.0,1.274449428801,170.0,187.21842917925193,-1.6090457031005316,240.79482920766227,-9.167719987173005,242.900824,-9.19219932
30.0,1.274449428801,180.0,188.19337954536957,-1.6589689361457045,242.3418092996295,-9.538892308875836,243.179604,-9.34626133
30.0,1.274449428801,190.0,189.34899006250032,-1.8412953911339545,244.33583750663084,-10.126357273070036,243.538719,-9.6620091
30.0,1.274449428801,200.0,190.62702537357598,-2.153141793884707,246.5404333137645,-10.90110833254682,243.86522,-10.1203839
30.0,1.274449428801,210.0,191.95630656965858,-2.589254303372838,248.6809819032524,-11.822670618569658,244.010797,-10.6935801
30.0,1.274449428801,220.0,193.25789933033482,-3.141699539181041,250.483149606377,-12.84119649612854,243.846968,-11.3517992
30.0,1.274449428801,230.0,194.45594303881109,-3.783692432214666,251.7314432961864,-13.908530451455308,243.251898,-12.0588425
30.0,1.274449428801,240.0,195.48016422509198,-4.509380851819906,252.2660299184322,-14.96499609867506,242.148465,-12.7791448
30.0,1.274449428801,250.0,196.27349765523962,-5.308222183782799,251.99720282445983,-15.965756174570693,240.528538,-13.4823426
30.0,1.274449428801,260.0,196.79410535760235,-6.181076948267915,250.89071871487096,-16.860704262931158,238.424733,-14.1402093
30.0,1.274449428801,270.0,197.03149873202744,-7.080991475998708,249.02027776049093,-17.616087528164346,235.885797,-14.7239643
30.0,1.274449428801,280.0,196.98251538871136,-7.990216111611718,246.51204794175248,-18.20984069285329,232.994508,-15.2093489
30.0,1.274449428801,290.0,196.68251971495755,-8.871973177537221,243.5178849488932,-18.623236448661697,229.926719,-15.5932143
30.0,1.274449428801,300.0,196.1702548335872,-9.692247402136216,240.23530662013096,-18.856334567944494,226.808282,-15.864061
30.0,1.274449428801,310.0,195.49589720375104,-10.422813954065433,236.8577358471712,-18.91702314586332,223.798957,-16.0234157
30.0,1.274449428801,320.0,194.71590951300678,-11.035785176643888,233.6015250919421,-18.826672549874846,221.05435,-16.0783478
30.0,1.274449428801,330.0,193.8888730078013,-11.504255202904169,230.6537752889633,-18.61000348692336,218.728705,-16.0429616
30.0,1.274449428801,340.0,193.05814608865074,-11.81210631604382,228.19641650928472,-18.299717227963257,216.938441,-15.9303583
30.0,1.274449428801,350.0,192.26173217096942,-11.944839293781273,226.3818490651494,-17.928607891394382,215.822073,-15.7643329
30.0,1.363009999412,0.0,208.6474765477324,-12.34718428468806,246.2792633863897,-18.56989655019852,235.005291,-16.3377175
30.0,1.363009999412,10.0,207.26194606429962,-11.97905675739939,245.4449728355005,-18.021166076959823,235.017143,-16.0230351
30.0,1.363009999412,20.0,205.9603910610672,-11.444059070241847,245.53548739601283,-17.49352970968529,235.875688,-15.7047859
30.0,1.363009999412,30.0,204.74183233113655,-10.759307536384206,246.4952458067988,-16.987974623317395,237.527269,-15.3852328
30.0,1.363009999412,40.0,203.5937386331639,-9.953427064181318,248.16695546537707,-16.48958447810416,239.844303,-15.0561288
30.0,1.363009999412,50.0,202.50813380914755,-9.055810202137389,250.31807670079937,-15.972812695423707,242.675786,-14.7096028
30.0,1.363009999412,60.0,201.48264330479623,-8.099101342920138,252.6887290852009,-15.418422163707952,245.836268,-14.3353816
30.0,1.363009999412,70.0,200.52131639354172,-7.122248258516096,254.99391251235707,-14.80906402537186,249.119472,-13.9237252
30.0,1.363009999412,80.0,199.64246702056485,-6.164827194435567,256.97769537010345,-14.134588519110702,252.30786,-13.4667371
30.0,1.363009999412,90.0,198.88591808090004,-5.25129300003954,258.85899831412354,-13.473820715935524,255.1917,-12.9618835
30.0,1.363009999412,100.0,198.29004037180357,-4.427298522988008,259.724764045908,-12.701532922567615,257.621161,-12.4200681
30.0,1.363009999412,110.0,197.91865219184885,-3.6916248786840185,260.02270868964746,-11.93554681055141,259.453452,-11.8513962
30.0,1.363009999412,120.0,197.83247183543514,-3.04947304545439,259.9273097240612,-11.22630303839688,260.718066,-11.2932762
30.0,1.363009999412,130.0,198.08013543458344,-2.517751259324115,259.7001560156534,-10.631951305791857,261.537275,-10.7899857
30.0,1.363009999412,140.0,198.70011024053605,-2.1164452977736694,259.6740780604623,-10.208419405113348,262.099621,-10.3869835
30.0,1.363009999412,150.0,199.7122692886229,-1.8524471074953626,260.14033720090066,-9.999371527586352,262.589623,-10.1206638
30.0,1.363009999412,160.0,201.11032073304438,-1.7300907997723933,261.3128616385565,-10.036034774736876,263.190957,-10.0227827
30.0,1.363009999412,170.0,202.86036972561055,-1.751426967670307,263.244250867995,-10.32907752343913,263.96026,-10.103082
30.0,1.363009999412,180.0,204.89979689723538,-1.9162667743498665,265.83698254403083,-10.871420705896156,264.891469,-10.3617867
30.0,1.363009999412,190.0,207.1396776164096,-2.221990494644591,268.8598644971878,-11.638486297212816,265.900802,-10.7873761
30.0,1.363009999412,200.0,209.4714544964521,-2.663165765918893,271.9998937198093,-12.59117516879393,266.83027,-11.354957
30.0,1.363009999412,210.0,211.77481013167733,-3.231106682333467,274.9228272275344,-13.676486780152098,267.494862,-12.0311217
30.0,1.363009999412,220.0,213.92928430080966,-3.905462339622973,277.318016863336,-14.84005824852161,267.736197,-12.7801772
30.0,1.363009999412,230.0,215.8244311107078,-4.662325656993589,278.9417365642309,-16.019448991437468,267.408275,-13.5601262
30.0,1.363009999412,240.0,217.36430308149005,-5.49616498335017,279.63847481218403,-17.15470663448401,266.429645,-14.3320658
30.0,1.363009999412,250.0,218.47544377796254,-6.399371325675723,279.3340365633672,-18.199703869176307,264.791146,-15.0627745
30.0,1.363009999412,260.0,219.1235761709095,-7.341612589892823,278.02574175228284,-19.10036037275181,262.539237,-15.7239098
30.0,1.363009999412,270.0,219.30156702497516,-8.286642914095525,275.8109279605375,-19.829210273503964,259.748384,-16.2890049
30.0,1.363009999412,280.0,219.02740480163484,-9.21017354208913,272.84625753328464,-20.364955336501268,256.520742,-16.7354022
30.0,1.363009999412,290.0,218.35721394620012,-10.073122839111509,269.308855456746,-20.691577892436708,253.03906,-17.0594151
30.0,1.363009999412,300.0,217.36067616543514,-10.844236390529941,265.41511665406193,-20.81441725800965,249.452847,-17.2535932
30.0,1.363009999412,310.0,216.11114586617168,-11.49877112834605,261.378485634008,-20.745318683117976,245.931408,-17.3210632
30.0,1.363009999412,320.0,214.68879114878226,-12.012975308280913,257.4213477900016,-20.50813037953814,242.648445,-17.2732305
30.0,1.363009999412,330.0,213.17459605919547,-12.364133252017126,253.7505781015058,-20.133713890145263,239.774321,-17.1284481
30.0,1.363009999412,340.0,211.63125032390272,-12.54144493977831,250.5583558162077,-19.65935946347992,237.443192,-16.9048642
30.0,1.363009999412,350.0,210.1103619034841,-12.536453208334239,248.0169863673144,-19.124970204146027,235.811731,-16.6312966
30.0,1.450558283611,0.0,227.62741115396148,-13.287993256324997,267.3492565526435,-19.817438713256475,256.561876,-17.6941381
30.0,1.450558283611,10.0,225.40321479384866,-12.757874197579454,265.8097687698249,-19.10890570773879,256.104689,-17.2750138
30.0,1.450558283611,20.0,223.28639015013835,-12.06468188916172,265.2853304569141,-18.445898449078545,256.585712,-16.8712758
30.0,1.450558283611,30.0,221.27906900036348,-11.233972247604065,265.7430189058063,-17.832694616471738,257.955804,-16.485805
30.0,1.450558283611,40.0,219.38112989796548,-10.295915797900623,267.0351914595404,-17.25315100105265,260.091691,-16.1109295
30.0,1.450558283611,50.0,217.59971911674904,-9.28106237749148,268.9192941311388,-16.680386496073364,262.835148,-15.7367366
30.0,1.450558283611,60.0,215.94579518738186,-8.22708661074936,271.11533923526605,-16.09169974274261,265.982596,-15.3489363
30.0,1.450558283611,70.0,214.44177069998668,-7.179376387400054,273.3129734199583,-15.463067604307357,269.311657,-14.9343557
30.0,1.450558283611,80.0,213.13554759720765,-6.167372249964004,275.2475475514338,-14.778497958903268,272.595825,-14.4833867
30.0,1.450558283611,90.0,212.0868253367457,-5.232497313983631,277.16334023031953,-14.12734275484934,275.612252,-13.9909056
30.0,1.450558283611,100.0,211.36519091403287,-4.398371948093733,278.100485260228,-13.372123881819109,278.213047,-13.4680161
30.0,1.450558283611,110.0,211.0516751389422,-3.673164980963292,278.55046571581505,-12.635923190569269,280.270943,-12.9272099
30.0,1.450558283611,120.0,211.22594252931742,-3.0537378742773504,278.73044117373644,-11.97631919017497,281.833541,-12.408395
30.0,1.450558283611,130.0,211.94257204263516,-2.5730674150674524,278.94046735901594,-11.455460281678697,283.033451,-11.9574164
30.0,1.450558283611,140.0,213.23704475269727,-2.242177711026843,279.5531663898735,-11.134912579502249,284.07095,-11.621952
30.0,1.450558283611,150.0,215.1138942333845,-2.0673410066674522,280.86648664676903,-11.060033502666393,285.136014,-11.4404854
30.0,1.450558283611,160.0,217.53960499065917,-2.0522104154434975,283.0714561923891,-11.261469299716296,286.398636,-11.444288
30.0,1.450558283611,170.0,220.44036435472893,-2.1978858224261266,286.1558562982578,-11.744126018720976,287.889572,-11.6414325
30.0,1.450558283611,180.0,223.7040970812752,-2.5026487725762254,289.93939318733163,-12.492617370167252,289.567065,-12.0287227
30.0,1.450558283611,190.0,227.18680090806762,-2.9614404846026257,294.09637357524747,-13.470624707393991,291.294201,-12.5877575
30.0,1.450558283611,200.0,230.7226225413653,-3.5652301178360672,298.2331496671446,-14.623956456506209,292.865858,-13.2863512
30.0,1.450558283611,210.0,234.1378392287634,-4.29112596885663,301.9551067062273,-15.892642589053349,294.056649,-14.083339
30.0,1.450558283611,220.0,237.26332232853207,-5.11421363933196,304.9126176140571,-17.208572783320516,294.679493,-14.9361443
30.0,1.450558283611,230.0,239.94562165022353,-6.025643512525458,306.8687012026351,-18.498868317447872,294.577024,-15.7979481
30.0,1.450558283611,240.0,242.05864899457958,-7.013588392720027,307.6741429563766,-19.71280054364672,293.66569,-16.6261076
30.0,1.450558283611,250.0,243.52071713874741,-8.04660371801009,307.284902504057,-20.79332051702009,291.945518,-17.3858372
30.0,1.450558283611,260.0,244.2979997355989,-9.080616695580552,305.72233278281743,-21.69321046040232,289.476034,-18.048561
30.0,1.450558283611,270.0,244.38508752527918,-10.091770711422363,303.1205322035208,-22.38643621269905,286.35486,-18.5892666
30.0,1.450558283611,280.0,243.8322058999472,-11.035357968049162,299.6656221350883,-22.852418952888268,282.711196,-18.9882265
30.0,1.450558283611,290.0,242.71989052630303,-11.879203213234035,295.5533728486123,-23.08205051053408,278.737585,-19.2419181
30.0,1.450558283611,300.0,241.14207439735225,-12.596823110847502,291.0193169725044,-23.083155296494564,274.601475,-19.3455955
30.0,1.450558283611,310.0,239.20589048659656,-13.165485162792551,286.2869963305548,-22.87003180092462,270.489563,-19.3059556
30.0,1.450558283611,320.0,237.02401262335727,-13.564144874612516,281.59609645469624,-22.47198686411,266.585671,-19.1370188
30.0,1.450558283611,330.0,234.69765876043982,-13.779877725185393,277.1612017164891,-21.923625018294,263.083081,-18.8635265
30.0,1.450558283611,340.0,232.31352526621518,-13.80636530184749,273.18246705538866,-21.26687798542501,260.130025,-18.5080196
30.0,1.450558283611,350.0,229.94061943347782,-13.641082461623125,269.8474719464701,-20.548266103441662,257.905205,-18.1057682
30.0,1.536427986098,0.0,243.84408433630983,-14.128223511616678,285.19093850658624,-20.909396114807645,273.829331,-18.6850514
30.0,1.536427986098,10.0,240.82531544249943,-13.44596596603496,282.8214979065649,-20.027675417288147,272.827782,-18.1508586
30.0,1.536427986098,20.0,237.82734604006683,-12.606171517485379,281.54088135064325,-19.215541159936222,272.844595,-17.6484974
30.0,1.536427986098,30.0,234.9487311761642,-11.643456240743484,281.351617745125,-18.48078705377932,273.84288,-17.1837652
30.0,1.536427986098,40.0,232.1421648763696,-10.585012424911326,282.1451808854518,-17.800121495563573,275.692771,-16.748674
30.0,1.536427986098,50.0,229.40917781024734,-9.470480891717742,283.64360238280955,-17.155722697134962,278.222735,-16.3324056
30.0,1.536427986098,60.0,226.86118715530378,-8.341074245283702,285.54152240523257,-16.515999076633268,281.211591,-15.9194853
30.0,1.536427986098,70.0,224.4999208774278,-7.237058518070983,287.47683827811096,-15.857515067244544,284.418728,-15.4955378
30.0,1.536427986098,80.0,222.45415831060484,-6.188615465904806,289.19249692302105,-15.17089812329054,287.608261,-15.0488713
30.0,1.536427986098,90.0,220.9789929399764,-5.253358699184315,290.9914089082576,-14.537581823070594,290.565594,-14.5743425
30.0,1.536427986098,100.0,220.0365683393524,-4.4309257829900455,291.8731372454885,-13.813555740629155,293.15094,-14.0816669
30.0,1.536427986098,110.0,219.71013514191515,-3.7349355680118763,292.35167913280674,-13.131469292206653,295.264668,-13.585004
30.0,1.536427986098,120.0,220.13730834342323,-3.1696931586634474,292.738859278029,-12.551351502023875,296.97729,-13.1238795
30.0,1.536427986098,130.0,221.261297322972,-2.75452305565861,293.3873941818126,-12.135717468055557,298.45211,-12.7454992
30.0,1.536427986098,140.0,223.17512025496498,-2.505304852607536,294.7112407418411,-11.949331304870514,299.909214,-12.4978013
30.0,1.536427986098,150.0,225.86787441180073,-2.427687242932215,297.0054010910512,-12.036431705961638,301.553592,-12.4200217
30.0,1.536427986098,160.0,229.27870663294465,-2.524693444339999,300.42029406677284,-12.424058671000036,303.543688,-12.5417508
30.0,1.536427986098,170.0,233.29565168843865,-2.7964961792226473,304.8569820495401,-13.10883618001681,305.874081,-12.8674544
30.0,1.536427986098,180.0,237.75982828430824,-3.239804572303066,310.0283546379976,-14.064512524117688,308.447395,-13.3881342
30.0,1.536427986098,190.0,242.4748228298847,-3.8470152894316296,315.4774638311394,-15.24511050391123,311.065833,-14.0792509
30.0,1.536427986098,200.0,247.2555316139211,-4.5981282344055945,320.7299979469295,-16.59218242312317,313.466578,-14.9024741
30.0,1.536427986098,210.0,251.8878345925448,-5.4721904033470254,325.3492188799236,-18.027610457424792,315.37628,-15.8118212
30.0,1.536427986098,220.0,256.1130512012159,-6.453545291570278,328.8945307465365,-19.48692363543559,316.561857,-16.7607084
30.0,1.536427986098,230.0,259.81538358502246,-7.5275399647642125,331.17418763416373,-20.896953209295248,316.83153,-17.6996759
30.0,1.536427986098,240.0,262.8549068399934,-8.664005576103357,332.1134334120848,-22.18757544051085,316.088149,-18.5844868
30.0,1.536427986098,250.0,264.9850790182843,-9.801562073494328,331.7167122775334,-23.29372749329798,314.35405,-19.3766001
30.0,1.536427986098,260.0,266.1439853821822,-10.912534241963076,329.9914513833547,-24.18611319787846,311.739324,-20.0452631
30.0,1.536427986098,270.0,266.39486498430875,-11.954615863744996,327.1140482269273,-24.835563808957584,308.379099,-20.5644001
30.0,1.536427986098,280.0,265.71509245022634,-12.885760565707322,323.30044627268654,-25.218391768262865,304.422234,-20.9155463
30.0,1.536427986098,290.0,264.2127588216004,-13.677324863473878,318.7217515048463,-25.34162158097158,300.061484,-21.0971238
30.0,1.536427986098,300.0,262.10249587343344,-14.310789234812361,313.6269599064185,-25.2143999548898,295.466219,-21.1071471
30.0,1.536427986098,310.0,259.49848071878876,-14.764975362748226,308.2472663998926,-24.8539097941274,290.828056,-20.955657
30.0,1.536427986098,320.0,256.47961745552794,-15.021900295463997,302.83433284640205,-24.29343585090972,286.348405,-20.6625752
30.0,1.536427986098,330.0,253.33486165197405,-15.09105038734519,297.60778263670824,-23.5702280095966,282.225777,-20.2550101
30.0,1.536427986098,340.0,250.1277571890919,-14.961658705854616,292.7751530014197,-22.72997005110744,278.635009,-19.7623325
30.0,1.536427986098,350.0,246.94364782898492,-14.637500475281255,288.54150137738264,-21.825523106507944,275.775755,-19.224619
30.0,1.619965586583,0.0,259.7627415899213,-15.133565266500005,301.77987586388576,-22.02106628180719,290.683079,-19.8627406
30.0,1.619965586583,10.0,255.9085902579937,-14.294200323020625,298.53658286409444,-20.95726077236337,289.115258,-19.2034606
30.0,1.619965586583,20.0,251.98378708114618,-13.303477291271633,296.45320711612175,-19.98802295928539,288.647345,-18.5919069
30.0,1.619965586583,30.0,248.19070505863522,-12.204344989620399,295.61350578727115,-19.11291859667904,289.244345,-18.0370426
30.0,1.619965586583,40.0,244.3220145200944,-11.014368668270013,295.8499136740762,-18.320729053265435,290.773068,-17.5331302
30.0,1.619965586583,50.0,240.5437643077533,-9.793065052153933,296.9133573660095,-17.595116022772952,293.044826,-17.0684539
30.0,1.619965586583,60.0,236.9984043566804,-8.58080006250755,298.42768183522617,-16.896333342126322,295.82524,-16.6271726
30.0,1.619965586583,70.0,233.7074715951656,-7.4110333509164334,299.97327180569465,-16.216486287159142,298.869262,-16.1932321
30.0,1.619965586583,80.0,230.87397111762758,-6.32242261268937,301.4100161473281,-15.523035465408938,301.943866,-15.7528378
30.0,1.619965586583,90.0,228.97846614829942,-5.37600194340021,303.04710191614873,-14.903838944539205,304.843316,-15.2998859
30.0,1.619965586583,100.0,227.79936631598363,-4.561518572456329,303.8249493396168,-14.213521778729453,307.43451,-14.8422025
30.0,1.619965586583,110.0,227.4575217639467,-3.8940121162872785,304.3415148209854,-13.592956020231991,309.649596,-14.3961322
30.0,1.619965586583,120.0,228.14344426184715,-3.383079391545435,304.9938300988858,-13.09997623293942,311.5778,-14.0005577
30.0,1.619965586583,130.0,229.7966086031757,-3.0453958811565647,306.17405898995884,-12.800326576105206,313.411,-13.7040551
30.0,1.619965586583,140.0,232.36486456846097,-2.880520017098344,308.3279460869548,-12.760682255909307,315.383457,-13.5543984
30.0,1.619965586583,150.0,235.8890657802562,-2.901726734942583,311.7242353382824,-13.021710018520182,317.696221,-13.5895371
30.0,1.619965586583,160.0,240.30348542723252,-3.114210193714663,316.44722904989624,-13.604036392894312,320.478254,-13.8354083
30.0,1.619965586583,170.0,245.45783968439716,-3.5173408893715012,322.3098568662787,-14.496733528906502,323.685112,-14.2930445
30.0,1.619965586583,180.0,251.14636307513717,-4.106202265419247,328.89899189255624,-15.662070649677156,327.169917,-14.9492997
30.0,1.619965586583,190.0,257.20364595420887,-4.866554258441549,335.59858662440064,-17.059250942019066,330.686542,-15.7756098
30.0,1.619965586583,200.0,263.3601098242484,-5.781879851526209,341.98097333956497,-18.60475882225361,333.921111,-16.7296519
30.0,1.619965586583,210.0,269.2658337680932,-6.831765761328093,347.4024556694146,-20.216660572596805,336.540555,-17.7615833
30.0,1.619965586583,220.0,274.8054011285123,-8.000307634857831,351.44688404779413,-21.84210223206605,338.254576,-18.8206169
30.0,1.619965586583,230.0,279.7928854212595,-9.256489235662025,354.0424962585962,-23.375507252892447,338.833485,-19.8536976
30.0,1.619965586583,240.0,283.7559554715187,-10.529882689024163,355.214004137496,-24.72295422222291,338.207069,-20.8093403
30.0,1.619965586583,250.0,286.5197481995408,-11.779676821685555,354.8215761723521,-25.856245597886684,336.463486,-21.6431345
30.0,1.619965586583,260.0,288.119896070369,-12.96466545180651,352.9771402927306,-26.74488299256622,333.744441,-22.3199907
30.0,1.619965586583,270.0,288.4292153934775,-14.031912232908336,349.93630312984084,-27.330045748930445,330.197842,-22.8151833
30.0,1.619965586583,280.0,287.4399193587588,-14.938377072663442,345.7805445491392,-27.630789663529114,325.957894,-23.1129025
30.0,1.619965586583,290.0,285.56209008097363,-15.677560727222163,340.7524427852267,-27.647643495451803,321.210506,-23.2129947
30.0,1.619965586583,300.0,282.8726060449277,-16.220879984660904,335.0980520666413,-27.389702114471888,316.134823,-23.1180757
30.0,1.619965586583,310.0,279.36961869019547,-16.54245296138256,329.0597756576448,-26.87804060800764,310.937984,-22.8435002
30.0,1.619965586583,320.0,275.54711975065226,-16.657607085485825,322.91040534945523,-26.15216102546874,305.834649,-22.4133268
30.0,1.619965586583,330.0,271.6060787193446,-16.576276854358806,316.8728178686919,-25.25167178732598,301.050126,-21.8611389
30.0,1.619965586583,340.0,267.5981571691303,-16.287609295646533,311.15499176945497,-24.224702374612395,296.782482,-21.221389
30.0,1.619965586583,350.0,263.62529583963584,-15.801628197720774,305.9917770052044,-23.12889536186131,293.256314,-20.5389506
30.0,1.700535313487,0.0,275.32974708430567,-16.301676464968132,317.74617397164474,-23.27984716001933,306.341179,-21.0557673
30.0,1.700535313487,10.0,270.7409454489437,-15.30655866840425,313.6084242670302,-22.028170079698693,304.198554,-20.2671806
30.0,1.700535313487,20.0,265.86085710301006,-14.158676014914217,310.6965603827229,-20.89572246076094,303.248227,-19.5436734
30.0,1.700535313487,30.0,261.12855911149296,-12.917447170377695,309.2013445507407,-19.87136938296217,303.441696,-18.8961022
30.0,1.700535313487,40.0,256.16353089339947,-11.590434097269872,308.86046411302226,-18.95998851600121,304.629629,-18.320211
30.0,1.700535313487,50.0,251.21948034557124,-10.244274490196036,309.45324096840926,-18.14327814470833,306.612593,-17.805149
30.0,1.700535313487,60.0,246.62708879774019,-8.939488803819053,310.4525230926536,-17.390979142785934,309.146941,-17.3342396
30.0,1.700535313487,70.0,242.36860169586953,-7.696948020338712,311.61128012309814,-16.68062782181024,311.99361,-16.8888982
30.0,1.700535313487,80.0,238.75070218946422,-6.563173101370348,312.74137066679833,-15.974378536484211,314.932787,-16.4543131
30.0,1.700535313487,90.0,236.37617734805,-5.592612045209022,314.22223769702026,-15.368170151442223,317.764804,-16.0225673
30.0,1.700535313487,100.0,234.94492941415547,-4.779911714918969,314.89339144528526,-14.713975118781356,320.374167,-15.6013419
30.0,1.700535313487,110.0,234.56374691433004,-4.137237340717012,315.5175175535246,-14.156806643067142,322.714639,-15.2075277
30.0,1.700535313487,120.0,235.50402864923086,-3.676862988877137,316.51448148059933,-13.754199591003422,324.898427,-14.8804321
30.0,1.700535313487,130.0,237.6314685761155,-3.407760692403799,318.3375458186734,-13.577390801780878,327.127196,-14.6673184
30.0,1.700535313487,140.0,240.96066623288445,-3.337606623033062,321.4170779178546,-13.688892118726336,329.642695,-14.6155241
30.0,1.700535313487,150.0,245.44193673258218,-3.47162878519853,325.9969098846927,-14.127671353656035,332.629788,-14.7605792
30.0,1.700535313487,160.0,250.91876043798507,-3.808249504885339,332.0962519020576,-14.90920872482784,336.20247,-15.1276453
30.0,1.700535313487,170.0,257.2237779891677,-4.348395396849648,339.4312668092929,-16.014095029768963,340.286181,-15.7162717
30.0,1.700535313487,180.0,264.2947801666413,-5.091356698547845,347.34905414529527,-17.412093120263222,344.698982,-16.511718
30.0,1.700535313487,190.0,271.7973390629041,-6.024466676448124,355.3697124698435,-19.03564516574305,349.143324,-17.4822649
30.0,1.700535313487,200.0,279.3291976802357,-7.126467052119239,362.86824903956295,-20.783898099037543,353.236401,-18.5826172
30.0,1.700535313487,210.0,286.71923700308656,-8.37627908739723,368.880663128979,-22.63178378789118,356.563621,-19.7579346
30.0,1.700535313487,220.0,293.82121876779297,-9.748504889549325,373.4601605491022,-24.432609548692863,358.760228,-20.9518738
30.0,1.700535313487,230.0,299.9869854320722,-11.177406183596302,376.5242749487141,-26.06484969604377,359.605275,-22.1003482
30.0,1.700535313487,240.0,304.8217241200356,-12.598190083685514,377.9020936083489,-27.48125897608652,359.131233,-23.1403579
30.0,1.700535313487,250.0,308.2953498013528,-13.967597548842177,377.5379091972116,-28.650215317870448,357.470974,-24.0207933
30.0,1.700535313487,260.0,310.1341385905031,-15.219361630714994,375.7526731270206,-29.49719662019598,354.76599,-24.7072026
30.0,1.700535313487,270.0,310.17005642772796,-16.291604503526106,372.4877979314081,-30.029215621245346,351.106225,-25.1759251
30.0,1.700535313487,280.0,309.01559248461336,-17.18863345232065,367.97411526386514,-30.24674351230985,346.616657,-25.4135927
30.0,1.700535313487,290.0,306.5612852756923,-17.86359148184926,362.4568984958023,-30.15004995729725,341.484395,-25.4228687
30.0,1.700535313487,300.0,302.90272241216866,-18.291420654969627,356.2037942499924,-29.753796175775648,335.900687,-25.2109283
30.0,1.700535313487,310.0,298.680040156447,-18.489475971622966,349.47283367820654,-29.084333643123014,330.094617,-24.799148
30.0,1.700535313487,320.0,294.1396055394742,-18.46968347288255,342.5372825547886,-28.183022403673423,324.307584,-24.2179621
30.0,1.700535313487,330.0,289.4353796161863,-18.23440785263225,335.638013429232,-27.095557078494085,318.797461,-23.5077721
30.0,1.700535313487,340.0,284.65814088984,-17.783048256702408,328.9903133153853,-25.87434929368115,313.798128,-22.7098941
30.0,1.700535313487,350.0,279.92648546288973,-17.13187541440904,322.8451383587785,-24.58414177928308,309.564436,-21.8743573
30.0,1.777523982538,0.0,292.744093611178,-17.560265130215466,334.67673894851606,-24.407259222908586,323.641453,-22.2479762
30.0,1.777523982538,10.0,287.3469031856789,-16.38166543549857,329.66888690830257,-22.96763760455526,320.90058,-21.3251975
30.0,1.777523982538,20.0,281.4543415221101,-15.047360043629325,325.9955957723907,-21.668695597533883,319.444081,-20.4873839
30.0,1.777523982538,30.0,275.7413548904892,-13.634620174600995,323.8467861646189,-20.498005381809723,319.2096,-19.7462299
30.0,1.777523982538,40.0,269.7435156732256,-12.147540393201602,322.91973544964713,-19.470853169012752,320.038795,-19.0980099
30.0,1.777523982538,50.0,263.7381574460772,-10.650311524417098,323.01094433157624,-18.56335705408216,321.724982,-18.530627
30.0,1.777523982538,60.0,258.2263449207705,-9.228260422069555,323.4617299951308,-17.762650759452015,324.030286,-18.0259462
30.0,1.777523982538,70.0,253.18083479718197,-7.894566871414195,324.28729440220565,-17.01036308333531,326.730236,-17.5637903
30.0,1.777523982538,80.0,249.0314734780976,-6.701578001286862,325.157865700259,-16.27792393025212,329.607008,-17.1277455
30.0,1.777523982538,90.0,246.2635039093361,-5.692483665818261,326.53291345242314,-15.67324910836028,332.469818,-16.7098583
30.0,1.777523982538,100.0,244.59311722835162,-4.859931734587665,327.1497911770726,-15.0465189013004,335.210723,-16.3176972
30.0,1.777523982538,110.0,244.27331484778875,-4.226967759283342,327.9914839395369,-14.541100767971592,337.791785,-15.9684567
30.0,1.777523982538,120.0,245.48763947445948,-3.800229444375639,329.4254494604411,-14.218587961300614,340.328718,-15.7011423
30.0,1.777523982538,130.0,248.12427036841433,-3.588011965191584,331.9597868662105,-14.157102253833942,343.02402,-15.5627794
30.0,1.777523982538,140.0,252.19429903322998,-3.5984691287501587,336.0014621691051,-14.415985237178502,346.114812,-15.6006443
30.0,1.777523982538,150.0,257.6304173421687,-3.837461918037448,341.76995503480333,-15.034311351282208,349.786,-15.8517817
30.0,1.777523982538,160.0,264.2813031840364,-4.307787208982217,349.2238303736388,-16.023533991630945,354.133707,-16.3412504
30.0,1.777523982538,170.0,271.98766289644936,-5.00841785148077,357.9407042025473,-17.359927261983177,359.073222,-17.0700647
30.0,1.777523982538,180.0,280.56197585767535,-5.932970003453971,367.2018066825184,-19.01032823227008,364.395297,-18.0230015
30.0,1.777523982538,190.0,289.5091749530237,-7.064050170846938,376.5256938387084,-20.88226084520146,369.749475,-19.1659455
30.0,1.777523982538,200.0,298.45685683765345,-8.376813446517312,384.8710592255664,-22.89459811744751,374.679358,-20.4483676
30.0,1.777523982538,210.0,307.6538145022704,-9.876369046118157,391.6820316736089,-24.95562488756264,378.684954,-21.8065687
30.0,1.777523982538,220.0,316.0654787104016,-11.477628409624371,396.8956445164504,-26.91270763658217,381.358437,-23.1688104
30.0,1.777523982538,230.0,323.20862873171086,-13.111697803195446,400.4069098105428,-28.64581309466621,382.581697,-24.4532331
30.0,1.777523982538,240.0,328.85410117660535,-14.718980921279181,401.9318283070311,-30.13941398429145,382.413773,-25.5872632
30.0,1.777523982538,250.0,332.7323106194779,-16.23069038561904,401.6995913586602,-31.315343340781297,380.96832,-26.5206985
30.0,1.777523982538,260.0,334.3323910588205,-17.551503292860914,399.7458661386099,-32.14671938316419,378.295572,-27.2197767
30.0,1.777523982538,270.0,334.41981792064735,-18.68921064298819,396.15479260873616,-32.63359205662983,374.480395,-27.6618207
30.0,1.777523982538,280.0,332.6792466790714,-19.576177344776102,391.1950076264241,-32.77161482806035,369.657408,-27.8344592
30.0,1.777523982538,290.0,329.3770566134157,-20.187908443686364,385.129253450916,-32.56465935042325,364.030885,-27.7430696
30.0,1.777523982538,300.0,325.1738787135473,-20.53661969925885,378.2389270753208,-32.03118887711513,357.819694,-27.4002413
30.0,1.777523982538,310.0,320.28762693211655,-20.619275667429704,370.7891238619487,-31.200968184456656,351.284192,-26.8340983
30.0,1.777523982538,320.0,315.035076151371,-20.46393332790564,363.0557901921516,-30.11816005288071,344.703438,-26.0832819
30.0,1.777523982538,330.0,309.5042166206333,-20.06023675244284,355.298825615696,-28.835364646787298,338.370199,-25.1959934
30.0,1.777523982538,340.0,303.8585217525133,-19.425448482083844,347.7352518840223,-27.409186674813224,332.556632,-24.2218218
30.0,1.777523982538,350.0,298.2363621315825,-18.582997645855123,340.65450251275155,-25.91123970926535,327.555994,-23.2190088
30.0,1.850345663479,0.0,309.7216347680627,-18.947688248686344,350.6068341356327,-25.558452118371,339.577556,-23.3810406
30.0,1.850345663479,10.0,303.5258601826561,-17.576331865177877,344.72786050773965,-23.927119476944785,336.195989,-22.3165114
30.0,1.850345663479,20.0,296.7447165142006,-16.052438496191566,340.2987361918113,-22.45831759034661,334.205691,-21.3612913
30.0,1.850345663479,30.0,290.0707537375322,-14.459691687118706,337.4577746888562,-21.14432230568151,333.528686,-20.5271712
30.0,1.850345663479,40.0,283.1837182703762,-12.813279980844662,335.94099582390936,-20.002606832762407,333.990683,-19.8080227
30.0,1.850345663479,50.0,276.26686672182984,-11.171295745344738,335.4264287094559,-19.013097161868828,335.374158,-19.188984
30.0,1.850345663479,60.0,269.7952726025868,-9.609270702944155,335.42272849618274,-18.143942344601893,337.45223,-18.6506507
30.0,1.850345663479,70.0,264.04574752926595,-8.180952001256944,335.9030901111151,-17.344231539716066,340.00962,-18.1711784
30.0,1.850345663479,80.0,259.38984353835525,-6.922116372350741,336.53295756302504,-16.585074412630544,342.830903,-17.7329595
30.0,1.850345663479,90.0,256.2792001727668,-5.8716119702795755,337.7598554275176,-15.981870605308156,345.728054,-17.3271752
30.0,1.850345663479,100.0,254.45764975876506,-5.021582637268739,338.40091235311405,-15.374924726724254,348.595543,-16.960818
30.0,1.850345663479,110.0,254.15419088788857,-4.3893461839552,339.4639293270618,-14.915852231016942,351.401982,-16.6515118
30.0,1.850345663479,120.0,255.6617737642394,-3.9941254912043123,341.3544729384442,-14.671456040408946,354.268211,-16.438605
30.0,1.850345663479,130.0,258.8229968053603,-3.8381908749116707,344.6100676291523,-14.723904474623293,357.396944,-16.3693385
30.0,1.850345663479,140.0,263.64356116963796,-3.930568614075906,349.6241649196583,-15.131697780668311,361.030297,-16.4928285
30.0,1.850345663479,150.0,270.03858198914673,-4.278148318256827,356.60090324008223,-15.936248575656592,365.360429,-16.848983
30.0,1.850345663479,160.0,277.82671034648973,-4.884463806870363,365.4566950555732,-17.148084998700554,370.48992,-17.4667979
30.0,1.850345663479,170.0,286.97168394671513,-5.7503658038378305,375.5303832998852,-18.742491956123697,376.329027,-18.3499362
30.0,1.850345663479,180.0,296.9527390009477,-6.865319044135812,386.260914251361,-20.665811336606875,382.626787,-19.482301
30.0,1.850345663479,190.0,307.33641819438014,-8.209335966944543,396.8753513395515,-22.7996082297409,388.963996,-20.826565
30.0,1.850345663479,200.0,318.17910930749105,-9.782802633176786,406.0209706606289,-25.102277193488785,394.783459,-22.3232063
30.0,1.850345663479,210.0,328.7686160631585,-11.528962691059442,413.6536760862746,-27.381515591957665,399.48117,-23.8920068
30.0,1.850345663479,220.0,338.3386562255366,-13.368126461422568,419.60099530308656,-29.46745189467792,402.723229,-25.4371269
30.0,1.850345663479,230.0,346.40575264027996,-15.22251392720267,423.39387190685466,-31.31201872783288,404.449173,-26.8612088
30.0,1.850345663479,240.0,352.75979213879543,-17.027011288476626,425.1130808147775,-32.85727563789565,404.716318,-28.0918447
30.0,1.850345663479,250.0,356.42486053277,-18.645693631056844,424.8918155413707,-34.031131007549654,403.516972,-29.0797635
30.0,1.850345663479,260.0,358.3067799934355,-20.086892154133604,422.6777855367479,-34.84386795668754,400.876531,-29.7907344
30.0,1.850345663479,270.0,357.82536664618624,-21.255707037301708,418.7199756255989,-35.27952585741487,396.890933,-30.2022564
30.0,1.850345663479,280.0,355.4349360649796,-22.126534766628673,413.3050737536202,-35.33650055083002,391.713123,-30.3039621
30.0,1.850345663479,290.0,351.7618548829207,-22.70004793634114,406.700715790006,-35.02150445239278,385.566529,-30.1041915
30.0,1.850345663479,300.0,347.0344053861244,-22.9661598969236,399.2083270535497,-34.35418693810323,378.696932,-29.6202923
30.0,1.850345663479,310.0,341.6150580029875,-22.94609243073387,391.091328868875,-33.36681110630307,371.394519,-28.8868093
30.0,1.850345663479,320.0,335.65844956941055,-22.640706225877086,382.5912635838801,-32.10136176994829,363.970284,-27.9505401
30.0,1.850345663479,330.0,329.20627818587633,-22.05141846631071,373.990304020684,-30.61708772741763,356.754663,-26.8687883
30.0,1.850345663479,340.0,322.6646698063386,-21.220560495899527,365.520399751817,-28.978541343141856,350.066302,-25.7017592
30.0,1.850345663479,350.0,316.13281478500096,-20.174828115278803,357.4821322283992,-27.26934940944076,344.236151,-24.5161623
30.0,1.918446139346,0.0,325.40676298558964,-20.397011333125803,364.2670103558741,-26.580538691886144,353.457505,-24.4263696
30.0,1.918446139346,10.0,318.3291186135138,-18.82456064980668,357.5411218698587,-24.760425218986622,349.391044,-23.2112429
30.0,1.918446139346,20.0,310.92074239082,-17.123685812771654,352.36996170451124,-23.126225889404363,346.830477,-22.1322195
30.0,1.918446139346,30.0,303.33226592835547,-15.351842698116142,348.8424197885609,-21.671063604630145,345.681284,-21.2008159
30.0,1.918446139346,40.0,295.6912414095961,-13.55432709451701,346.73024899065257,-20.415607784904648,345.748833,-20.4078664
30.0,1.918446139346,50.0,287.9424222319878,-11.772751842683217,345.59146902225854,-19.344273371292875,346.817637,-19.7377536
30.0,1.918446139346,60.0,280.67565410045114,-10.086307226624802,345.15298368324994,-18.41098352970039,348.660666,-19.1669431
30.0,1.918446139346,70.0,274.16415342526375,-8.54940441485432,345.26234920908064,-17.562136825608537,351.065956,-18.6711915
30.0,1.918446139346,80.0,269.00896734599394,-7.224877701352279,345.6415538278812,-16.77733151808015,353.816834,-18.2309494
30.0,1.918446139346,90.0,265.61536006958335,-6.136555638926513,346.68128397971986,-16.174033454678227,356.729313,-17.8368877
30.0,1.918446139346,100.0,263.69967527474887,-5.272826300699694,347.33684127908083,-15.58552518266994,359.699707,-17.4952448
30.0,1.918446139346,110.0,263.47240203204666,-4.650108036247715,348.58218854248344,-15.169113109788531,362.698403,-17.2233288
30.0,1.918446139346,120.0,265.2430397893166,-4.282752202388898,350.90491036719294,-15.001534684916734,365.853904,-17.06136
30.0,1.918446139346,130.0,268.9112314911764,-4.182714131815953,354.8450480308197,-15.165143116888714,369.380057,-17.0585571
30.0,1.918446139346,140.0,274.4702917685579,-4.359333020973772,360.8294203529948,-15.724849180430237,373.540038,-17.2681965
30.0,1.918446139346,150.0,281.79539420002857,-4.818221683033669,369.03024268854114,-16.722456472264856,378.542004,-17.7348791
30.0,1.918446139346,160.0,290.82828591617925,-5.56550181926224,379.307577822181,-18.166550117981483,384.500163,-18.4923674
30.0,1.918446139346,170.0,301.23837623806185,-6.600009233140498,390.7691713443229,-20.03100872063826,391.30581,-19.5463835
30.0,1.918446139346,180.0,312.55678542446304,-7.9103496373280855,402.98504273726206,-22.23890224546339,398.650161,-20.8796111
30.0,1.918446139346,190.0,324.55021307163514,-9.488282083775722,414.5921158626487,-24.676019961173107,406.023652,-22.4498366
30.0,1.918446139346,200.0,337.0231305320362,-11.319037097512787,424.7187292473521,-27.224725314689707,412.73356,-24.1839912
30.0,1.918446139346,210.0,348.91791612926426,-13.317253472263323,433.1812007443691,-29.67441580178796,418.147988,-25.9736893
30.0,1.918446139346,220.0,359.4599387012501,-15.38886512946167,439.5819680966529,-31.882427107790274,422.040642,-27.6995643
30.0,1.918446139346,230.0,368.4779992139698,-17.47514193169628,443.53755429452485,-33.81033557263552,424.375205,-29.2586988
30.0,1.918446139346,240.0,374.7083302414213,-19.41848429300818,445.4345431851866,-35.34798193597617,425.079084,-30.5797297
30.0,1.918446139346,250.0,378.85435577603465,-21.199796522621092,444.9816260949551,-36.50902549707517,424.090429,-31.6140925
30.0,1.918446139346,260.0,380.2363944991152,-22.7097739496023,442.4776826112052,-37.28805630019866,421.44933,-32.3282869
30.0,1.918446139346,270.0,379.3154214440092,-23.908267371281127,438.15069322159326,-37.664460756080544,417.271651,-32.7023874
30.0,1.918446139346,280.0,376.7318113547852,-24.783468358381953,432.3321729012368,-37.64899820217562,411.733677,-32.7294208
30.0,1.918446139346,290.0,372.9040982985438,-25.328027460552992,425.3092284350776,-37.24348307330575,405.084629,-32.4204663
30.0,1.918446139346,300.0,368.0173223306988,-25.540273725690337,417.3570262014586,-36.4663927254261,397.593461,-31.7969562
30.0,1.918446139346,310.0,362.08217164845104,-25.405646095148068,408.7102580022318,-35.34418617177945,389.555182,-30.895327
30.0,1.918446139346,320.0,355.3213513222044,-24.93327162065864,399.5931095822186,-33.91825099262322,381.303634,-29.7697359
30.0,1.918446139346,330.0,347.989078180016,-24.15242718061559,390.25923483021126,-32.249459345118346,373.198688,-28.4862135
30.0,1.918446139346,340.0,340.30905431727115,-23.099274255981957,380.9626902624054,-30.40895982955472,365.606183,-27.1158955
30.0,1.918446139346,350.0,332.7100397109517,-21.83199384533515,372.031402630509,-28.49266895915633,358.908122,-25.7367544
30.0,1.981307124396,0.0,339.4870068736454,-21.851917719835974,374.8504285559181,-27.300922003354856,364.721118,-25.2686013
30.0,1.981307124396,10.0,331.55719933636493,-20.07722817831689,367.3197682070781,-25.30647293044608,359.953914,-23.8989345
30.0,1.981307124396,20.0,323.6350219276166,-18.2051715709032,361.4411138161565,-23.51427764715196,356.798138,-22.6920599
30.0,1.981307124396,30.0,315.1809967816278,-16.25701329006595,357.2179256636441,-21.92339546633863,355.144413,-21.6604514
30.0,1.981307124396,40.0,306.9001927664309,-14.317454245085164,354.4805989364013,-20.555911632396075,354.791057,-20.7943284
30.0,1.981307124396,50.0,298.39487858252835,-12.402893880344282,352.6746371907562,-19.41315158231853,355.511222,-20.0735238
30.0,1.981307124396,60.0,290.51513529113845,-10.612607628209224,351.7735784532005,-18.4180139272942,357.092261,-19.4715464
30.0,1.981307124396,70.0,283.38635868271325,-8.98149529114634,351.48946903004054,-17.522959077355633,359.320861,-18.9608251
30.0,1.981307124396,80.0,277.61386145911524,-7.575230037364635,351.55761368476624,-16.716760151726977,361.981175,-18.520246
30.0,1.981307124396,90.0,274.0156787203874,-6.456391695090299,352.4025499218447,-16.114936658117085,364.880617,-18.1377615
30.0,1.981307124396,100.0,272.0755171222947,-5.585504899612795,353.0516422290782,-15.545566185466924,367.916307,-17.8188912
30.0,1.981307124396,110.0,272.01620900747525,-4.97855056362468,354.4773534150649,-15.174424573782067,371.072895,-17.5826237
30.0,1.981307124396,120.0,274.0786476886152,-4.649483702021291,357.23187230970115,-15.085022681339996,374.487988,-17.4703217
30.0,1.981307124396,130.0,278.27066338349806,-4.609566285981834,361.87000426645386,-15.36168818210536,378.397584,-17.5347479
30.0,1.981307124396,140.0,284.5234483576844,-4.869738019294506,368.85375944648376,-16.076416803084296,383.088912,-17.8337782
30.0,1.981307124396,150.0,292.81721664773903,-5.440872421802609,378.3283971052285,-17.272748330277928,388.793947,-18.4179213
30.0,1.981307124396,160.0,302.9846670076673,-6.3319814868657875,390.034242569504,-18.96142263069008,395.621432,-19.3238307
30.0,1.981307124396,170.0,314.58443346157424,-7.538144957126676,402.9813700741916,-21.091944102012608,403.436549,-20.5594377
30.0,1.981307124396,180.0,327.1568593298922,-9.04678916285836,416.6352781707697,-23.57482533644656,411.861909,-22.1061456
30.0,1.981307124396,190.0,340.9433819446125,-10.88015549846227,429.1469891341417,-26.289446278366142,420.269125,-23.9139964
30.0,1.981307124396,200.0,354.71964389996924,-12.957201195297504,440.1177143838154,-29.049296876380776,427.818487,-25.8855369
30.0,1.981307124396,210.0,367.6336496595447,-15.192446729450902,449.2239669107298,-31.60995382826495,433.968585,-27.8822892
30.0,1.981307124396,220.0,379.2432434768733,-17.514374493864896,455.7691904195356,-33.88719070055401,438.537104,-29.7658375
30.0,1.981307124396,230.0,388.395482088056,-19.77677877215977,459.82252408014295,-35.80197655363079,441.409651,-31.4337024
30.0,1.981307124396,240.0,395.1217979017891,-21.90420883238637,461.4719794432019,-37.31385281091331,442.410369,-32.8163239
30.0,1.981307124396,250.0,398.9377775328488,-23.794718054575327,460.6589177445736,-38.42066739513508,441.504615,-33.8694563
30.0,1.981307124396,260.0,399.99485252623623,-25.373976117329704,457.7923834153283,-39.1376884565116,438.767583,-34.5659316
30.0,1.981307124396,270.0,399.0549156003939,-26.620849937536917,453.10290513826425,-39.45070707733484,434.353767,-34.8928038
30.0,1.981307124396,280.0,396.81394542864587,-27.53456798143145,446.992277337588,-39.37497876434865,428.482797,-34.8485153
30.0,1.981307124396,290.0,392.9042903957424,-28.060800633133525,439.7092593741763,-38.9098646510706,421.421349,-34.4455237
30.0,1.981307124396,300.0,387.50703988017665,-28.182537978226836,431.4892696537336,-38.0648353863895,413.430915,-33.7031119
30.0,1.981307124396,310.0,380.8870078137153,-27.906096395772224,422.5230971545672,-36.85680950863457,404.799463,-32.6577771
30.0,1.981307124396,320.0,373.3420638887599,-27.258987387556513,412.9983599846693,-35.317736093733096,395.845965,-31.3632143
30.0,1.981307124396,330.0,365.1515180105949,-26.27926928827375,403.12012433248566,-33.50732257612142,386.947594,-29.8926651
30.0,1.981307124396,340.0,356.5633453635942,-25.012197916155657,393.1447774446743,-31.49872997785479,378.508261,-28.3270816
30.0,1.981307124396,350.0,347.7878931319253,-23.50750266371702,383.43554768598193,-29.40060601739773,370.962983,-26.7558094
30.0,2.038450208578,0.0,351.8623321459778,-23.218449162499212,381.56786927329455,-27.45616117895285,372.862025,-25.7213501
30.0,2.038450208578,10.0,343.0741208329012,-21.236385331606456,373.37688036562014,-25.331637375959897,367.441215,-24.2049205
30.0,2.038450208578,20.0,334.6337218676962,-19.191173762724567,366.9114326010576,-23.399616194262283,363.706658,-22.8766846
30.0,2.038450208578,30.0,325.32097605839976,-17.06709271506225,362.03256668861417,-21.6945492168179,361.529349,-21.7501396
30.0,2.038450208578,40.0,316.40957108456547,-14.988660990402044,358.564485591266,-20.24992798809602,360.711703,-20.8161739
30.0,2.038450208578,50.0,307.1823404573143,-12.947920791139012,356.1518533766512,-19.0454414119273,361.041316,-20.051053
30.0,2.038450208578,60.0,298.7364918371516,-11.062879515292954,354.7671894604296,-17.995602676754558,362.328471,-19.4234192
30.0,2.038450208578,70.0,291.16106840057245,-9.362534502630002,354.073646443876,-17.06162745524316,364.351493,-18.9016649
30.0,2.038450208578,80.0,284.96155260368045,-7.8999700306289355,353.74026525403696,-16.254137404679344,366.888418,-18.4625645
30.0,2.038450208578,90.0,281.0366791109605,-6.736413614771765,354.4344875009131,-15.655784432502289,369.743956,-18.0926997
30.0,2.038450208578,100.0,279.1438332719232,-5.868613574433353,355.0616925653687,-15.109022787452652,372.820432,-17.7975963
30.0,2.038450208578,110.0,279.3185892177282,-5.286701291123306,356.65993584033305,-14.785756027767992,376.107617,-17.5966329
30.0,2.038450208578,120.0,281.73738477541735,-5.004023992508552,359.82497994795693,-14.772778356270804,379.759976,-17.533409
30.0,2.038450208578,130.0,286.5029976817915,-5.0336385294184085,365.1304019258566,-15.156610269513182,384.041077,-17.6647791
30.0,2.038450208578,140.0,293.5815844178079,-5.388279118600143,373.0905098793864,-16.018830587747228,389.260863,-18.0528847
30.0,2.038450208578,150.0,302.8605508151532,-6.079859734322196,383.7958627081469,-17.400384511766056,395.670917,-18.7529577
30.0,2.038450208578,160.0,314.065322240348,-7.115834053881523,396.89916401634224,-19.30649061317365,403.370255,-19.8043358
30.0,2.038450208578,170.0,326.8024007373439,-8.49529683528962,411.2189823551621,-21.67099285562055,412.192664,-21.2164139
30.0,2.038450208578,180.0,340.9811668224477,-10.229951722792716,426.0863750013584,-24.375779760472664,421.676433,-22.9668481
30.0,2.038450208578,190.0,356.09843479055337,-12.297934483630891,439.3827655459906,-27.29043642308592,431.045557,-24.9921606
30.0,2.038450208578,200.0,371.0328929176331,-14.616643042583403,450.8761286618339,-30.172521326928777,439.373777,-27.1680531
30.0,2.038450208578,210.0,384.9822517742574,-17.097042358694214,460.20040715582286,-32.76386942817742,446.165698,-29.3252537
30.0,2.038450208578,220.0,397.1737209555371,-19.634842362935807,466.57565837287217,-35.01650401695306,451.254229,-31.3171393
30.0,2.038450208578,230.0,406.62803086284407,-22.08124354432538,470.34534068298655,-36.85262155341165,454.40061,-33.0398364
30.0,2.038450208578,240.0,413.4066413230824,-24.366487751930123,471.521892776437,-38.267523690021456,455.453992,-34.4329471
30.0,2.038450208578,250.0,416.8619387077968,-26.355900078811146,470.2569481980309,-39.276440798813326,454.437782,-35.463149
30.0,2.038450208578,260.0,418.1033709050223,-28.03058014645294,467.0035455922512,-39.90626466088482,451.485351,-36.115631
30.0,2.038450208578,270.0,417.8787324001868,-29.377758401083682,462.0366059628014,-40.15406562626149,446.813229,-36.3878387
30.0,2.038450208578,280.0,415.54833618478636,-30.308019438622043,455.76193001527184,-40.03859246227069,440.6797,-36.2843965
30.0,2.038450208578,290.0,411.2648344164507,-30.780489753757642,448.4022970375615,-39.55328453485757,433.352776,-35.8169276
30.0,2.038450208578,300.0,405.313971164145,-30.793412572187652,440.15394443407087,-38.69815866547305,425.074878,-35.00035
30.0,2.038450208578,310.0,398.01492602495796,-30.36638621059223,431.13688601710055,-37.47287800147393,416.088363,-33.8620728
30.0,2.038450208578,320.0,389.68876545742796,-29.534934123347753,421.4875716375474,-35.89974061610669,406.67664,-32.4500893
30.0,2.038450208578,330.0,380.6388401656262,-28.34625326208592,411.3563944897575,-34.02464601122793,397.198748,-30.8366789
30.0,2.038450208578,340.0,371.13744516363965,-26.855247503490798,400.97825426549406,-31.921081785187702,388.08254,-29.1098788
30.0,2.038450208578,350.0,361.41912829780085,-25.121216470226493,390.7696725919321,-29.70302842741447,379.815072,-27.3706913
30.0,2.089440498517,0.0,362.5793880087302,-24.378379608586283,382.5525004841846,-26.56531109293195,377.431955,-25.5702739
30.0,2.089440498517,10.0,352.795089001089,-22.171091397997333,374.02565981953967,-24.36461696721068,371.488339,-23.9333458
30.0,2.089440498517,20.0,343.4654229648239,-19.92137461417973,367.06784276007664,-22.34971210668604,367.208582,-22.5032506
30.0,2.089440498517,30.0,333.37874890457306,-17.62586958963953,361.5434125411665,-20.5884227970888,364.478795,-21.3005565
30.0,2.089440498517,40.0,323.68043691043425,-15.401637053744965,357.24838297279484,-19.13887849381677,363.127353,-20.3143979
30.0,2.089440498517,50.0,313.686303045441,-13.23989123162811,354.2981973149915,-17.89117043582478,363.016522,-19.5166588
30.0,2.089440498517,60.0,304.62143430969417,-11.266726327757693,352.41010410079554,-16.811271108081645,363.980451,-18.8730858
30.0,2.089440498517,70.0,296.5939120024103,-9.509118247737131,351.15519061896686,-15.886236611683236,365.77451,-18.3474572
30.0,2.089440498517,80.0,290.1475355914742,-8.018806678292508,350.52334401242325,-15.082372777314696,368.16543,-17.9143758
30.0,2.089440498517,90.0,286.1461016785668,-6.850058173228477,351.0728890920398,-14.500231533251146,370.956961,-17.560052
30.0,2.089440498517,100.0,284.1618372091073,-5.974941958987781,351.6840550822439,-13.986383870527684,374.046175,-17.2890154
30.0,2.089440498517,110.0,284.60491497675446,-5.426870600409457,353.45186161244254,-13.71472200166289,377.440221,-17.1231063
30.0,2.089440498517,120.0,287.5074132938073,-5.2011233258387515,357.0120704927092,-13.773913705753715,381.302206,-17.1061179
30.0,2.089440498517,130.0,292.93175000499383,-5.308583177658379,362.9607475222286,-14.25179612197678,385.924242,-17.2984957
30.0,2.089440498517,140.0,300.850564172449,-5.7636579049473005,371.8475997132045,-15.235926643731188,391.637327,-17.7656466
30.0,2.089440498517,150.0,311.10559907653214,-6.579862501461424,383.67843944675207,-16.76002424013532,398.70526,-18.5659962
30.0,2.089440498517,160.0,323.40036278354347,-7.7662302488519686,398.0568348303052,-18.81389183324097,407.224745,-19.741784
30.0,2.089440498517,170.0,337.30590377146206,-9.322279319019847,413.57238771123895,-21.32527224112657,416.989743,-21.3003395
30.0,2.089440498517,180.0,353.0917488521447,-11.284888646275851,429.2836752444927,-24.14091557791883,427.483131,-23.217671
30.0,2.089440498517,190.0,369.48397545582395,-13.583839270996748,443.2253579179582,-27.09549175296833,437.747909,-25.4073121
30.0,2.089440498517,200.0,385.48611133343866,-16.135093722608527,454.78015445495,-29.95540708968763,446.704944,-27.7141386
30.0,2.089440498517,210.0,400.5430488069563,-18.86559062649436,463.7326724196938,-32.47062247272785,453.874572,-29.953487
30.0,2.089440498517,220.0,412.9429686323537,-21.5873031802531,469.59699726681873,-34.58082935915772,459.119925,-31.9772292
30.0,2.089440498517,230.0,423.1484392880353,-24.25043905199327,472.57391084552086,-36.28211152029525,462.194594,-33.6837643
30.0,2.089440498517,240.0,429.38155967609094,-26.653186132074232,473.0903159321082,-37.52621950069256,463.014889,-35.0265154
30.0,2.089440498517,250.0,433.18472443298253,-28.781280562961513,471.28826590376224,-38.390481103803694,461.70004,-35.9916873
30.0,2.089440498517,260.0,435.3801509011573,-30.610942914953558,467.65371718971386,-38.91203439020769,458.450217,-36.5779329
30.0,2.089440498517,270.0,435.2188030680597,-32.023020775798344,462.505738601211,-39.09473348948877,453.542045,-36.7954679
30.0,2.089440498517,280.0,432.67589774176423,-32.944418156867215,456.213795534972,-38.95921416685183,447.25054,-36.6529241
30.0,2.089440498517,290.0,428.4982618325392,-33.395631519699215,448.9732621476681,-38.49565081764572,439.834803,-36.1602195
30.0,2.089440498517,300.0,422.2777223124415,-33.31860284967573,440.9448201761622,-37.69538067060089,431.506312,-35.3254438
30.0,2.089440498517,310.0,414.310180871302,-32.73402100167292,432.1683851249011,-36.53956425445063,422.457315,-34.1646214
30.0,2.089440498517,320.0,404.951658505757,-31.68659072326413,422.7286659935128,-35.03503237415811,412.907796,-32.7115996
30.0,2.089440498517,330.0,394.5447844701972,-30.235579993635483,412.7114735452121,-33.205994568558104,403.17451,-31.0297915
30.0,2.089440498517,340.0,383.99460524969385,-28.49933830541842,402.31974337560246,-31.12552614188849,393.676607,-29.2060579
30.0,2.089440498517,350.0,373.3143678287713,-26.529865754401897,392.1210864186504,-28.853729823426715,384.923866,-27.3482991
30.0,2.133889927319,0.0,369.38625497364797,-25.229538217989052,375.1752508334007,-24.42706577928115,376.632162,-24.8431857
30.0,2.133889927319,10.0,358.509377905461,-22.798348657226384,366.6889781843764,-22.244659554418007,370.401782,-23.1479539
30.0,2.133889927319,20.0,348.34410837645146,-20.3641942203214,359.3083508510072,-20.276453670906683,365.599838,-21.6480087
30.0,2.133889927319,30.0,337.4537085156343,-17.900844829649856,353.1010157982533,-18.606996385445623,362.187172,-20.3777011
30.0,2.133889927319,40.0,326.95953475773086,-15.543757554035807,348.34536485858433,-17.158303463914017,360.162303,-19.3366655
30.0,2.133889927319,50.0,316.25484272874206,-13.280909666294253,344.85938281056974,-15.935265270683686,359.509128,-18.5025638
30.0,2.133889927319,60.0,306.6201535726823,-11.23948148525049,342.42976299973515,-14.893484341734132,360.043896,-17.8365346
30.0,2.133889927319,70.0,298.2130443378711,-9.446239129746091,340.850951411786,-13.98746066161103,361.524431,-17.3026808
30.0,2.133889927319,80.0,291.64831243521564,-7.952163026592046,339.9867948585054,-13.212127935909516,363.694259,-16.8719248
30.0,2.133889927319,90.0,287.66025179062575,-6.798878691782315,340.39668751348586,-12.664260082185498,366.35096,-16.5300803
30.0,2.133889927319,100.0,285.88045310638626,-5.959235084083321,340.9754337024672,-12.197063314971674,369.3903,-16.2809039
30.0,2.133889927319,110.0,286.54390031643413,-5.4451352180797485,342.8612877691882,-11.977934452424783,372.826537,-16.1458434
30.0,2.133889927319,120.0,289.8963572972879,-5.277275774772938,346.71412229028215,-12.093489657725303,376.84014,-16.169665
30.0,2.133889927319,130.0,296.0035718826577,-5.468485141799167,353.1400185894341,-12.62902516830207,381.736513,-16.4133536
30.0,2.133889927319,140.0,304.74113738010016,-6.025790573260051,362.7044274998762,-13.673161971156151,387.874384,-16.9456345
30.0,2.133889927319,150.0,315.9244612857885,-6.9643150996803795,375.2890268257508,-15.254401752598758,395.541534,-17.8296825
30.0,2.133889927319,160.0,329.227247283255,-8.294444941564514,390.39760040605057,-17.35006000661237,404.833976,-19.1105236
30.0,2.133889927319,170.0,344.4307338805558,-10.031168265082295,406.6813208635437,-19.83892373617286,415.53644,-20.797526
30.0,2.133889927319,180.0,361.40763861553853,-12.190227014981023,422.5999237902838,-22.60053054378859,426.9827,-22.8461916
30.0,2.133889927319,190.0,378.86754950301025,-14.696766133484463,436.8135259570508,-25.36991811352186,438.014106,-25.1386531
30.0,2.133889927319,200.0,395.8241861726723,-17.462291384026127,447.9300911908192,-28.04359406623914,447.333815,-27.4858511
30.0,2.133889927319,210.0,411.3913742539562,-20.385109607144752,455.9700739849377,-30.383325141217416,454.445675,-29.6962372
30.0,2.133889927319,220.0,424.3425373658389,-23.299705551393565,461.04269901572906,-32.25063231566154,459.311185,-31.633013
30.0,2.133889927319,230.0,434.23666548826384,-26.098967439381912,463.1977065269776,-33.71473776512217,461.868167,-33.2217069
30.0,2.133889927319,240.0,440.8647005281163,-28.654171630118505,462.8406915354387,-34.808145244967875,462.144656,-34.4385782
30.0,2.133889927319,250.0,445.6328192480274,-30.95785738146532,460.4857387823287,-35.53768934948736,460.343635,-35.2877596
30.0,2.133889927319,260.0,448.1567633593079,-32.89346961620152,456.5780365489898,-35.94564992114369,456.746698,-35.7846032
30.0,2.133889927319,270.0,448.0872037205422,-34.34945285196062,451.3753545003835,-36.07347903795637,451.646741,-35.9448093
30.0,2.133889927319,280.0,446.1507327945733,-35.32362342447176,445.22872034670894,-35.94049999387804,445.318585,-35.7793814
30.0,2.133889927319,290.0,441.63725747725965,-35.71022119612024,438.30400253814105,-35.53260560173838,438.004777,-35.2963447
30.0,2.133889927319,300.0,434.8689149848358,-35.51299211661005,430.7338114091827,-34.83672054584758,429.878865,-34.4957551
30.0,2.133889927319,310.0,426.20828205220437,-34.762804655888765,422.5030627004035,-33.82072949427887,421.092037,-33.3833069
30.0,2.133889927319,320.0,416.0305042970329,-33.51268074392063,413.6441408404371,-32.47850099699041,411.81892,-31.9809607
30.0,2.133889927319,330.0,404.7017437712662,-31.832298279718383,404.1659646153341,-30.812512599019925,402.320543,-30.3374605
30.0,2.133889927319,340.0,392.71439674199394,-29.820764672030755,394.436496903088,-28.81859016882869,392.965703,-28.5291184
30.0,2.133889927319,350.0,381.08491919313377,-27.61240706231454,384.5805655551003,-26.652777557978126,384.229315,-26.6590684
30.0,2.171460207989,0.0,364.0144333832504,-25.5748690030298,352.10619099948326,-21.17232115214328,371.27475,-25.3415553
30.0,2.171460207989,10.0,352.4496776154017,-23.01123838733021,343.91026703952645,-19.22396722842214,365.011702,-23.6336013
30.0,2.171460207989,20.0,342.01014427549774,-20.496150257092626,336.40873246475803,-17.464775468746392,360.273207,-22.1174694
30.0,2.171460207989,30.0,331.3018085687448,-17.997191761700066,330.1853736662335,-15.900755626771549,356.946248,-20.8218695
30.0,2.171460207989,40.0,320.6491435996038,-15.595873304220186,325.1320018467404,-14.57161687662606,354.882937,-19.7438755
30.0,2.171460207989,50.0,309.9129554666541,-13.312842343920586,321.3875609894755,-13.434227261802487,354.044322,-18.8682944
30.0,2.171460207989,60.0,300.3532900639163,-11.282811719905606,318.76511493553875,-12.459478971821849,354.344661,-18.1683148
30.0,2.171460207989,70.0,292.106925546943,-9.51806433330664,317.00038321651954,-11.621214880793325,355.581318,-17.6098356
30.0,2.171460207989,80.0,285.7071163020014,-8.061789257637955,315.9766871924095,-10.91269036037714,357.54724,-17.16775
30.0,2.171460207989,90.0,282.0142846250941,-6.961467662898365,316.2823739140469,-10.421528004158306,360.059085,-16.8271471
30.0,2.171460207989,100.0,280.6625844725055,-6.187391992328239,316.8522279097204,-10.014020438073638,363.022351,-16.5913046
30.0,2.171460207989,110.0,281.81226829235567,-5.746434148452284,318.7899473782613,-9.845735807460915,366.479579,-16.4852026
30.0,2.171460207989,120.0,285.60623612373865,-5.649843871908716,322.7445940646026,-9.997418639418242,370.626253,-16.5559204
30.0,2.171460207989,130.0,292.0928549751925,-5.911411695613938,329.2987864115183,-10.547866198683227,375.799865,-16.870739
30.0,2.171460207989,140.0,301.2030950194694,-6.546980716970003,339.0006290219277,-11.582072411429868,382.364052,-17.5019248
30.0,2.171460207989,150.0,312.7349531899392,-7.5718486771114035,351.6675101049682,-13.11275450770366,390.598383,-18.5162316
30.0,2.171460207989,160.0,326.39725857426276,-9.002461498424545,366.6197202834505,-15.108026969140669,400.524094,-19.9538493
30.0,2.171460207989,170.0,342.39891847908456,-10.877476949327422,382.5290612306821,-17.430181552743772,411.706051,-21.801697
30.0,2.171460207989,180.0,359.6076827434012,-13.14935548682574,397.8184819316624,-19.92520762211724,423.161657,-23.9736809
30.0,2.171460207989,190.0,377.0395692891605,-15.752077272469164,411.1374162097465,-22.396350700055887,433.549158,-26.3013933
30.0,2.171460207989,200.0,394.0794926444167,-18.624679469162118,421.41147536967816,-24.628662711598363,442.180151,-28.6039613
30.0,2.171460207989,210.0,408.835641067987,-21.57890782446623,428.2843670050362,-26.602172970335904,448.874602,-30.723774
30.0,2.171460207989,220.0,421.541627939864,-24.564536723526455,432.1148649381452,-28.18977192750131,453.437195,-32.5522762
30.0,2.171460207989,230.0,430.5375678863433,-27.374913023866576,433.3312599586919,-29.39439189899787,455.678156,-34.028969
30.0,2.171460207989,240.0,437.5951853878671,-30.006393670289675,432.38271433233086,-30.245730403680643,455.684086,-35.1417559
30.0,2.171460207989,250.0,442.78886023290755,-32.36850718405354,429.6517529900268,-30.821266366635594,453.691031,-35.90301
30.0,2.171460207989,260.0,445.4498485248789,-34.31861173929284,425.55890272794335,-31.153368038036007,449.994049,-36.3324783
30.0,2.171460207989,270.0,446.16281797466854,-35.82505024950162,420.45353281723374,-31.26117631654505,444.903311,-36.4486674
30.0,2.171460207989,280.0,444.02324122560776,-36.743163721270804,414.6588426322165,-31.16232983125146,438.697036,-36.263181
30.0,2.171460207989,290.0,439.27596922610024,-37.04690899554624,408.31368680244736,-30.839268351774205,431.59621,-35.7795525
30.0,2.171460207989,300.0,432.2381330620926,-36.74225354031432,401.5408582423839,-30.277854268766514,423.748734,-34.9926355
30.0,2.171460207989,310.0,423.2726927724035,-35.86456929854986,394.293681956978,-29.43771811253968,415.271458,-33.9014636
30.0,2.171460207989,320.0,412.80168482667784,-34.48251845559507,386.57142874017,-28.302972813757208,406.272719,-32.5155979
30.0,2.171460207989,330.0,401.14272649868644,-32.65994105611416,378.3069827755171,-26.85894824100445,396.956863,-30.8758671
30.0,2.171460207989,340.0,388.6436497816004,-30.483965828949884,369.5690556993174,-25.144718351284435,387.668209,-29.0566044
30.0,2.171460207989,350.0,376.0679311786816,-28.084620302257523,360.7061419437052,-23.200028091276764,378.929429,-27.1714346
30.0,2.201865408009,0.0,322.0896298314805,-24.179466040904412,307.5978143151904,-19.311188706351658,343.727823,-27.3460018
30.0,2.201865408009,10.0,311.9914179276047,-21.884213829964647,300.61543996405777,-17.551425922846455,336.564666,-25.4873467
30.0,2.201865408009,20.0,302.6534869135875,-19.626338978504837,293.9835644630587,-15.941192840445636,331.138339,-23.8779528
30.0,2.201865408009,30.0,294.49715003110146,-17.47900043798126,288.33197741400835,-14.51513097073444,327.574915,-22.5457558
30.0,2.201865408009,40.0,286.21161482657897,-15.402745276080566,283.75526549876395,-13.277762473392157,325.787314,-21.4798985
30.0,2.201865408009,50.0,278.3969118560579,-13.477433853948773,280.2209707108719,-12.235512747508896,325.514645,-20.645816
30.0,2.201865408009,60.0,270.8375162123565,-11.705615943750386,277.7255479033051,-11.350640156545175,326.40208,-19.9989077
30.0,2.201865408009,70.0,264.5736217290511,-10.182366370618833,276.0239860998521,-10.592050224075615,328.132111,-19.498013
30.0,2.201865408009,80.0,259.7575412158727,-8.920634951948156,275.0052422679467,-9.95787566181137,330.447554,-19.1130582
30.0,2.201865408009,90.0,256.7926247427556,-7.950614526937044,275.23523111903114,-9.530071380148335,333.171027,-18.8293636
30.0,2.201865408009,100.0,255.90879580237416,-7.284657325574487,275.7619478837423,-9.18478203841206,336.252394,-18.6542303
30.0,2.201865408009,110.0,257.50024305443696,-6.950944107498071,277.58549970877795,-9.065167317710603,339.753213,-18.6145262
30.0,2.201865408009,120.0,261.4158716480257,-6.941218088167063,281.2883290115424,-9.245344280935315,343.888833,-18.7645708
30.0,2.201865408009,130.0,267.5395741993455,-7.2568741873539,287.3962020052523,-9.79872900143053,348.953179,-19.1733835
30.0,2.201865408009,140.0,275.90546992393405,-7.917409796775838,296.38767949541216,-10.803718568821589,355.231102,-19.9150173
30.0,2.201865408009,150.0,286.4786491490638,-8.943649711907181,307.98104695027246,-12.26163345631582,362.799565,-21.0434033
30.0,2.201865408009,160.0,298.8139093931594,-10.33262124416289,321.47921429179013,-14.123554105837911,371.448785,-22.5774418
30.0,2.201865408009,170.0,312.4569053504393,-12.075570502860923,335.5922261912924,-16.25249534387832,380.825572,-24.4839282
30.0,2.201865408009,180.0,326.7104227415606,-14.13304292279921,348.7682711289702,-18.50893292144504,390.693399,-26.6925702
30.0,2.201865408009,190.0,341.109322092472,-16.471801830084573,360.1225679910251,-20.668802222892698,400.696869,-29.0892504
30.0,2.201865408009,200.0,354.0379410809967,-18.944140350105197,368.3402865714096,-22.6335845866859,409.969045,-31.4946754
30.0,2.201865408009,210.0,365.58464211862724,-21.515705288954816,373.7280944524121,-24.25305486975115,417.526768,-33.7087701
30.0,2.201865408009,220.0,374.50092703655645,-24.031771470153267,376.5028432481293,-25.502422703992654,422.659281,-35.5846469
30.0,2.201865408009,230.0,382.17840405022093,-26.492841291058962,377.1155835364563,-26.41307587514453,425.176197,-37.0597912
30.0,2.201865408009,240.0,388.34786102524066,-28.79932332660736,375.8419436307765,-27.052541390198314,425.224041,-38.1270386
30.0,2.201865408009,250.0,392.87629635932745,-30.861821915344027,373.1302571275651,-27.468737285239936,423.167447,-38.817069
30.0,2.201865408009,260.0,395.4967147511253,-32.58200042174875,369.33054382207234,-27.68943586586889,419.420551,-39.1649902
30.0,2.201865408009,270.0,395.6309613774482,-33.83779517204792,364.7683083641127,-27.7384863836787,414.399462,-39.2049044
30.0,2.201865408009,280.0,393.27553393088573,-34.56109643424989,359.76688187828614,-27.625932440129663,408.451455,-38.9571843
30.0,2.201865408009,290.0,388.7734575980952,-34.748605245475694,354.3880887693481,-27.346030574579032,401.843708,-38.430593
30.0,2.201865408009,300.0,382.40339664182534,-34.408828798364375,348.71506363075264,-26.89212027433852,394.725294,-37.6180838
30.0,2.201865408009,310.0,374.4719193637965,-33.573679894954545,342.6939357419472,-26.22807328063988,387.132826,-36.5053613
30.0,2.201865408009,320.0,365.2992024946533,-32.295154906787666,336.35843105698405,-25.31486227785699,379.020494,-35.0837492
30.0,2.201865408009,330.0,355.20119275327636,-30.640258751421015,329.604403650051,-24.13127357526584,370.349635,-33.3682369
30.0,2.201865408009,340.0,344.37942091116366,-28.673521793802305,322.38685074540416,-22.693485234772663,361.242517,-31.4197373
30.0,2.201865408009,350.0,333.1540471148231,-26.483143980971686,314.8704410824954,-21.06818985560953,352.136897,-29.3587241
30.0,2.224874125444,0.0,238.85975234108565,-19.6694368824608,233.99334421201195,-17.266850382837323,268.474472,-25.4259928
30.0,2.224874125444,10.0,231.55975737208098,-18.009067500206367,228.88674371574223,-15.928371016667924,262.463544,-23.6786878
30.0,2.224874125444,20.0,225.14820739343918,-16.4082824578876,224.08463892550049,-14.594736077269031,257.283138,-22.132614
30.0,2.224874125444,30.0,219.47366336158834,-14.882292573585083,220.0601954912497,-13.356395374112267,253.403604,-20.8484334
30.0,2.224874125444,40.0,214.92085620249486,-13.48313380234629,216.76445203843343,-12.273772856765763,250.930172,-19.8244316
30.0,2.224874125444,50.0,211.19457841199085,-12.20938094818928,214.12856127629823,-11.380087471300063,249.789275,-19.0345878
30.0,2.224874125444,60.0,207.49912128251427,-11.036701980084137,212.29449570698168,-10.627415606922002,249.797391,-18.4411465
30.0,2.224874125444,70.0,204.69840855495795,-10.03388001397797,211.0274446588452,-9.987383430406572,250.711424,-18.0042619
30.0,2.224874125444,80.0,202.61786912766485,-9.195609793394366,210.2450007679311,-9.467706235300843,252.299365,-17.6912939
30.0,2.224874125444,90.0,201.63933432717081,-8.557092407202333,210.4567260159465,-9.128737882596347,254.386251,-17.4846417
30.0,2.224874125444,100.0,201.9920035413007,-8.136705274177674,210.93397658576305,-8.86427940098798,256.875258,-17.3852574
30.0,2.224874125444,110.0,203.7422980801171,-7.942362899192091,212.44611941715152,-8.7971956258975,259.75764,-17.413011
30.0,2.224874125444,120.0,206.9461033420147,-7.985597830425299,215.4601675456808,-8.99451409518574,263.143718,-17.6119487
30.0,2.224874125444,130.0,211.58179337098036,-8.27350621342604,220.35114846433075,-9.515597855756338,267.241989,-18.0429499
30.0,2.224874125444,140.0,217.56500965982778,-8.81158170025764,227.493719346454,-10.430223591704468,272.323889,-18.7750881
30.0,2.224874125444,150.0,224.74367536261022,-9.602062738564111,236.5121643439595,-11.732243090162584,278.65199,-19.8712458
30.0,2.224874125444,160.0,232.89834757341012,-10.64157807061908,246.7343368040251,-13.372561003407007,286.396795,-21.3740351
30.0,2.224874125444,170.0,241.53497710154394,-11.902148102328132,257.1288319908079,-15.22982213376214,295.43945,-23.2687185
30.0,2.224874125444,180.0,250.09837702278105,-13.340736374500613,266.5399817959513,-17.16404539058023,305.149222,-25.4511459
30.0,2.224874125444,190.0,258.5317722227896,-14.943831503302773,274.4873539089148,-18.933639052545107,314.498542,-27.7474231
30.0,2.224874125444,200.0,265.60543580872064,-16.60761804109754,280.26716874399773,-20.379466259051068,322.268536,-29.9353374
30.0,2.224874125444,210.0,272.01073735695263,-18.32911866881968,283.8136087867342,-21.513193125077507,327.507337,-31.8134644
30.0,2.224874125444,220.0,278.07771275386,-20.08992489938235,285.4741415841437,-22.327293877125737,330.194156,-33.3099083
30.0,2.224874125444,230.0,283.0428528021396,-21.784440138298258,285.5012291080678,-22.898282546937367,330.817399,-34.4426771
30.0,2.224874125444,240.0,287.3609295622919,-23.39923279329218,284.15189773753315,-23.261376910437253,329.78552,-35.2397601
30.0,2.224874125444,250.0,290.07023900101444,-24.796147951191966,281.80840609087016,-23.4668558287724,327.364437,-35.7173
30.0,2.224874125444,260.0,291.0176475945151,-25.90079535536814,278.7254039956584,-23.537509744022543,323.852157,-35.9066655
30.0,2.224874125444,270.0,290.35003723777277,-26.680830365552957,275.1433805251717,-23.49348421876047,319.550316,-35.8429023
30.0,2.224874125444,280.0,288.1742703714033,-27.109080207724237,271.2989473642716,-23.35872958557341,314.729407,-35.5554413
30.0,2.224874125444,290.0,284.50830039723587,-27.16022150430937,267.25578938033533,-23.117040028452067,309.602512,-35.0621625
30.0,2.224874125444,300.0,279.6583686708922,-26.854533801334025,263.1073680841337,-22.762685270616533,304.293905,-34.3611131
30.0,2.224874125444,310.0,274.0815612897143,-26.243559655957338,258.8129980185365,-22.26560125484274,298.827258,-33.4314186
30.0,2.224874125444,320.0,267.8909592049794,-25.35001066744077,254.34416923292807,-21.608413868342726,293.13269,-32.2394238
30.0,2.224874125444,330.0,260.9610702261039,-24.17922974226949,249.6078523420581,-20.766401414359844,287.132059,-30.7688365
30.0,2.224874125444,340.0,253.7056751637991,-22.80741157322171,244.53664963356687,-19.733743866779,280.890379,-29.0648453
30.0,2.224874125444,350.0,246.31285086633739,-21.28953823517815,239.2223920647062,-18.552761883867703,274.649008,-27.247352
30.0,2.240311250063,0.0,141.23110574012767,-12.696855036852032,176.72416439101025,-22.45054876742305,171.452071,-20.7094627
30.0,2.240311250063,10.0,137.67711428140126,-11.8207770933898,175.2543045303493,-21.12384538052436,169.93552,-19.8284355
30.0,2.240311250063,20.0,134.2973598979424,-10.943993780297802,172.70693470914208,-19.81827808696227,168.295945,-18.9401161
30.0,2.240311250063,30.0,131.2187900073815,-10.098259199044524,170.2093461105994,-18.585422299229485,166.938159,-18.111776
30.0,2.240311250063,40.0,128.87826198328005,-9.335148938186528,168.01202417679892,-17.4612869653019,166.133676,-17.4144544
30.0,2.240311250063,50.0,127.02730068480287,-8.644282640274541,166.22820169083408,-16.495581281463416,165.975794,-16.8746224
30.0,2.240311250063,60.0,125.86380052624416,-8.049846319184704,165.0499984375035,-15.69609105044799,166.360543,-16.4699462
30.0,2.240311250063,70.0,125.28196052375533,-7.551726867845286,164.082010009399,-15.040209283045607,167.145908,-16.1698479
30.0,2.240311250063,80.0,125.19521018026846,-7.1517548995966775,163.5848740615013,-14.518618082830429,168.222361,-15.9532916
30.0,2.240311250063,90.0,125.42385896746455,-6.847129304722302,163.84770555774665,-14.201999194558978,169.533918,-15.8132905
30.0,2.240311250063,100.0,126.26603082407031,-6.658469043685124,164.35194330118426,-13.976783681131332,171.091881,-15.7590269
30.0,2.240311250063,110.0,127.74731697382023,-6.594002592772104,165.6806575173841,-13.982150002411524,172.966573,-15.815145
30.0,2.240311250063,120.0,129.85913147422028,-6.657997244953158,168.22674894435562,-14.302624055407676,175.299063,-16.0242809
30.0,2.240311250063,130.0,132.56698100016618,-6.852903963648062,172.23925359619068,-15.001949465699736,178.270478,-16.4410321
30.0,2.240311250063,140.0,135.8097607592375,-7.179252752992128,178.01097724895916,-16.16504421240849,182.011538,-17.1163542
30.0,2.240311250063,150.0,139.49882679508892,-7.63492190927167,185.1979276675339,-17.764948480773686,186.46099,-18.0732862
30.0,2.240311250063,160.0,143.51928543392617,-8.214238689520139,192.92762225712613,-19.740427298134097,191.370228,-19.2979257
30.0,2.240311250063,170.0,147.38652563687884,-8.886070035044169,200.5701668865157,-21.90256849329885,196.476325,-20.746234
30.0,2.240311250063,180.0,151.20504991376075,-9.648126338905433,207.0544022778131,-23.982184086567155,201.353765,-22.2976943
30.0,2.240311250063,190.0,154.9246326961777,-10.486109494354043,211.46017808146925,-25.79232863362766,205.148851,-23.7050706
30.0,2.240311250063,200.0,158.62157140402752,-11.39193375499194,213.14061404735344,-27.23910697466984,207.197764,-24.8060168
30.0,2.240311250063,210.0,161.88288423911777,-12.316097922819875,212.63498859870532,-28.284009053109965,207.334891,-25.5680802
30.0,2.240311250063,220.0,165.05124910734307,-13.266296619549625,211.06569720996765,-28.94929441418768,205.984464,-26.0289693
30.0,2.240311250063,230.0,167.55685508286388,-14.169241566399135,208.7528925702412,-29.331465915619805,203.632113,-26.2473002
30.0,2.240311250063,240.0,169.2343154944677,-14.979000161896217,205.8834202772917,-29.484742426637823,200.634467,-26.2793241
30.0,2.240311250063,250.0,170.076739085072,-15.666780953966274,202.6324122466965,-29.480675454155897,197.254641,-26.1723856
30.0,2.240311250063,260.0,170.04762599195826,-16.201359578139847,199.17829656343312,-29.32128424999964,193.69496,-25.9627154
30.0,2.240311250063,270.0,168.84787216676352,-16.52217158334811,195.65441046012288,-29.06340970362547,190.115398,-25.6758732
30.0,2.240311250063,280.0,167.02203032901414,-16.671931107813645,192.2069592732971,-28.736473421975603,186.650654,-25.3289204
30.0,2.240311250063,290.0,164.66324355645452,-16.649788397612845,188.94729648073607,-28.336770586482285,183.421036,-24.9335317
30.0,2.240311250063,300.0,161.87168471979703,-16.460476308931323,185.97749070395733,-27.863491437206847,180.530147,-24.4946078
30.0,2.240311250063,310.0,158.7551712218323,-16.115524036749754,183.3677014301185,-27.300701659632555,178.059406,-24.0118083
30.0,2.240311250063,320.0,155.42327407900257,-15.632109864954238,181.1709685050816,-26.635952683333056,176.067712,-23.4817381
30.0,2.240311250063,330.0,151.98238426951124,-15.031690386301236,179.4344254773764,-25.82820593073717,174.573973,-22.8993359
30.0,2.240311250063,340.0,148.5320294157008,-14.338560377338014,178.16399119294184,-24.84258063309144,173.486048,-22.2515785
30.0,2.240311250063,350.0,144.95261772146256,-13.554359310928714,177.35401333022946,-23.709577001836404,172.560004,-21.5220643
30.0,2.248059296027,0.0,46.99175219503238,-4.705360962977161,57.58524520065791,-9.21080537589583,54.6345616,-7.11253698
30.0,2.248059296027,10.0,46.26553612667609,-4.486153737625267,57.4043066491408,-8.97941755941369,54.7105838,-6.90610571
30.0,2.248059296027,20.0,45.58040234519892,-4.261585123273824,57.45025101523541,-8.814411868803264,54.7684923,-6.70178963
30.0,2.248059296027,30.0,44.914863339129525,-4.034333296081535,57.74381754177487,-8.64617306687102,54.7760497,-6.50658368
30.0,2.248059296027,40.0,44.373373758661884,-3.8209076398773205,58.26543721185087,-8.460209847966633,54.7863066,-6.32979751
30.0,2.248059296027,50.0,43.95160393154663,-3.6244138200664513,58.92743210057057,-8.298767233125163,54.8798143,-6.17871522
30.0,2.248059296027,60.0,43.67527513093657,-3.4513528635684936,59.68982573040915,-8.174476381654932,55.0901603,-6.0559669
30.0,2.248059296027,70.0,43.568981250549044,-3.306984283055262,60.52357771416276,-8.088463160237216,55.4186819,-5.96308507
30.0,2.248059296027,80.0,43.70200538150307,-3.1995246155682846,61.350568359488086,-8.022359144809922,55.8494575,-5.8987666
30.0,2.248059296027,90.0,43.992443045090205,-3.1242241404556013,62.19558329328422,-8.008315839919181,56.3653186,-5.86230736
30.0,2.248059296027,100.0,44.43869326097822,-3.083095438325815,62.99510091281992,-8.01679355237822,56.9579245,-5.85623565
30.0,2.248059296027,110.0,45.03488983248028,-3.077576071499908,63.73921671608209,-8.081883592098277,57.6336683,-5.88739439
30.0,2.248059296027,120.0,45.77016422796584,-3.1084896944121136,64.5246210063902,-8.241377056804266,58.4235483,-5.96936927
30.0,2.248059296027,130.0,46.62868771496359,-3.1760969970365682,65.28394968429275,-8.498584182164874,59.3736533,-6.12014894
30.0,2.248059296027,140.0,47.58759339295672,-3.279585561169103,66.06747021830417,-8.872385136368878,60.5270365,-6.35788628
30.0,2.248059296027,150.0,48.61901880239514,-3.417332539011457,66.80531104383226,-9.32775370449828,61.8936751,-6.69280649
30.0,2.248059296027,160.0,49.69020683757777,-3.5866427757420642,67.52871789500533,-9.847454334090626,63.3914797,-7.1101077
30.0,2.248059296027,170.0,50.76461393079339,-3.7836253596812752,68.2106814838646,-10.339389515453966,64.8002683,-7.55582353
30.0,2.248059296027,180.0,51.839637041018484,-4.006239081154001,68.89326584173976,-10.699053251537308,65.8158146,-7.9693402
30.0,2.248059296027,190.0,52.917632603816266,-4.252098270159473,69.418201840646,-10.99015146411848,66.2398133,-8.3075873
30.0,2.248059296027,200.0,53.89117788094472,-4.508040346718111,69.66271645799507,-11.262283774501272,66.160386,-8.55702517
30.0,2.248059296027,210.0,54.71374938750314,-4.764331765204671,69.56417325994012,-11.467168457250432,65.7323088,-8.72477084
30.0,2.248059296027,220.0,55.34934225792861,-5.011169288441841,69.02623954109528,-11.582085847691513,65.0750948,-8.82534057
30.0,2.248059296027,230.0,55.78711812174172,-5.240965160325304,68.2526814085615,-11.61687059499075,64.2435302,-8.86871346
30.0,2.248059296027,240.0,55.892068952855844,-5.4306970941269075,67.29890825332568,-11.590747340704942,63.2748097,-8.86356596
30.0,2.248059296027,250.0,55.74174604089258,-5.5815499446512105,66.24252757411791,-11.519725961344562,62.2108846,-8.81900673
30.0,2.248059296027,260.0,55.401132035767574,-5.694350555386816,65.22098869282891,-11.42489495525851,61.0955349,-8.74329166
30.0,2.248059296027,270.0,54.85889780909696,-5.760369329818422,64.14706126000972,-11.299646874222171,59.9728153,-8.64347695
30.0,2.248059296027,280.0,54.14484940935917,-5.778610934072733,63.06624491501895,-11.15086739499786,58.8847149,-8.52506177
30.0,2.248059296027,290.0,53.322914840160266,-5.755256610047575,62.01211887778086,-10.980520775346198,57.869195,-8.39192696
30.0,2.248059296027,300.0,52.42379276620438,-5.692032864056729,61.01166581756737,-10.788872152480096,56.9587712,-8.24582689
30.0,2.248059296027,310.0,51.479163912079905,-5.592139971954359,60.08013369880519,-10.572627262722044,56.1787901,-8.08670117
30.0,2.248059296027,320.0,50.520213821655844,-5.459980020457557,59.22644429307922,-10.328508434962105,55.5470924,-7.913439
30.0,2.248059296027,330.0,49.57639817621171,-5.300845854445634,58.60606738275568,-10.06997777750937,55.0747467,-7.72569593
30.0,2.248059296027,340.0,48.67452028516641,-5.120605786310551,58.196150748619,-9.792635684054972,54.7677509,-7.52550088
30.0,2.248059296027,350.0,47.81060012651944,-4.9206985058653006,57.8996598942827,-9.49877034338942,54.6268043,-7.31846347
